IsWon,Opportunity Type,Lead Source,Amount,Industry
FALSE,New Business / Add-on,Web,17910,Banking
FALSE,New Business,Web,34170,Apparel
TRUE,New Business / Add-on,Web,32310,Apparel
FALSE,New Business,Web,25380,Technology
TRUE,New Business / Add-on,Partner Referral,42420,Banking
TRUE,New Business / Add-on,Partner Referral,59790,Banking
FALSE,New Business / Add-on,Partner Referral,53460,Energy
FALSE,New Business / Add-on,Web,17850,Apparel
TRUE,New Business / Add-on,Partner Referral,62880,Banking
FALSE,New Business,Web,33690,Technology
FALSE,New Business / Add-on,Web,29970,Apparel
FALSE,Existing Business,Phone Inquiry,11370,Energy
FALSE,New Business,Partner Referral,60210,Energy
TRUE,New Business / Add-on,Partner Referral,62220,Technology
FALSE,New Business / Add-on,Partner Referral,63300,Banking
FALSE,Existing Business,Partner Referral,67950,Energy
FALSE,New Business,Phone Inquiry,12390,Media
FALSE,Existing Business,Partner Referral,64020,Technology
TRUE,New Business / Add-on,Web,33120,Energy
FALSE,New Business / Add-on,Partner Referral,54030,Banking
TRUE,New Business / Add-on,Web,23790,Banking
FALSE,New Business,Phone Inquiry,11880,Technology
TRUE,New Business / Add-on,Phone Inquiry,12090,Banking
FALSE,Existing Business,Web,35940,Energy
FALSE,New Business / Add-on,Web,35760,Energy
FALSE,New Business / Add-on,Web,33180,Technology
TRUE,New Business / Add-on,Partner Referral,59610,Banking
TRUE,New Business / Add-on,Web,18120,Banking
FALSE,Existing Business,Web,54150,Energy
TRUE,New Business / Add-on,Web,38820,Media
FALSE,Existing Business,Partner Referral,57810,Energy
FALSE,New Business / Add-on,Partner Referral,57300,Energy
FALSE,New Business,Web,39690,Media
FALSE,New Business / Add-on,Phone Inquiry,12120,Technology
FALSE,New Business / Add-on,Web,27150,Technology
FALSE,Existing Business,Partner Referral,59940,Technology
TRUE,New Business / Add-on,Partner Referral,41820,Banking
FALSE,New Business / Add-on,Partner Referral,44880,Energy
TRUE,New Business / Add-on,Partner Referral,63810,Banking
TRUE,New Business / Add-on,Partner Referral,58710,Technology
FALSE,New Business,Web,29730,Healthcare
FALSE,Existing Business,Web,41520,Energy
FALSE,New Business,Phone Inquiry,12450,Healthcare
FALSE,Existing Business,Web,47910,Energy
FALSE,New Business / Add-on,Web,45720,Banking
FALSE,New Business / Add-on,Partner Referral,50700,Banking
FALSE,New Business / Add-on,Web,29550,Healthcare
TRUE,New Business / Add-on,Partner Referral,48390,Banking
FALSE,Existing Business,Web,47850,Energy
FALSE,Existing Business,Web,38490,Energy
FALSE,New Business / Add-on,Partner,54150,Banking
TRUE,New Business / Add-on,Partner,59460,Energy
FALSE,New Business / Add-on,Web,41700,Energy
TRUE,New Business / Add-on,Partner Referral,48390,Energy
FALSE,New Business,Web,44910,Energy
TRUE,New Business / Add-on,Partner,57270,Banking
FALSE,New Business,Partner,59790,Energy
FALSE,New Business,Partner Referral,65070,Banking
FALSE,Existing Business,Phone Inquiry,14970,Energy
FALSE,Existing Business,Partner Referral,64500,Energy
FALSE,New Business / Add-on,Partner Referral,60300,Banking
FALSE,New Business / Add-on,Partner Referral,53940,Technology
FALSE,Existing Business,Web,25260,Technology
FALSE,New Business,Web,32640,Energy
TRUE,New Business / Add-on,Partner Referral,56640,Banking
FALSE,New Business / Add-on,Web,45180,Banking
FALSE,New Business,Partner Referral,47340,Banking
FALSE,Existing Business,Web,47520,Healthcare
FALSE,Existing Business,Phone Inquiry,12090,Technology
FALSE,New Business / Add-on,Partner Referral,47910,Healthcare
FALSE,New Business / Add-on,Web,29430,Healthcare
FALSE,New Business,Phone Inquiry,12240,Banking
FALSE,Existing Business,Partner Referral,66960,Technology
FALSE,Existing Business,Phone Inquiry,14550,Technology
FALSE,New Business / Add-on,Web,38700,Technology
FALSE,New Business,Partner Referral,66300,Banking
FALSE,New Business,Web,33390,Energy
FALSE,New Business / Add-on,Web,32790,Healthcare
FALSE,New Business / Add-on,Web,44850,Banking
FALSE,New Business,Phone Inquiry,15540,Energy
TRUE,New Business / Add-on,Partner Referral,47610,Banking
FALSE,New Business / Add-on,Web,30330,Banking
TRUE,New Business / Add-on,Partner Referral,45090,Technology
FALSE,New Business / Add-on,Partner Referral,62280,Technology
FALSE,Existing Business,Phone Inquiry,12090,Technology
FALSE,New Business / Add-on,Partner Referral,59580,Energy
FALSE,New Business,Web,37290,Technology
FALSE,Existing Business,Phone Inquiry,12390,Technology
FALSE,Existing Business,Phone Inquiry,11970,Utilities
FALSE,New Business / Add-on,Web,20250,Utilities
FALSE,New Business / Add-on,Partner Referral,49230,Technology
FALSE,New Business / Add-on,Partner Referral,44820,Banking
FALSE,Existing Business,Web,50400,Healthcare
FALSE,New Business / Add-on,Partner Referral,66630,Energy
FALSE,Existing Business,Partner Referral,60540,Technology
TRUE,New Business / Add-on,Partner Referral,47370,Banking
FALSE,New Business,Web,40110,Energy
TRUE,New Business / Add-on,Phone Inquiry,12630,Utilities
FALSE,Existing Business,Phone Inquiry,12600,Technology
TRUE,New Business / Add-on,Partner Referral,59100,Banking
FALSE,New Business / Add-on,Phone Inquiry,12120,Utilities
FALSE,New Business / Add-on,Phone Inquiry,11670,Banking
FALSE,New Business,Partner Referral,57000,Technology
FALSE,New Business,Web,27330,Technology
TRUE,Existing Business,Partner Referral,66000,Technology
FALSE,New Business / Add-on,Web,14580,Healthcare
FALSE,New Business,Partner Referral,62490,Banking
FALSE,New Business,Web,18090,Healthcare
FALSE,New Business,Advertisement,56610,Healthcare
FALSE,Existing Business,Phone Inquiry,11640,Energy
TRUE,New Business / Add-on,Partner Referral,58050,Banking
FALSE,New Business,Web,34770,Energy
FALSE,New Business / Add-on,Advertisement,54990,Banking
TRUE,New Business / Add-on,Advertisement,45900,Banking
FALSE,Existing Business,Web,32760,Banking
FALSE,New Business / Add-on,Partner Referral,53910,Banking
FALSE,Existing Business,Web,18630,Technology
TRUE,New Business / Add-on,Advertisement,60150,Banking
FALSE,Existing Business,Phone Inquiry,12390,Healthcare
FALSE,New Business / Add-on,Advertisement,51120,Energy
FALSE,New Business,Advertisement,59880,Energy
FALSE,New Business / Add-on,Phone Inquiry,12420,Healthcare
TRUE,New Business / Add-on,Partner Referral,44640,Banking
FALSE,New Business / Add-on,Web,30420,Healthcare
FALSE,New Business / Add-on,Phone Inquiry,12510,Healthcare
FALSE,Existing Business,Partner Referral,53370,Banking
TRUE,New Business / Add-on,Partner Referral,46830,Banking
FALSE,Existing Business,Phone Inquiry,14130,Technology
FALSE,New Business / Add-on,Phone Inquiry,11850,Healthcare
FALSE,New Business,Web,33870,Banking
FALSE,New Business / Add-on,Partner Referral,51570,Banking
TRUE,New Business / Add-on,Web,35160,Energy
FALSE,Existing Business,Web,30330,Technology
TRUE,New Business / Add-on,Web,21270,Banking
TRUE,New Business / Add-on,Web,26610,Banking
FALSE,Existing Business,Phone Inquiry,15420,Energy
FALSE,New Business / Add-on,Partner Referral,45000,Technology
FALSE,Existing Business,Phone Inquiry,12120,Healthcare
FALSE,Existing Business,Phone Inquiry,11760,Healthcare
TRUE,New Business / Add-on,Partner Referral,42270,Healthcare
FALSE,Existing Business,Web,52830,Energy
TRUE,New Business / Add-on,Web,42690,Banking
FALSE,Existing Business,Partner Referral,60630,Technology
FALSE,New Business,Partner Referral,50580,Energy
FALSE,Existing Business,Phone Inquiry,14370,Technology
FALSE,Existing Business,Partner Referral,59430,Energy
FALSE,New Business,Phone Inquiry,11760,Healthcare
TRUE,New Business / Add-on,Web,27390,Banking
FALSE,New Business,Web,38700,Energy
FALSE,New Business / Add-on,Web,41700,Healthcare
FALSE,New Business / Add-on,Web,41130,Banking
TRUE,New Business / Add-on,Partner Referral,57000,Healthcare
FALSE,New Business,Partner Referral,64890,Energy
FALSE,Existing Business,Web,51660,Banking
FALSE,New Business / Add-on,Phone Inquiry,11820,Healthcare
FALSE,New Business / Add-on,Partner Referral,48540,Technology
FALSE,New Business / Add-on,Partner Referral,50490,Technology
FALSE,New Business,Phone Inquiry,12090,Healthcare
FALSE,Existing Business,Web,38550,Healthcare
FALSE,Existing Business,Phone Inquiry,15420,Technology
FALSE,New Business / Add-on,Web,33600,Banking
TRUE,New Business / Add-on,Partner Referral,49440,Banking
FALSE,New Business / Add-on,Partner Referral,41820,Banking
FALSE,Existing Business,Web,44340,Technology
FALSE,New Business,Phone Inquiry,12360,Healthcare
FALSE,Existing Business,Phone Inquiry,11940,Healthcare
TRUE,New Business / Add-on,Partner Referral,42540,Technology
FALSE,Existing Business,Web,53430,Technology
TRUE,New Business / Add-on,Web,27180,Banking
FALSE,New Business / Add-on,Phone Inquiry,12240,Banking
FALSE,New Business,Partner Referral,50550,Technology
TRUE,New Business / Add-on,Partner Referral,62640,Banking
FALSE,Existing Business,Web,49170,Healthcare
TRUE,New Business,Partner Referral,56910,Technology
FALSE,New Business,Phone Inquiry,12330,Technology
FALSE,New Business / Add-on,Phone Inquiry,14820,Banking
TRUE,New Business / Add-on,Partner Referral,44670,Healthcare
TRUE,New Business / Add-on,Partner Referral,45870,Technology
FALSE,New Business / Add-on,Partner Referral,63210,Technology
FALSE,New Business,Phone Inquiry,12330,Energy
TRUE,New Business / Add-on,Web,17970,Technology
FALSE,New Business / Add-on,Web,27180,Healthcare
TRUE,New Business / Add-on,Partner Referral,50700,Technology
FALSE,New Business,Web,44850,Energy
TRUE,New Business / Add-on,Partner Referral,47550,Banking
TRUE,New Business / Add-on,Web,14880,Banking
FALSE,New Business / Add-on,Web,31080,Healthcare
FALSE,New Business / Add-on,Web,18240,Banking
FALSE,New Business,Phone Inquiry,11790,Banking
FALSE,New Business / Add-on,Web,33960,Energy
FALSE,New Business,Web,43140,Energy
TRUE,New Business / Add-on,Partner Referral,54600,Banking
FALSE,Existing Business,Phone Inquiry,11850,Technology
FALSE,Existing Business,Partner Referral,65820,Energy
FALSE,Existing Business,Phone Inquiry,11580,Energy
FALSE,New Business / Add-on,Partner Referral,57930,Banking
FALSE,Existing Business,Phone Inquiry,14460,Technology
FALSE,New Business / Add-on,Partner Referral,66810,Banking
FALSE,Existing Business,Partner Referral,67350,Technology
FALSE,New Business / Add-on,Phone Inquiry,12450,Healthcare
FALSE,New Business,Partner Referral,61140,Energy
FALSE,New Business / Add-on,Partner Referral,48030,Energy
FALSE,Existing Business,Partner Referral,63330,Banking
FALSE,New Business / Add-on,Partner Referral,46980,Energy
FALSE,New Business / Add-on,Partner Referral,41310,Energy
FALSE,New Business,Partner Referral,47970,Technology
FALSE,Existing Business,Web,33270,Energy
TRUE,New Business / Add-on,Partner Referral,47940,Banking
TRUE,New Business / Add-on,Partner Referral,63960,Banking
FALSE,New Business,Partner Referral,61470,Energy
TRUE,New Business / Add-on,Web,27600,Energy
FALSE,New Business / Add-on,Web,15150,Banking
FALSE,Existing Business,Phone Inquiry,11850,Healthcare
FALSE,New Business,Phone Inquiry,12000,Banking
FALSE,New Business / Add-on,Partner Referral,52080,Banking
FALSE,New Business / Add-on,Web,35250,Technology
FALSE,Existing Business,Web,27150,Energy
FALSE,Existing Business,Web,33960,Technology
FALSE,Existing Business,Web,50520,Technology
FALSE,New Business / Add-on,Partner Referral,48000,Technology
TRUE,New Business / Add-on,Partner Referral,42090,Banking
FALSE,Existing Business,Phone Inquiry,14850,Technology
FALSE,New Business,Phone Inquiry,12120,Banking
TRUE,New Business / Add-on,Web,30030,Healthcare
FALSE,New Business,Phone Inquiry,11610,Technology
FALSE,New Business,Web,30360,Healthcare
FALSE,New Business,Web,48690,Healthcare
TRUE,New Business / Add-on,Web,33120,Healthcare
FALSE,New Business / Add-on,Partner Referral,53940,Energy
FALSE,Existing Business,Web,51180,Energy
FALSE,Existing Business,Partner Referral,64800,Energy
FALSE,New Business / Add-on,Partner Referral,56100,Energy
TRUE,New Business / Add-on,Partner Referral,50760,Healthcare
FALSE,Existing Business,Phone Inquiry,12150,Energy
FALSE,New Business / Add-on,Phone Inquiry,15090,Banking
TRUE,New Business / Add-on,Web,32640,Healthcare
FALSE,Existing Business,Web,17760,Healthcare
FALSE,New Business / Add-on,Partner Referral,43890,Banking
TRUE,New Business / Add-on,Partner Referral,57000,Banking
FALSE,Existing Business,Phone Inquiry,11850,Healthcare
FALSE,Existing Business,Web,51960,Technology
FALSE,Existing Business,Partner Referral,65520,Technology
FALSE,New Business,Web,44820,Energy
FALSE,New Business / Add-on,Partner Referral,56640,Banking
FALSE,New Business / Add-on,Web,32880,Banking
FALSE,New Business / Add-on,Partner Referral,45210,Banking
FALSE,New Business,Web,39000,Healthcare
TRUE,New Business / Add-on,Partner Referral,44640,Banking
TRUE,New Business / Add-on,Web,29130,Healthcare
FALSE,New Business,Partner Referral,59400,Banking
FALSE,New Business,Partner Referral,56100,Banking
TRUE,New Business / Add-on,Partner Referral,42240,Banking
TRUE,New Business / Add-on,Web,24120,Banking
FALSE,New Business,Web,50220,Energy
FALSE,New Business / Add-on,Phone Inquiry,11910,Healthcare
FALSE,Existing Business,Web,35730,Banking
FALSE,Existing Business,Partner Referral,69060,Energy
FALSE,New Business,Partner Referral,68610,Energy
TRUE,New Business / Add-on,Web,26760,Energy
FALSE,New Business / Add-on,Web,27000,Banking
TRUE,New Business / Add-on,Web,24690,Banking
TRUE,New Business / Add-on,Partner Referral,64140,Banking
FALSE,New Business / Add-on,Partner Referral,53910,Banking
FALSE,Existing Business,Web,29910,Technology
FALSE,New Business,Partner Referral,67980,Healthcare
FALSE,Existing Business,Web,52860,Healthcare
FALSE,Existing Business,Phone Inquiry,14940,Technology
FALSE,New Business / Add-on,Partner Referral,63000,Healthcare
TRUE,Existing Business,Phone Inquiry,11610,Healthcare
FALSE,Existing Business,Phone Inquiry,14550,Energy
TRUE,New Business / Add-on,Partner Referral,56670,Banking
FALSE,Existing Business,Web,35850,Banking
TRUE,New Business / Add-on,Web,14880,Technology
FALSE,New Business / Add-on,Partner Referral,64230,Banking
TRUE,New Business / Add-on,Partner Referral,42360,Healthcare
TRUE,New Business / Add-on,Partner Referral,51240,Banking
TRUE,New Business / Add-on,Partner Referral,63030,Banking
FALSE,New Business / Add-on,Web,38970,Technology
FALSE,New Business / Add-on,Web,33000,Banking
FALSE,New Business / Add-on,Web,30330,Technology
FALSE,New Business / Add-on,Web,33090,Healthcare
FALSE,New Business / Add-on,Web,30720,Banking
FALSE,New Business / Add-on,Phone Inquiry,15240,Healthcare
FALSE,New Business / Add-on,Web,32670,Healthcare
TRUE,New Business / Add-on,Partner Referral,57090,Healthcare
FALSE,New Business,Partner Referral,45600,Energy
FALSE,New Business / Add-on,Web,26610,Banking
TRUE,New Business / Add-on,Partner Referral,42000,Banking
TRUE,New Business / Add-on,Partner Referral,44700,Banking
TRUE,New Business / Add-on,Web,26910,Energy
TRUE,New Business / Add-on,Partner Referral,45660,Banking
FALSE,New Business,Web,36720,Healthcare
FALSE,New Business,Partner Referral,52080,Healthcare
FALSE,New Business / Add-on,Partner Referral,53610,Banking
FALSE,New Business / Add-on,Phone Inquiry,11820,Healthcare
FALSE,New Business / Add-on,Phone Inquiry,12150,Healthcare
FALSE,Existing Business,Partner Referral,45630,Banking
FALSE,New Business / Add-on,Partner Referral,60480,Banking
FALSE,New Business / Add-on,Web,44730,Banking
TRUE,New Business / Add-on,Partner Referral,44160,Healthcare
FALSE,New Business,Web,38940,Technology
TRUE,New Business / Add-on,Partner Referral,57270,Banking
FALSE,New Business / Add-on,Partner Referral,54240,Banking
FALSE,Existing Business,Web,36180,Energy
FALSE,New Business / Add-on,Partner Referral,49110,Healthcare
FALSE,Existing Business,Phone Inquiry,14880,Healthcare
TRUE,New Business / Add-on,Partner Referral,44940,Banking
FALSE,Existing Business,Web,45330,Healthcare
FALSE,New Business / Add-on,Partner Referral,60690,Banking
FALSE,New Business,Web,47250,Energy
FALSE,New Business / Add-on,Phone Inquiry,11550,Technology
FALSE,New Business / Add-on,Partner Referral,53430,Banking
FALSE,Existing Business,Partner Referral,69030,Energy
FALSE,New Business / Add-on,Partner Referral,41610,Banking
TRUE,New Business / Add-on,Partner Referral,48360,Banking
FALSE,New Business,Partner Referral,66030,Energy
FALSE,Existing Business,Phone Inquiry,11940,Energy
TRUE,New Business,Web,48180,Energy
TRUE,New Business / Add-on,Partner Referral,55890,Banking
FALSE,New Business / Add-on,Partner Referral,54900,Energy
TRUE,New Business,Web,49470,Technology
FALSE,Existing Business,Web,36000,Banking
FALSE,New Business / Add-on,Web,26880,Banking
FALSE,New Business,Web,29160,Healthcare
FALSE,Existing Business,Web,36030,Technology
FALSE,New Business / Add-on,Partner Referral,61620,Energy
FALSE,New Business / Add-on,Partner Referral,49740,Banking
TRUE,New Business / Add-on,Partner Referral,42210,Banking
FALSE,New Business / Add-on,Web,21540,Banking
FALSE,New Business / Add-on,Partner Referral,49590,Energy
FALSE,Existing Business,Phone Inquiry,11910,Healthcare
FALSE,New Business,Phone Inquiry,11520,Healthcare
FALSE,New Business,Partner Referral,56940,Energy
TRUE,New Business / Add-on,Partner Referral,44310,Banking
TRUE,New Business / Add-on,Partner Referral,48360,Healthcare
TRUE,New Business,Web,45480,Technology
TRUE,Existing Business,Partner Referral,62760,Banking
FALSE,Existing Business,Web,52890,Banking
FALSE,New Business / Add-on,Partner Referral,56880,Energy
TRUE,New Business / Add-on,Partner Referral,62040,Banking
FALSE,New Business / Add-on,Web,32790,Technology
FALSE,Existing Business,Web,51450,Energy
FALSE,New Business / Add-on,Web,40470,Technology
FALSE,New Business,Phone Inquiry,12300,Healthcare
FALSE,New Business,Phone Inquiry,12150,Energy
FALSE,New Business / Add-on,Partner Referral,43260,Banking
TRUE,New Business / Add-on,Partner Referral,54240,Banking
FALSE,Existing Business,Phone Inquiry,11670,Technology
FALSE,New Business / Add-on,Web,26970,Banking
FALSE,New Business,Partner Referral,58200,Technology
FALSE,Existing Business,Web,37680,Energy
FALSE,New Business,Web,26760,Healthcare
FALSE,New Business / Add-on,Partner Referral,53490,Banking
TRUE,New Business / Add-on,Partner Referral,50880,Technology
TRUE,New Business / Add-on,Web,25140,Banking
TRUE,New Business / Add-on,Partner Referral,48150,Technology
FALSE,New Business / Add-on,Web,32460,Banking
FALSE,Existing Business,Partner Referral,63150,Banking
TRUE,New Business / Add-on,Web,18450,Energy
FALSE,New Business,Partner Referral,58260,Banking
FALSE,New Business / Add-on,Phone Inquiry,12120,Healthcare
FALSE,Existing Business,Partner Referral,59280,Technology
FALSE,New Business,Web,30180,Energy
FALSE,Existing Business,Phone Inquiry,12330,Healthcare
FALSE,New Business / Add-on,Partner Referral,45540,Technology
TRUE,New Business / Add-on,Partner Referral,57900,Technology
FALSE,New Business / Add-on,Web,35970,Technology
FALSE,New Business / Add-on,Phone Inquiry,11490,Healthcare
FALSE,New Business,Partner Referral,59190,Energy
FALSE,Existing Business,Partner Referral,67560,Energy
FALSE,New Business,Phone Inquiry,12360,Healthcare
TRUE,New Business / Add-on,Partner Referral,51390,Banking
FALSE,Existing Business,Web,21450,Healthcare
FALSE,New Business,Partner Referral,59850,Energy
FALSE,New Business / Add-on,Partner Referral,57660,Energy
FALSE,New Business,Web,51060,Energy
FALSE,New Business / Add-on,Web,15210,Healthcare
TRUE,New Business / Add-on,Partner Referral,62970,Technology
FALSE,Existing Business,Web,53790,Banking
FALSE,New Business,Partner Referral,52050,Banking
FALSE,New Business,Partner Referral,51720,Technology
TRUE,New Business / Add-on,Web,30390,Healthcare
FALSE,Existing Business,Web,38880,Technology
TRUE,New Business / Add-on,Partner Referral,54510,Energy
FALSE,Existing Business,Partner Referral,64860,Technology
TRUE,New Business / Add-on,Phone Inquiry,11970,Healthcare
TRUE,New Business / Add-on,Partner Referral,51270,Banking
FALSE,New Business,Web,32850,Banking
FALSE,New Business / Add-on,Partner Referral,54240,Healthcare
FALSE,New Business / Add-on,Web,26400,Banking
FALSE,New Business / Add-on,Partner Referral,57360,Technology
FALSE,New Business / Add-on,Web,50880,Technology
FALSE,New Business / Add-on,Web,26580,Banking
FALSE,New Business / Add-on,Phone Inquiry,11940,Healthcare
FALSE,New Business / Add-on,Partner Referral,57030,Banking
FALSE,Existing Business,Web,54030,Energy
FALSE,New Business / Add-on,Partner Referral,65940,Technology
TRUE,New Business / Add-on,Partner Referral,44370,Energy
FALSE,New Business / Add-on,Web,32760,Banking
FALSE,New Business,Phone Inquiry,12030,Healthcare
FALSE,New Business,Phone Inquiry,11850,Technology
FALSE,New Business,Phone Inquiry,12030,Energy
TRUE,New Business / Add-on,Partner Referral,59670,Energy
FALSE,New Business,Web,33540,Technology
FALSE,Existing Business,Phone Inquiry,11820,Healthcare
FALSE,Existing Business,Phone Inquiry,11880,Energy
FALSE,New Business,Partner Referral,57240,Technology
FALSE,New Business / Add-on,Partner Referral,56370,Healthcare
TRUE,New Business / Add-on,Phone Inquiry,11940,Healthcare
TRUE,New Business / Add-on,Phone Inquiry,11760,Healthcare
TRUE,New Business / Add-on,Partner Referral,48810,Banking
FALSE,New Business,Phone Inquiry,14670,Technology
FALSE,New Business / Add-on,Partner Referral,44970,Banking
FALSE,New Business / Add-on,Partner Referral,52410,Banking
FALSE,New Business / Add-on,Partner Referral,42390,Technology
FALSE,New Business / Add-on,Partner Referral,43950,Technology
FALSE,Existing Business,Partner Referral,59220,Technology
FALSE,Existing Business,Phone Inquiry,14880,Healthcare
TRUE,New Business / Add-on,Partner Referral,49980,Banking
TRUE,New Business / Add-on,Partner Referral,45180,Technology
FALSE,New Business / Add-on,Phone Inquiry,14580,Healthcare
FALSE,New Business / Add-on,Partner Referral,41910,Technology
FALSE,New Business,Partner Referral,60330,Energy
FALSE,New Business,Phone Inquiry,15420,Healthcare
FALSE,New Business / Add-on,Web,24420,Technology
FALSE,New Business / Add-on,Web,30990,Technology
FALSE,New Business,Partner Referral,63060,Technology
FALSE,New Business / Add-on,Partner Referral,51570,Banking
FALSE,New Business / Add-on,Partner Referral,45360,Technology
FALSE,New Business,Web,34950,Technology
TRUE,New Business / Add-on,Phone Inquiry,11640,Healthcare
FALSE,Existing Business,Web,39120,Energy
FALSE,New Business / Add-on,Web,32070,Banking
TRUE,New Business / Add-on,Web,27240,Technology
FALSE,Existing Business,Phone Inquiry,11850,Banking
FALSE,New Business / Add-on,Web,26670,Energy
FALSE,New Business,Phone Inquiry,12510,Technology
FALSE,Existing Business,Partner Referral,68430,Energy
FALSE,New Business / Add-on,Partner Referral,53910,Technology
FALSE,New Business / Add-on,Web,33030,Healthcare
FALSE,New Business / Add-on,Partner Referral,67770,Banking
FALSE,New Business / Add-on,Partner Referral,60930,Energy
FALSE,New Business,Partner Referral,68790,Healthcare
FALSE,New Business / Add-on,Web,38880,Banking
FALSE,New Business / Add-on,Partner Referral,48240,Banking
TRUE,New Business / Add-on,Partner Referral,63540,Banking
TRUE,New Business / Add-on,Partner Referral,41730,Healthcare
FALSE,Existing Business,Phone Inquiry,15030,Technology
FALSE,New Business / Add-on,Partner Referral,56850,Banking
FALSE,Existing Business,Partner Referral,63300,Technology
FALSE,New Business,Phone Inquiry,14820,Healthcare
FALSE,New Business / Add-on,Web,41850,Healthcare
FALSE,New Business / Add-on,Web,36120,Technology
TRUE,New Business / Add-on,Partner Referral,48630,Banking
FALSE,Existing Business,Phone Inquiry,14640,Healthcare
FALSE,New Business / Add-on,Partner Referral,62490,Banking
FALSE,New Business,Partner Referral,55740,Technology
FALSE,Existing Business,Web,48480,Technology
FALSE,New Business / Add-on,Phone Inquiry,12000,Healthcare
FALSE,New Business / Add-on,Partner Referral,45060,Banking
FALSE,New Business / Add-on,Phone Inquiry,11790,Healthcare
FALSE,New Business / Add-on,Web,41670,Technology
TRUE,New Business / Add-on,Partner Referral,60690,Banking
TRUE,New Business / Add-on,Partner Referral,59880,Banking
FALSE,Existing Business,Partner Referral,69630,Technology
FALSE,Existing Business,Web,24030,Healthcare
FALSE,Existing Business,Partner Referral,61260,Banking
FALSE,New Business,Partner Referral,53820,Banking
FALSE,Existing Business,Phone Inquiry,11940,Healthcare
TRUE,New Business / Add-on,Web,33570,Banking
FALSE,New Business,Phone Inquiry,12390,Healthcare
TRUE,New Business / Add-on,Web,33000,Banking
FALSE,New Business / Add-on,Web,42030,Healthcare
FALSE,New Business / Add-on,Web,32160,Healthcare
TRUE,New Business / Add-on,Partner Referral,44820,Banking
TRUE,New Business / Add-on,Partner Referral,48150,Banking
FALSE,New Business / Add-on,Web,45630,Banking
FALSE,New Business / Add-on,Web,45420,Banking
TRUE,New Business / Add-on,Partner Referral,57660,Banking
TRUE,New Business / Add-on,Partner Referral,41400,Technology
FALSE,Existing Business,Phone Inquiry,11790,Healthcare
TRUE,New Business / Add-on,Web,27180,Technology
FALSE,New Business / Add-on,Partner Referral,48870,Banking
FALSE,New Business,Partner Referral,65100,Technology
TRUE,New Business / Add-on,Partner Referral,50130,Banking
FALSE,Existing Business,Partner Referral,50700,Energy
FALSE,New Business / Add-on,Partner Referral,60090,Banking
FALSE,Existing Business,Web,53160,Technology
TRUE,New Business / Add-on,Partner Referral,44610,Banking
FALSE,Existing Business,Partner Referral,62880,Technology
FALSE,New Business / Add-on,Web,35400,Banking
TRUE,New Business / Add-on,Partner Referral,44640,Banking
FALSE,New Business,Web,38430,Technology
FALSE,New Business / Add-on,Phone Inquiry,12240,Healthcare
TRUE,New Business,Web,26250,Technology
FALSE,New Business / Add-on,Web,36540,Healthcare
FALSE,Existing Business,Phone Inquiry,11880,Technology
TRUE,New Business / Add-on,Web,17070,Banking
TRUE,New Business / Add-on,Partner Referral,59820,Technology
FALSE,New Business,Partner Referral,69750,Energy
FALSE,Existing Business,Partner Referral,48420,Energy
FALSE,New Business,Web,39120,Technology
FALSE,New Business / Add-on,Partner Referral,50430,Technology
FALSE,Existing Business,Web,47670,Energy
TRUE,New Business / Add-on,Partner Referral,56460,Banking
FALSE,New Business / Add-on,Partner Referral,46800,Healthcare
TRUE,New Business / Add-on,Partner Referral,56520,Banking
TRUE,New Business / Add-on,Partner Referral,48300,Banking
FALSE,New Business / Add-on,Phone Inquiry,11910,Healthcare
FALSE,New Business,Partner Referral,56580,Energy
FALSE,New Business / Add-on,Partner Referral,63870,Banking
TRUE,New Business / Add-on,Partner Referral,44610,Banking
FALSE,New Business / Add-on,Partner Referral,63270,Technology
FALSE,New Business / Add-on,Partner Referral,57000,Energy
TRUE,New Business / Add-on,Partner Referral,62880,Technology
FALSE,New Business,Web,32580,Healthcare
FALSE,New Business / Add-on,Partner Referral,42030,Banking
TRUE,New Business / Add-on,Partner Referral,45120,Technology
FALSE,New Business / Add-on,Phone Inquiry,12030,Energy
FALSE,New Business,Partner Referral,63240,Banking
FALSE,New Business / Add-on,Web,30960,Banking
FALSE,New Business / Add-on,Partner Referral,51300,Technology
TRUE,New Business / Add-on,Partner Referral,45360,Technology
TRUE,New Business / Add-on,Partner Referral,60030,Banking
FALSE,New Business,Partner Referral,54750,Banking
FALSE,Existing Business,Partner Referral,69450,Energy
FALSE,New Business,Partner Referral,56820,Energy
FALSE,Existing Business,Phone Inquiry,11760,Healthcare
FALSE,Existing Business,Partner Referral,59940,Technology
FALSE,Existing Business,Phone Inquiry,12660,Energy
FALSE,Existing Business,Phone Inquiry,12030,Energy
FALSE,New Business / Add-on,Partner Referral,47970,Banking
FALSE,New Business,Partner Referral,64290,Energy
TRUE,New Business / Add-on,Partner Referral,51000,Banking
FALSE,New Business / Add-on,Partner Referral,53730,Banking
FALSE,New Business / Add-on,Partner Referral,48930,Technology
FALSE,New Business,Web,35070,Healthcare
FALSE,New Business,Partner Referral,57390,Energy
FALSE,Existing Business,Web,48360,Technology
FALSE,Existing Business,Partner Referral,67860,Technology
FALSE,New Business / Add-on,Web,35370,Healthcare
FALSE,New Business / Add-on,Phone Inquiry,11730,Healthcare
TRUE,New Business / Add-on,Partner Referral,51630,Technology
TRUE,New Business / Add-on,Web,27330,Energy
FALSE,New Business,Partner Referral,47370,Technology
TRUE,New Business / Add-on,Partner Referral,51780,Healthcare
FALSE,New Business,Partner Referral,63030,Technology
FALSE,New Business,Partner Referral,61140,Technology
FALSE,New Business / Add-on,Phone Inquiry,11850,Healthcare
FALSE,Existing Business,Partner Referral,66180,Technology
FALSE,Existing Business,Partner Referral,69360,Technology
FALSE,Existing Business,Phone Inquiry,11610,Technology
FALSE,Existing Business,Phone Inquiry,15360,Energy
TRUE,New Business / Add-on,Partner Referral,48210,Technology
FALSE,New Business,Web,41250,Technology
FALSE,New Business / Add-on,Phone Inquiry,11940,Technology
FALSE,New Business,Web,42360,Healthcare
FALSE,New Business / Add-on,Partner Referral,42120,Banking
FALSE,New Business / Add-on,Web,29580,Banking
FALSE,New Business,Partner Referral,64350,Banking
FALSE,New Business / Add-on,Phone Inquiry,14160,Healthcare
FALSE,New Business / Add-on,Web,41820,Energy
FALSE,Existing Business,Partner Referral,59700,Energy
FALSE,New Business / Add-on,Web,38580,Technology
FALSE,Existing Business,Web,42510,Energy
FALSE,New Business,Partner Referral,61140,Banking
FALSE,Existing Business,Web,44100,Energy
TRUE,New Business / Add-on,Partner Referral,60150,Banking
FALSE,New Business,Web,24240,Energy
FALSE,Existing Business,Phone Inquiry,11550,Energy
FALSE,Existing Business,Web,35760,Technology
FALSE,New Business,Web,38940,Energy
TRUE,New Business,Partner Referral,60180,Energy
FALSE,New Business / Add-on,Partner Referral,66510,Banking
FALSE,Existing Business,Web,48630,Healthcare
FALSE,New Business,Partner Referral,58830,Technology
FALSE,New Business / Add-on,Partner Referral,42300,Banking
FALSE,New Business / Add-on,Partner Referral,56730,Banking
FALSE,New Business / Add-on,Phone Inquiry,11790,Healthcare
TRUE,New Business / Add-on,Phone Inquiry,11400,Healthcare
TRUE,New Business / Add-on,Partner Referral,45180,Healthcare
TRUE,New Business / Add-on,Partner Referral,53520,Banking
FALSE,New Business / Add-on,Phone Inquiry,11400,Healthcare
FALSE,New Business / Add-on,Phone Inquiry,12000,Healthcare
TRUE,New Business / Add-on,Partner Referral,51420,Banking
FALSE,Existing Business,Web,37950,Energy
FALSE,New Business,Phone Inquiry,12060,Healthcare
FALSE,Existing Business,Partner Referral,59490,Banking
FALSE,Existing Business,Web,54240,Banking
FALSE,Existing Business,Partner Referral,67140,Energy
FALSE,New Business,Phone Inquiry,14940,Banking
FALSE,Existing Business,Web,50100,Energy
FALSE,New Business / Add-on,Partner Referral,50580,Energy
FALSE,New Business / Add-on,Web,27360,Healthcare
TRUE,New Business / Add-on,Web,36990,Healthcare
FALSE,Existing Business,Web,32910,Healthcare
FALSE,New Business / Add-on,Web,39330,Healthcare
FALSE,New Business,Partner Referral,54210,Energy
FALSE,Existing Business,Phone Inquiry,12240,Energy
FALSE,New Business / Add-on,Partner Referral,44730,Energy
FALSE,New Business,Phone Inquiry,11970,Healthcare
FALSE,New Business,Partner Referral,44550,Technology
FALSE,Existing Business,Partner Referral,65190,Banking
FALSE,New Business,Partner Referral,65730,Technology
FALSE,Existing Business,Web,51990,Energy
FALSE,Existing Business,Web,48600,Energy
FALSE,New Business,Web,28710,Energy
FALSE,Existing Business,Partner Referral,68730,Technology
TRUE,New Business / Add-on,Partner Referral,63150,Technology
TRUE,New Business / Add-on,Web,17970,Banking
TRUE,New Business / Add-on,Web,39000,Healthcare
FALSE,Existing Business,Phone Inquiry,12330,Healthcare
FALSE,New Business,Partner Referral,65880,Energy
FALSE,Existing Business,Web,41700,Technology
FALSE,New Business / Add-on,Web,29310,Healthcare
FALSE,New Business / Add-on,Web,15150,Energy
FALSE,New Business,Partner Referral,61710,Energy
FALSE,New Business / Add-on,Partner Referral,52530,Technology
FALSE,New Business / Add-on,Partner Referral,47130,Technology
FALSE,New Business / Add-on,Web,20730,Technology
FALSE,New Business,Partner Referral,55230,Banking
FALSE,New Business,Partner Referral,51030,Banking
FALSE,Existing Business,Phone Inquiry,11820,Healthcare
TRUE,New Business / Add-on,Phone Inquiry,12000,Technology
FALSE,New Business / Add-on,Partner Referral,57090,Banking
FALSE,New Business / Add-on,Partner Referral,50550,Banking
FALSE,New Business,Partner Referral,62760,Energy
FALSE,Existing Business,Partner Referral,66990,Banking
TRUE,New Business / Add-on,Partner Referral,54030,Energy
TRUE,New Business / Add-on,Partner Referral,66450,Technology
FALSE,New Business / Add-on,Web,33000,Technology
FALSE,Existing Business,Web,53910,Energy
FALSE,New Business,Phone Inquiry,12210,Healthcare
FALSE,New Business,Web,32730,Technology
TRUE,New Business / Add-on,Partner Referral,63300,Banking
FALSE,Existing Business,Partner Referral,59670,Technology
FALSE,Existing Business,Web,42540,Energy
TRUE,New Business,Partner Referral,62730,Technology
TRUE,New Business / Add-on,Partner Referral,51150,Banking
FALSE,Existing Business,Phone Inquiry,15240,Technology
TRUE,New Business / Add-on,Web,33690,Banking
TRUE,New Business / Add-on,Partner Referral,53730,Banking
FALSE,New Business,Partner Referral,53910,Technology
FALSE,New Business / Add-on,Phone Inquiry,15150,Banking
TRUE,New Business / Add-on,Partner Referral,56730,Banking
TRUE,New Business / Add-on,Web,27420,Healthcare
FALSE,New Business,Web,41790,Banking
TRUE,New Business / Add-on,Partner Referral,53700,Banking
FALSE,New Business / Add-on,Partner Referral,42000,Energy
TRUE,New Business / Add-on,Partner Referral,41730,Technology
TRUE,New Business / Add-on,Partner Referral,44760,Healthcare
FALSE,Existing Business,Phone Inquiry,12060,Healthcare
FALSE,New Business / Add-on,Phone Inquiry,14880,Healthcare
TRUE,New Business / Add-on,Phone Inquiry,11790,Banking
FALSE,New Business / Add-on,Partner Referral,57060,Energy
FALSE,Existing Business,Web,53310,Energy
FALSE,New Business,Web,47280,Technology
TRUE,New Business,Phone Inquiry,11910,Healthcare
FALSE,New Business / Add-on,Phone Inquiry,12210,Technology
TRUE,New Business / Add-on,Web,14550,Healthcare
FALSE,New Business / Add-on,Web,27150,Healthcare
FALSE,New Business / Add-on,Phone Inquiry,12030,Healthcare
FALSE,Existing Business,Web,41730,Healthcare
FALSE,Existing Business,Phone Inquiry,11700,Technology
FALSE,New Business / Add-on,Partner Referral,44850,Healthcare
TRUE,New Business / Add-on,Partner Referral,41790,Banking
FALSE,New Business / Add-on,Web,18120,Technology
TRUE,New Business / Add-on,Web,27390,Healthcare
FALSE,Existing Business,Web,34680,Technology
FALSE,New Business,Phone Inquiry,11910,Technology
FALSE,Existing Business,Phone Inquiry,15330,Energy
TRUE,New Business / Add-on,Partner Referral,45030,Healthcare
FALSE,New Business / Add-on,Phone Inquiry,14910,Energy
TRUE,New Business / Add-on,Web,29490,Banking
FALSE,Existing Business,Partner Referral,66210,Banking
FALSE,New Business,Phone Inquiry,14730,Technology
TRUE,New Business / Add-on,Web,20820,Banking
FALSE,New Business / Add-on,Partner Referral,64770,Healthcare
FALSE,New Business / Add-on,Partner Referral,48840,Technology
TRUE,New Business / Add-on,Partner Referral,48000,Banking
FALSE,Existing Business,Web,44280,Technology
FALSE,New Business / Add-on,Web,38640,Energy
FALSE,New Business,Partner Referral,62250,Energy
FALSE,New Business / Add-on,Partner Referral,42660,Healthcare
FALSE,New Business / Add-on,Web,29940,Banking
FALSE,New Business,Phone Inquiry,14760,Technology
TRUE,New Business / Add-on,Web,29550,Banking
FALSE,New Business,Web,18060,Healthcare
FALSE,New Business / Add-on,Partner Referral,50040,Technology
FALSE,New Business / Add-on,Phone Inquiry,12270,Healthcare
FALSE,New Business,Web,45150,Technology
FALSE,New Business,Phone Inquiry,12330,Energy
TRUE,New Business / Add-on,Partner Referral,45060,Energy
FALSE,New Business,Phone Inquiry,12030,Healthcare
FALSE,New Business / Add-on,Phone Inquiry,12390,Healthcare
FALSE,Existing Business,Web,51090,Technology
TRUE,New Business / Add-on,Web,30090,Banking
FALSE,New Business,Partner Referral,50970,Technology
FALSE,Existing Business,Web,39900,Energy
FALSE,Existing Business,Web,37980,Technology
FALSE,New Business / Add-on,Partner Referral,49890,Banking
FALSE,New Business / Add-on,Partner Referral,50940,Banking
FALSE,New Business / Add-on,Phone Inquiry,12330,Healthcare
FALSE,New Business / Add-on,Web,29550,Healthcare
TRUE,New Business / Add-on,Partner Referral,47910,Technology
FALSE,Existing Business,Web,35760,Healthcare
FALSE,New Business,Partner Referral,62790,Technology
FALSE,New Business / Add-on,Partner Referral,45180,Energy
FALSE,New Business / Add-on,Web,48060,Energy
TRUE,New Business / Add-on,Phone Inquiry,11730,Healthcare
FALSE,New Business / Add-on,Partner Referral,48600,Healthcare
FALSE,Existing Business,Phone Inquiry,14820,Energy
FALSE,New Business / Add-on,Partner Referral,51600,Healthcare
FALSE,Existing Business,Phone Inquiry,15240,Healthcare
FALSE,New Business / Add-on,Partner Referral,53490,Energy
FALSE,Existing Business,Web,34950,Technology
FALSE,New Business / Add-on,Partner Referral,51390,Technology
FALSE,New Business / Add-on,Web,30210,Energy
FALSE,New Business / Add-on,Partner Referral,48210,Energy
FALSE,New Business,Phone Inquiry,12120,Healthcare
FALSE,Existing Business,Phone Inquiry,12330,Energy
TRUE,New Business / Add-on,Partner Referral,51570,Banking
TRUE,New Business / Add-on,Web,27210,Banking
TRUE,New Business / Add-on,Partner Referral,56700,Banking
FALSE,New Business / Add-on,Phone Inquiry,12750,Healthcare
FALSE,Existing Business,Phone Inquiry,15750,Healthcare
FALSE,New Business / Add-on,Partner Referral,48510,Banking
TRUE,New Business / Add-on,Partner Referral,55020,Energy
FALSE,Existing Business,Web,44520,Energy
TRUE,New Business / Add-on,Partner Referral,52350,Banking
FALSE,New Business / Add-on,Phone Inquiry,12210,Healthcare
FALSE,New Business / Add-on,Partner Referral,45300,Banking
FALSE,Existing Business,Partner Referral,47430,Technology
FALSE,New Business / Add-on,Partner Referral,54090,Technology
FALSE,New Business / Add-on,Web,30360,Energy
FALSE,New Business,Partner Referral,66270,Energy
FALSE,Existing Business,Partner Referral,60600,Energy
FALSE,New Business / Add-on,Partner Referral,47610,Technology
FALSE,Existing Business,Web,53910,Technology
FALSE,Existing Business,Web,39000,Healthcare
FALSE,New Business / Add-on,Partner Referral,48270,Banking
TRUE,New Business / Add-on,Partner Referral,59130,Banking
FALSE,Existing Business,Phone Inquiry,14460,Healthcare
FALSE,New Business / Add-on,Web,26430,Energy
FALSE,Existing Business,Partner Referral,66480,Energy
FALSE,Existing Business,Partner Referral,68970,Technology
FALSE,New Business / Add-on,Partner Referral,45030,Healthcare
FALSE,Existing Business,Phone Inquiry,11550,Healthcare
FALSE,New Business,Partner Referral,54030,Energy
FALSE,New Business / Add-on,Web,34020,Healthcare
FALSE,Existing Business,Web,48090,Energy
FALSE,New Business / Add-on,Web,42810,Energy
FALSE,New Business / Add-on,Partner Referral,54210,Banking
TRUE,New Business / Add-on,Partner Referral,59130,Banking
FALSE,Existing Business,Phone Inquiry,11820,Technology
FALSE,New Business / Add-on,Phone Inquiry,11910,Healthcare
TRUE,New Business / Add-on,Partner Referral,51540,Technology
FALSE,Existing Business,Partner Referral,54210,Technology
FALSE,New Business / Add-on,Phone Inquiry,12480,Healthcare
TRUE,New Business / Add-on,Partner Referral,53550,Banking
TRUE,New Business / Add-on,Partner Referral,42180,Banking
FALSE,Existing Business,Web,40110,Technology
FALSE,Existing Business,Phone Inquiry,11940,Healthcare
FALSE,New Business / Add-on,Web,21480,Healthcare
FALSE,New Business / Add-on,Partner Referral,47310,Healthcare
FALSE,New Business,Phone Inquiry,12240,Technology
FALSE,New Business / Add-on,Partner Referral,44550,Banking
FALSE,New Business,Web,38880,Healthcare
FALSE,New Business / Add-on,Phone Inquiry,12270,Energy
TRUE,New Business / Add-on,Partner Referral,56010,Banking
TRUE,New Business / Add-on,Phone Inquiry,11940,Healthcare
TRUE,New Business / Add-on,Partner Referral,53340,Healthcare
TRUE,New Business,Partner Referral,57480,Banking
FALSE,Existing Business,Partner Referral,66390,Energy
FALSE,New Business / Add-on,Web,24180,Healthcare
TRUE,New Business / Add-on,Partner Referral,49200,Banking
FALSE,New Business,Partner Referral,64200,Energy
TRUE,New Business / Add-on,Web,27210,Banking
FALSE,Existing Business,Web,44010,Energy
FALSE,New Business / Add-on,Web,26880,Healthcare
FALSE,New Business / Add-on,Web,32850,Energy
TRUE,New Business / Add-on,Web,31320,Banking
FALSE,New Business,Web,24360,Technology
TRUE,New Business,Partner Referral,66000,Banking
FALSE,Existing Business,Web,33180,Technology
FALSE,New Business / Add-on,Web,36510,Technology
FALSE,New Business,Web,47040,Banking
FALSE,Existing Business,Web,41790,Technology
FALSE,Existing Business,Web,35910,Energy
FALSE,New Business,Web,46140,Energy
FALSE,Existing Business,Phone Inquiry,11910,Healthcare
FALSE,Existing Business,Web,40590,Energy
FALSE,New Business / Add-on,Web,27000,Energy
FALSE,New Business / Add-on,Web,38520,Healthcare
FALSE,New Business,Partner Referral,49020,Energy
FALSE,New Business / Add-on,Phone Inquiry,15330,Technology
FALSE,New Business / Add-on,Phone Inquiry,12000,Banking
TRUE,New Business,Partner Referral,58050,Banking
FALSE,New Business / Add-on,Web,29700,Energy
TRUE,New Business / Add-on,Web,33000,Energy
FALSE,Existing Business,Web,26370,Energy
TRUE,New Business / Add-on,Partner Referral,44610,Banking
FALSE,New Business / Add-on,Partner Referral,66690,Banking
TRUE,New Business,Partner Referral,62820,Energy
TRUE,New Business / Add-on,Web,33420,Healthcare
FALSE,New Business / Add-on,Phone Inquiry,12360,Healthcare
FALSE,Existing Business,Phone Inquiry,11790,Energy
FALSE,New Business,Partner Referral,69480,Technology
FALSE,Existing Business,Web,53190,Energy
FALSE,New Business / Add-on,Partner Referral,56700,Banking
FALSE,New Business / Add-on,Phone Inquiry,12060,Healthcare
FALSE,New Business / Add-on,Web,20790,Technology
FALSE,New Business / Add-on,Web,31380,Technology
FALSE,New Business / Add-on,Web,39000,Healthcare
TRUE,New Business / Add-on,Phone Inquiry,11910,Energy
FALSE,New Business,Web,21270,Healthcare
FALSE,Existing Business,Phone Inquiry,11820,Energy
FALSE,New Business / Add-on,Partner Referral,57360,Banking
FALSE,Existing Business,Phone Inquiry,11910,Healthcare
FALSE,New Business,Partner Referral,49110,Energy
FALSE,Existing Business,Partner Referral,65580,Energy
TRUE,New Business / Add-on,Partner Referral,42180,Banking
FALSE,Existing Business,Phone Inquiry,15240,Healthcare
FALSE,New Business / Add-on,Partner Referral,41880,Banking
FALSE,New Business,Phone Inquiry,12000,Energy
TRUE,New Business / Add-on,Partner Referral,51330,Banking
FALSE,Existing Business,Partner Referral,65940,Banking
FALSE,New Business / Add-on,Web,30180,Technology
TRUE,New Business / Add-on,Partner Referral,56700,Healthcare
FALSE,New Business / Add-on,Partner Referral,60900,Banking
FALSE,New Business / Add-on,Partner Referral,53490,Banking
FALSE,New Business / Add-on,Phone Inquiry,11640,Healthcare
FALSE,New Business,Web,17940,Technology
FALSE,New Business / Add-on,Partner Referral,47280,Banking
TRUE,New Business / Add-on,Partner Referral,51210,Energy
TRUE,New Business / Add-on,Partner Referral,47790,Healthcare
FALSE,New Business,Phone Inquiry,11580,Healthcare
TRUE,New Business / Add-on,Partner Referral,47760,Banking
FALSE,New Business / Add-on,Partner Referral,58080,Healthcare
FALSE,New Business,Phone Inquiry,12390,Healthcare
FALSE,New Business,Phone Inquiry,11880,Healthcare
TRUE,New Business / Add-on,Partner Referral,54360,Banking
FALSE,New Business / Add-on,Partner Referral,62760,Banking
FALSE,New Business / Add-on,Partner Referral,48030,Energy
FALSE,New Business / Add-on,Web,27090,Healthcare
FALSE,New Business / Add-on,Partner Referral,43890,Energy
FALSE,New Business,Partner Referral,59460,Banking
TRUE,New Business / Add-on,Phone Inquiry,12120,Technology
TRUE,Existing Business,Partner Referral,63630,Energy
FALSE,New Business / Add-on,Partner Referral,63210,Healthcare
FALSE,New Business / Add-on,Web,27390,Energy
FALSE,New Business / Add-on,Partner Referral,47970,Energy
FALSE,New Business,Web,32670,Energy
FALSE,Existing Business,Phone Inquiry,15060,Energy
FALSE,Existing Business,Web,50820,Energy
FALSE,New Business / Add-on,Partner Referral,45510,Banking
FALSE,New Business / Add-on,Web,29280,Healthcare
TRUE,New Business / Add-on,Partner Referral,59490,Banking
FALSE,New Business / Add-on,Web,21120,Banking
FALSE,New Business,Web,45750,Banking
TRUE,New Business / Add-on,Web,33540,Banking
TRUE,New Business / Add-on,Partner Referral,49410,Banking
TRUE,New Business / Add-on,Web,24240,Energy
FALSE,New Business,Phone Inquiry,14940,Technology
FALSE,Existing Business,Web,32580,Technology
FALSE,New Business / Add-on,Web,39780,Technology
FALSE,Existing Business,Phone Inquiry,12540,Technology
TRUE,New Business / Add-on,Partner Referral,45210,Banking
TRUE,New Business,Partner Referral,51090,Banking
FALSE,New Business / Add-on,Partner Referral,45210,Energy
FALSE,New Business / Add-on,Partner Referral,62670,Banking
FALSE,New Business,Web,29670,Energy
FALSE,New Business,Phone Inquiry,11670,Energy
FALSE,New Business / Add-on,Partner Referral,55290,Banking
TRUE,New Business,Partner Referral,56280,Banking
FALSE,Existing Business,Phone Inquiry,11910,Healthcare
FALSE,New Business,Partner Referral,60150,Technology
FALSE,New Business / Add-on,Partner Referral,57420,Banking
FALSE,Existing Business,Partner Referral,55890,Banking
FALSE,Existing Business,Web,41820,Healthcare
FALSE,New Business,Phone Inquiry,11880,Healthcare
FALSE,New Business / Add-on,Web,42810,Healthcare
FALSE,New Business,Phone Inquiry,12450,Technology
FALSE,New Business / Add-on,Web,24360,Banking
TRUE,New Business,Phone Inquiry,12240,Banking
FALSE,New Business / Add-on,Phone Inquiry,12210,Healthcare
FALSE,Existing Business,Phone Inquiry,11850,Technology
FALSE,New Business / Add-on,Web,32640,Banking
TRUE,New Business / Add-on,Partner Referral,56820,Energy
TRUE,New Business / Add-on,Web,18300,Energy
FALSE,New Business / Add-on,Phone Inquiry,12270,Healthcare
FALSE,Existing Business,Web,39690,Technology
FALSE,New Business,Partner Referral,53910,Banking
FALSE,New Business,Web,27030,Technology
FALSE,Existing Business,Web,52110,Technology
FALSE,New Business / Add-on,Partner Referral,58050,Healthcare
TRUE,New Business / Add-on,Partner Referral,46200,Banking
TRUE,New Business / Add-on,Phone Inquiry,12060,Energy
TRUE,New Business / Add-on,Partner Referral,45180,Banking
FALSE,New Business / Add-on,Partner Referral,63990,Technology
FALSE,Existing Business,Partner Referral,66090,Energy
FALSE,New Business,Partner Referral,49710,Technology
FALSE,Existing Business,Phone Inquiry,12060,Healthcare
TRUE,New Business,Partner Referral,59520,Energy
FALSE,New Business / Add-on,Web,35670,Banking
FALSE,New Business / Add-on,Web,35160,Technology
FALSE,New Business / Add-on,Web,29820,Energy
FALSE,Existing Business,Web,39510,Healthcare
FALSE,New Business / Add-on,Partner Referral,44100,Banking
TRUE,New Business / Add-on,Partner Referral,51300,Healthcare
TRUE,New Business / Add-on,Phone Inquiry,12030,Healthcare
FALSE,Existing Business,Partner Referral,68190,Energy
FALSE,New Business / Add-on,Partner Referral,50040,Banking
FALSE,Existing Business,Web,39390,Healthcare
TRUE,New Business / Add-on,Partner Referral,42240,Banking
FALSE,Existing Business,Web,36810,Technology
FALSE,New Business / Add-on,Partner Referral,51540,Energy
FALSE,New Business / Add-on,Partner Referral,45390,Healthcare
TRUE,New Business,Web,29850,Banking
FALSE,New Business,Web,42540,Energy
FALSE,New Business / Add-on,Web,29910,Healthcare
TRUE,New Business / Add-on,Partner Referral,45180,Energy
FALSE,Existing Business,Phone Inquiry,12060,Healthcare
TRUE,New Business / Add-on,Partner Referral,56400,Banking
FALSE,New Business / Add-on,Partner Referral,61830,Banking
TRUE,New Business,Partner Referral,71010,Technology
FALSE,New Business / Add-on,Partner Referral,59820,Banking
FALSE,New Business / Add-on,Partner Referral,49140,Healthcare
TRUE,New Business / Add-on,Web,18270,Banking
TRUE,New Business / Add-on,Partner Referral,57660,Banking
FALSE,New Business,Web,39720,Banking
TRUE,New Business / Add-on,Partner Referral,62550,Banking
TRUE,New Business / Add-on,Partner Referral,48120,Banking
FALSE,New Business / Add-on,Phone Inquiry,11850,Banking
FALSE,New Business / Add-on,Partner Referral,43560,Healthcare
FALSE,New Business / Add-on,Partner Referral,69900,Banking
FALSE,Existing Business,Partner Referral,64080,Banking
FALSE,Existing Business,Phone Inquiry,14970,Healthcare
FALSE,New Business / Add-on,Partner Referral,53550,Banking
FALSE,New Business / Add-on,Phone Inquiry,11550,Healthcare
FALSE,New Business,Partner Referral,62730,Technology
FALSE,New Business,Web,52320,Healthcare
FALSE,New Business / Add-on,Web,18450,Banking
FALSE,New Business,Phone Inquiry,15420,Energy
FALSE,New Business / Add-on,Partner Referral,51720,Banking
FALSE,New Business / Add-on,Web,18060,Energy
FALSE,Existing Business,Partner Referral,59610,Banking
FALSE,Existing Business,Phone Inquiry,11520,Energy
FALSE,New Business / Add-on,Phone Inquiry,12060,Technology
FALSE,New Business / Add-on,Phone Inquiry,12210,Energy
FALSE,Existing Business,Phone Inquiry,15390,Energy
FALSE,New Business / Add-on,Partner Referral,56730,Banking
TRUE,New Business / Add-on,Partner Referral,62520,Banking
FALSE,New Business,Partner Referral,56640,Technology
FALSE,New Business,Web,33660,Healthcare
FALSE,Existing Business,Web,40950,Technology
FALSE,Existing Business,Phone Inquiry,14850,Technology
FALSE,New Business / Add-on,Partner Referral,45750,Banking
FALSE,New Business / Add-on,Partner Referral,44610,Banking
FALSE,New Business / Add-on,Web,32490,Banking
FALSE,New Business / Add-on,Phone Inquiry,11670,Technology
FALSE,New Business / Add-on,Web,20970,Healthcare
FALSE,New Business / Add-on,Web,32190,Banking
TRUE,New Business / Add-on,Partner Referral,41790,Banking
FALSE,New Business,Partner Referral,62400,Banking
FALSE,Existing Business,Web,42210,Energy
TRUE,New Business / Add-on,Partner Referral,48480,Banking
FALSE,New Business,Web,38910,Healthcare
FALSE,New Business / Add-on,Phone Inquiry,11790,Healthcare
FALSE,New Business / Add-on,Web,27540,Technology
FALSE,Existing Business,Phone Inquiry,12000,Healthcare
FALSE,New Business / Add-on,Web,26880,Banking
TRUE,New Business / Add-on,Partner Referral,48180,Healthcare
FALSE,New Business,Phone Inquiry,12210,Healthcare
FALSE,New Business / Add-on,Web,27480,Healthcare
TRUE,New Business / Add-on,Partner Referral,50460,Banking
FALSE,New Business,Partner Referral,65370,Technology
TRUE,New Business / Add-on,Web,41610,Banking
FALSE,Existing Business,Web,38610,Energy
FALSE,Existing Business,Web,54480,Energy
FALSE,New Business,Phone Inquiry,14970,Energy
TRUE,New Business / Add-on,Partner Referral,47760,Healthcare
FALSE,Existing Business,Partner Referral,50820,Technology
FALSE,New Business,Web,42480,Energy
TRUE,New Business / Add-on,Web,21870,Banking
FALSE,New Business / Add-on,Partner Referral,62640,Banking
FALSE,New Business / Add-on,Partner Referral,60900,Banking
FALSE,New Business / Add-on,Web,32580,Banking
FALSE,New Business / Add-on,Partner Referral,62370,Banking
FALSE,Existing Business,Web,54660,Energy
FALSE,Existing Business,Phone Inquiry,11970,Healthcare
FALSE,Existing Business,Phone Inquiry,15870,Energy
TRUE,New Business / Add-on,Partner Referral,53640,Banking
FALSE,Existing Business,Web,45060,Technology
FALSE,New Business,Partner Referral,64860,Technology
FALSE,Existing Business,Partner Referral,66090,Banking
TRUE,New Business / Add-on,Partner Referral,48210,Banking
FALSE,New Business,Partner Referral,66900,Banking
FALSE,Existing Business,Partner Referral,45390,Energy
TRUE,New Business / Add-on,Partner Referral,59100,Banking
FALSE,Existing Business,Phone Inquiry,14280,Healthcare
FALSE,Existing Business,Web,38520,Energy
TRUE,New Business / Add-on,Partner Referral,51210,Banking
FALSE,Existing Business,Web,46080,Technology
FALSE,New Business / Add-on,Web,33120,Energy
FALSE,Existing Business,Partner Referral,65130,Energy
TRUE,New Business / Add-on,Partner Referral,60780,Banking
TRUE,New Business / Add-on,Partner Referral,41730,Banking
TRUE,New Business,Partner Referral,61950,Technology
TRUE,Existing Business,Partner Referral,62400,Energy
FALSE,Existing Business,Phone Inquiry,15150,Banking
FALSE,New Business,Web,18240,Technology
FALSE,New Business / Add-on,Phone Inquiry,12030,Technology
FALSE,New Business / Add-on,Partner Referral,50760,Healthcare
TRUE,New Business / Add-on,Partner Referral,51720,Healthcare
FALSE,New Business,Partner Referral,62220,Technology
TRUE,New Business / Add-on,Partner Referral,66720,Banking
FALSE,Existing Business,Partner Referral,52800,Energy
FALSE,New Business / Add-on,Partner Referral,63810,Banking
FALSE,Existing Business,Web,47490,Energy
FALSE,New Business,Partner Referral,61860,Banking
FALSE,New Business / Add-on,Web,38370,Energy
FALSE,Existing Business,Phone Inquiry,15480,Energy
TRUE,New Business / Add-on,Partner Referral,53670,Energy
TRUE,New Business / Add-on,Partner Referral,57360,Technology
FALSE,New Business / Add-on,Phone Inquiry,15330,Healthcare
TRUE,New Business,Partner Referral,54570,Banking
FALSE,New Business / Add-on,Web,26910,Banking
TRUE,New Business,Partner Referral,65130,Banking
FALSE,Existing Business,Phone Inquiry,15030,Energy
FALSE,New Business,Web,44460,Energy
FALSE,New Business / Add-on,Partner Referral,53280,Banking
TRUE,New Business / Add-on,Partner Referral,47310,Banking
FALSE,New Business / Add-on,Partner Referral,55950,Banking
FALSE,New Business,Web,42840,Energy
TRUE,New Business / Add-on,Web,26640,Healthcare
FALSE,New Business / Add-on,Web,47520,Energy
FALSE,Existing Business,Phone Inquiry,12240,Energy
TRUE,New Business,Partner Referral,60000,Banking
FALSE,Existing Business,Partner Referral,63000,Energy
TRUE,New Business,Phone Inquiry,11880,Technology
FALSE,New Business / Add-on,Web,18510,Technology
TRUE,New Business / Add-on,Partner Referral,53940,Banking
FALSE,New Business,Phone Inquiry,12330,Healthcare
FALSE,Existing Business,Web,50910,Technology
FALSE,New Business,Web,19890,Energy
FALSE,Existing Business,Web,55200,Energy
FALSE,Existing Business,Web,53880,Energy
FALSE,Existing Business,Partner Referral,69480,Technology
FALSE,Existing Business,Web,51090,Healthcare
FALSE,New Business / Add-on,Phone Inquiry,14910,Healthcare
FALSE,New Business / Add-on,Web,38610,Banking
FALSE,Existing Business,Phone Inquiry,12300,Energy
TRUE,New Business,Partner Referral,60090,Banking
FALSE,Existing Business,Web,51630,Energy
TRUE,New Business / Add-on,Web,30480,Banking
FALSE,New Business,Partner Referral,53400,Banking
FALSE,Existing Business,Web,38880,Energy
FALSE,New Business,Phone Inquiry,11880,Energy
FALSE,Existing Business,Partner Referral,56040,Technology
TRUE,New Business / Add-on,Partner Referral,44190,Banking
TRUE,New Business / Add-on,Partner Referral,57060,Banking
TRUE,New Business / Add-on,Partner Referral,56790,Energy
TRUE,New Business / Add-on,Partner Referral,48360,Healthcare
FALSE,Existing Business,Web,23400,Technology
FALSE,New Business / Add-on,Phone Inquiry,12300,Healthcare
TRUE,New Business,Partner Referral,51330,Banking
FALSE,Existing Business,Phone Inquiry,15840,Healthcare
FALSE,Existing Business,Partner Referral,58920,Technology
FALSE,New Business,Partner Referral,58530,Energy
FALSE,Existing Business,Phone Inquiry,11970,Energy
TRUE,New Business / Add-on,Web,30480,Banking
FALSE,Existing Business,Partner Referral,59820,Technology
FALSE,New Business / Add-on,Web,20880,Energy
TRUE,New Business / Add-on,Partner Referral,63060,Banking
FALSE,New Business,Web,36090,Technology
FALSE,New Business,Web,38850,Banking
FALSE,New Business / Add-on,Web,32790,Technology
TRUE,New Business / Add-on,Partner Referral,66060,Banking
FALSE,New Business,Phone Inquiry,11580,Energy
TRUE,New Business / Add-on,Partner Referral,50340,Banking
FALSE,New Business,Partner Referral,66750,Banking
FALSE,New Business,Web,21480,Energy
FALSE,New Business / Add-on,Phone Inquiry,12030,Healthcare
FALSE,New Business / Add-on,Partner Referral,50610,Banking
FALSE,New Business,Partner Referral,66300,Technology
FALSE,New Business,Partner Referral,54720,Energy
TRUE,New Business / Add-on,Partner Referral,60330,Banking
FALSE,New Business / Add-on,Partner Referral,53580,Banking
TRUE,New Business / Add-on,Partner Referral,62310,Technology
FALSE,New Business / Add-on,Partner Referral,48660,Energy
TRUE,New Business / Add-on,Web,14760,Banking
FALSE,New Business,Partner Referral,48720,Energy
FALSE,New Business / Add-on,Partner Referral,56580,Energy
FALSE,Existing Business,Partner Referral,69660,Technology
FALSE,Existing Business,Partner Referral,63330,Banking
TRUE,New Business / Add-on,Partner Referral,59340,Technology
FALSE,New Business / Add-on,Partner Referral,56640,Energy
FALSE,New Business / Add-on,Phone Inquiry,11700,Healthcare
TRUE,New Business / Add-on,Partner Referral,58980,Energy
TRUE,New Business / Add-on,Partner Referral,56310,Banking
FALSE,New Business,Partner Referral,63360,Energy
FALSE,Existing Business,Web,48810,Energy
TRUE,New Business / Add-on,Partner Referral,60300,Banking
FALSE,New Business / Add-on,Web,33840,Banking
FALSE,New Business,Web,39210,Technology
FALSE,New Business / Add-on,Phone Inquiry,11970,Healthcare
FALSE,Existing Business,Partner Referral,66750,Banking
TRUE,New Business / Add-on,Partner Referral,43710,Banking
FALSE,New Business / Add-on,Partner Referral,53400,Energy
FALSE,New Business,Partner Referral,63660,Technology
FALSE,New Business,Phone Inquiry,12030,Energy
FALSE,Existing Business,Phone Inquiry,15120,Technology
TRUE,New Business / Add-on,Partner Referral,44130,Banking
FALSE,New Business / Add-on,Partner Referral,45240,Technology
FALSE,Existing Business,Web,39330,Technology
FALSE,New Business / Add-on,Partner Referral,48420,Banking
FALSE,New Business,Partner Referral,62730,Healthcare
FALSE,New Business,Phone Inquiry,14490,Technology
FALSE,New Business / Add-on,Phone Inquiry,12270,Healthcare
FALSE,New Business / Add-on,Partner Referral,45240,Banking
FALSE,New Business,Web,47820,Energy
FALSE,New Business / Add-on,Partner Referral,49020,Banking
FALSE,New Business / Add-on,Web,45780,Technology
TRUE,New Business / Add-on,Partner Referral,47640,Banking
TRUE,New Business / Add-on,Partner Referral,48690,Banking
FALSE,Existing Business,Partner Referral,62250,Energy
FALSE,New Business,Partner Referral,51870,Banking
FALSE,New Business / Add-on,Partner Referral,45060,Technology
FALSE,Existing Business,Partner Referral,48360,Technology
FALSE,Existing Business,Phone Inquiry,11580,Energy
TRUE,New Business / Add-on,Partner Referral,50760,Banking
FALSE,New Business,Web,20160,Healthcare
FALSE,New Business / Add-on,Partner Referral,49950,Banking
TRUE,New Business / Add-on,Partner Referral,47430,Banking
FALSE,New Business,Partner Referral,64830,Energy
FALSE,New Business / Add-on,Phone Inquiry,11940,Healthcare
FALSE,New Business,Phone Inquiry,12630,Technology
FALSE,New Business / Add-on,Web,18090,Banking
FALSE,New Business / Add-on,Partner Referral,47910,Energy
FALSE,Existing Business,Web,39300,Technology
FALSE,New Business / Add-on,Partner Referral,62460,Technology
TRUE,New Business / Add-on,Partner Referral,44640,Technology
FALSE,New Business / Add-on,Phone Inquiry,12300,Healthcare
FALSE,New Business / Add-on,Partner Referral,54810,Healthcare
TRUE,New Business / Add-on,Partner Referral,59430,Banking
FALSE,Existing Business,Phone Inquiry,12300,Technology
TRUE,New Business / Add-on,Web,26970,Healthcare
FALSE,New Business / Add-on,Partner Referral,45360,Banking
FALSE,New Business / Add-on,Web,33060,Healthcare
FALSE,New Business / Add-on,Web,35370,Banking
FALSE,New Business / Add-on,Partner Referral,57060,Banking
TRUE,New Business / Add-on,Web,26820,Energy
FALSE,Existing Business,Phone Inquiry,15270,Technology
FALSE,New Business / Add-on,Web,34050,Banking
FALSE,New Business / Add-on,Web,49050,Technology
FALSE,New Business / Add-on,Partner Referral,51660,Banking
FALSE,New Business / Add-on,Web,17880,Technology
FALSE,New Business,Phone Inquiry,12300,Healthcare
FALSE,New Business / Add-on,Web,36540,Technology
FALSE,Existing Business,Web,43950,Technology
TRUE,New Business / Add-on,Web,27420,Healthcare
TRUE,New Business / Add-on,Partner Referral,60180,Energy
TRUE,New Business / Add-on,Phone Inquiry,11550,Banking
FALSE,New Business / Add-on,Phone Inquiry,12510,Healthcare
FALSE,Existing Business,Web,46410,Energy
TRUE,New Business / Add-on,Partner Referral,57600,Banking
TRUE,New Business / Add-on,Partner Referral,54330,Banking
FALSE,New Business / Add-on,Partner Referral,56310,Technology
FALSE,Existing Business,Web,42060,Technology
TRUE,New Business / Add-on,Web,18210,Banking
FALSE,Existing Business,Web,45570,Energy
TRUE,Existing Business,Partner Referral,64830,Banking
TRUE,New Business / Add-on,Partner Referral,41940,Banking
FALSE,New Business / Add-on,Partner Referral,45150,Banking
TRUE,New Business,Partner Referral,62250,Banking
FALSE,New Business,Web,32970,Technology
FALSE,New Business / Add-on,Phone Inquiry,11700,Technology
FALSE,Existing Business,Phone Inquiry,11760,Healthcare
FALSE,New Business,Web,28710,Banking
TRUE,New Business / Add-on,Partner Referral,51960,Banking
FALSE,Existing Business,Phone Inquiry,14250,Technology
TRUE,New Business / Add-on,Partner Referral,48360,Technology
FALSE,New Business / Add-on,Web,26280,Technology
FALSE,New Business / Add-on,Phone Inquiry,11850,Technology
FALSE,New Business / Add-on,Phone Inquiry,11490,Healthcare
FALSE,New Business,Phone Inquiry,11760,Energy
FALSE,Existing Business,Partner Referral,48180,Technology
FALSE,Existing Business,Phone Inquiry,14610,Energy
FALSE,Existing Business,Phone Inquiry,15150,Energy
FALSE,Existing Business,Phone Inquiry,15660,Energy
FALSE,Existing Business,Phone Inquiry,12000,Energy
TRUE,New Business / Add-on,Partner Referral,51180,Energy
TRUE,New Business / Add-on,Partner Referral,42000,Energy
TRUE,New Business / Add-on,Partner Referral,56580,Banking
FALSE,Existing Business,Phone Inquiry,12420,Technology
FALSE,New Business / Add-on,Web,42180,Banking
FALSE,New Business,Partner Referral,63900,Banking
FALSE,New Business,Phone Inquiry,11940,Banking
FALSE,Existing Business,Partner Referral,66660,Healthcare
FALSE,New Business / Add-on,Web,42420,Healthcare
FALSE,New Business / Add-on,Web,14910,Banking
FALSE,New Business / Add-on,Partner Referral,54720,Technology
FALSE,Existing Business,Web,39360,Technology
TRUE,New Business / Add-on,Web,24390,Energy
FALSE,New Business / Add-on,Web,35670,Technology
FALSE,Existing Business,Partner Referral,65970,Energy
TRUE,New Business,Web,36270,Banking
TRUE,New Business / Add-on,Partner Referral,50940,Banking
FALSE,Existing Business,Web,23100,Energy
FALSE,New Business / Add-on,Partner Referral,55530,Banking
TRUE,New Business / Add-on,Partner Referral,44130,Technology
TRUE,New Business / Add-on,Phone Inquiry,12090,Technology
TRUE,New Business,Web,20820,Healthcare
FALSE,New Business / Add-on,Phone Inquiry,14700,Healthcare
FALSE,New Business / Add-on,Phone Inquiry,12360,Healthcare
FALSE,New Business,Web,34800,Energy
FALSE,New Business,Partner Referral,64470,Banking
FALSE,New Business / Add-on,Web,39300,Technology
FALSE,Existing Business,Phone Inquiry,15270,Technology
FALSE,New Business,Partner Referral,60090,Technology
FALSE,New Business,Partner Referral,62670,Energy
FALSE,New Business / Add-on,Phone Inquiry,12690,Banking
FALSE,New Business / Add-on,Partner Referral,57720,Banking
FALSE,New Business / Add-on,Web,26640,Healthcare
TRUE,New Business,Partner Referral,64530,Banking
FALSE,Existing Business,Partner Referral,56610,Technology
TRUE,New Business / Add-on,Partner Referral,59250,Banking
FALSE,New Business / Add-on,Phone Inquiry,12180,Healthcare
TRUE,New Business / Add-on,Partner Referral,60690,Banking
FALSE,New Business,Partner Referral,63450,Technology
FALSE,New Business / Add-on,Partner Referral,48690,Banking
FALSE,New Business,Partner Referral,53730,Banking
FALSE,New Business / Add-on,Web,32850,Energy
FALSE,New Business,Web,32250,Energy
FALSE,New Business,Partner Referral,63450,Energy
FALSE,Existing Business,Partner Referral,63510,Energy
FALSE,New Business,Web,38520,Banking
TRUE,New Business / Add-on,Partner Referral,53220,Banking
FALSE,New Business,Partner Referral,52620,Energy
FALSE,New Business / Add-on,Partner Referral,53580,Energy
FALSE,Existing Business,Phone Inquiry,12090,Energy
TRUE,New Business / Add-on,Partner Referral,47850,Banking
TRUE,New Business / Add-on,Partner Referral,56730,Healthcare
FALSE,Existing Business,Phone Inquiry,12030,Banking
FALSE,Existing Business,Web,40320,Energy
FALSE,New Business / Add-on,Partner Referral,56730,Banking
TRUE,New Business / Add-on,Partner Referral,41430,Healthcare
FALSE,New Business / Add-on,Partner Referral,64500,Banking
FALSE,New Business,Web,43800,Banking
FALSE,Existing Business,Partner Referral,68850,Energy
FALSE,New Business / Add-on,Partner Referral,45630,Banking
TRUE,Existing Business,Partner Referral,57750,Technology
TRUE,New Business / Add-on,Partner Referral,60660,Banking
TRUE,New Business,Partner Referral,62820,Technology
FALSE,New Business / Add-on,Partner Referral,46740,Healthcare
FALSE,New Business / Add-on,Partner Referral,54390,Banking
FALSE,Existing Business,Partner Referral,66270,Banking
FALSE,New Business,Web,41220,Technology
FALSE,New Business / Add-on,Web,26910,Banking
FALSE,New Business,Web,17880,Energy
FALSE,New Business,Partner Referral,53340,Technology
FALSE,New Business,Web,35250,Healthcare
FALSE,New Business,Phone Inquiry,11910,Energy
FALSE,Existing Business,Web,52140,Technology
FALSE,New Business / Add-on,Web,35790,Healthcare
TRUE,New Business / Add-on,Web,33150,Healthcare
FALSE,New Business / Add-on,Web,39840,Energy
TRUE,New Business / Add-on,Partner Referral,54060,Banking
FALSE,Existing Business,Phone Inquiry,12090,Technology
FALSE,New Business,Partner Referral,64860,Energy
TRUE,New Business / Add-on,Web,32250,Banking
FALSE,New Business,Web,34140,Healthcare
TRUE,New Business / Add-on,Partner Referral,53580,Banking
FALSE,New Business / Add-on,Partner Referral,65760,Healthcare
FALSE,Existing Business,Phone Inquiry,15090,Energy
FALSE,New Business,Web,47490,Banking
FALSE,Existing Business,Web,40050,Energy
TRUE,New Business / Add-on,Partner Referral,57120,Banking
FALSE,New Business / Add-on,Web,29280,Healthcare
TRUE,New Business / Add-on,Web,27420,Banking
FALSE,Existing Business,Web,48420,Energy
TRUE,New Business / Add-on,Partner Referral,44700,Banking
FALSE,New Business / Add-on,Phone Inquiry,12330,Energy
TRUE,New Business / Add-on,Partner Referral,47790,Banking
FALSE,New Business,Partner Referral,69060,Healthcare
FALSE,Existing Business,Web,35820,Technology
FALSE,New Business,Partner Referral,51870,Energy
FALSE,New Business,Web,20220,Energy
FALSE,New Business,Partner Referral,48060,Technology
FALSE,Existing Business,Partner Referral,62430,Technology
FALSE,New Business / Add-on,Partner Referral,65250,Technology
FALSE,New Business,Web,24660,Energy
FALSE,Existing Business,Phone Inquiry,12210,Technology
FALSE,New Business / Add-on,Partner Referral,63540,Banking
TRUE,New Business / Add-on,Partner Referral,60780,Energy
TRUE,New Business / Add-on,Partner Referral,48030,Healthcare
TRUE,New Business / Add-on,Partner Referral,53520,Banking
FALSE,New Business / Add-on,Web,39300,Banking
FALSE,New Business / Add-on,Web,24270,Banking
FALSE,New Business / Add-on,Partner Referral,42270,Technology
FALSE,Existing Business,Web,47280,Banking
TRUE,New Business / Add-on,Partner Referral,50190,Banking
FALSE,New Business / Add-on,Partner Referral,54060,Banking
FALSE,Existing Business,Web,49470,Energy
FALSE,Existing Business,Phone Inquiry,12150,Energy
FALSE,New Business / Add-on,Web,39750,Technology
TRUE,New Business / Add-on,Phone Inquiry,11700,Technology
TRUE,New Business / Add-on,Web,30750,Healthcare
FALSE,New Business / Add-on,Partner Referral,53820,Healthcare
FALSE,Existing Business,Web,38730,Technology
TRUE,New Business / Add-on,Web,27360,Banking
FALSE,New Business,Partner Referral,56190,Banking
TRUE,New Business / Add-on,Web,29790,Technology
FALSE,Existing Business,Web,44160,Healthcare
FALSE,Existing Business,Partner Referral,65850,Healthcare
FALSE,Existing Business,Web,36870,Energy
FALSE,New Business,Partner Referral,63840,Energy
FALSE,New Business / Add-on,Web,49140,Technology
FALSE,New Business,Partner Referral,63120,Energy
FALSE,New Business,Web,32760,Technology
FALSE,New Business,Phone Inquiry,12330,Banking
TRUE,New Business / Add-on,Phone Inquiry,12000,Banking
FALSE,Existing Business,Phone Inquiry,11820,Healthcare
FALSE,New Business,Web,39630,Energy
TRUE,New Business / Add-on,Web,20400,Technology
TRUE,New Business / Add-on,Partner Referral,55500,Healthcare
FALSE,Existing Business,Web,32430,Energy
FALSE,New Business,Web,35340,Healthcare
TRUE,New Business / Add-on,Partner Referral,53010,Banking
TRUE,Existing Business,Partner Referral,64770,Technology
FALSE,New Business,Partner Referral,58140,Healthcare
FALSE,New Business / Add-on,Phone Inquiry,11460,Healthcare
FALSE,New Business / Add-on,Web,30000,Healthcare
FALSE,Existing Business,Web,27240,Banking
FALSE,New Business / Add-on,Partner Referral,51270,Banking
FALSE,New Business,Web,50460,Technology
TRUE,New Business / Add-on,Partner Referral,44670,Healthcare
TRUE,New Business / Add-on,Web,38850,Banking
FALSE,Existing Business,Web,39750,Energy
FALSE,Existing Business,Web,46140,Energy
TRUE,New Business / Add-on,Partner Referral,53880,Banking
FALSE,Existing Business,Web,44760,Energy
FALSE,Existing Business,Partner Referral,70170,Energy
FALSE,New Business,Web,24390,Energy
FALSE,Existing Business,Partner Referral,68610,Technology
FALSE,Existing Business,Web,41820,Technology
TRUE,New Business,Partner Referral,57300,Healthcare
FALSE,New Business / Add-on,Partner Referral,59190,Banking
FALSE,New Business / Add-on,Web,36990,Healthcare
FALSE,New Business / Add-on,Partner Referral,53610,Banking
FALSE,New Business / Add-on,Partner Referral,57240,Banking
FALSE,New Business,Web,21240,Energy
FALSE,Existing Business,Phone Inquiry,11970,Healthcare
FALSE,New Business / Add-on,Phone Inquiry,11550,Healthcare
TRUE,New Business / Add-on,Web,17790,Banking
TRUE,New Business / Add-on,Partner Referral,50700,Banking
FALSE,New Business,Phone Inquiry,12240,Healthcare
FALSE,Existing Business,Phone Inquiry,14850,Energy
FALSE,Existing Business,Phone Inquiry,15210,Healthcare
TRUE,New Business / Add-on,Partner Referral,54420,Energy
FALSE,Existing Business,Phone Inquiry,12000,Technology
FALSE,Existing Business,Web,35850,Banking
FALSE,Existing Business,Web,49500,Technology
TRUE,New Business / Add-on,Partner Referral,42180,Banking
FALSE,New Business / Add-on,Phone Inquiry,12210,Healthcare
FALSE,New Business / Add-on,Partner Referral,54480,Technology
TRUE,New Business,Partner Referral,62370,Technology
FALSE,New Business / Add-on,Partner Referral,62970,Banking
FALSE,Existing Business,Partner Referral,63150,Banking
TRUE,New Business / Add-on,Partner Referral,44850,Banking
TRUE,New Business / Add-on,Web,30480,Banking
FALSE,New Business,Phone Inquiry,14250,Healthcare
FALSE,New Business / Add-on,Web,36780,Banking
FALSE,Existing Business,Web,45480,Healthcare
FALSE,New Business,Partner Referral,58800,Banking
TRUE,New Business / Add-on,Partner Referral,48150,Banking
TRUE,New Business / Add-on,Partner Referral,47340,Banking
FALSE,New Business,Web,31200,Healthcare
TRUE,New Business / Add-on,Partner Referral,50850,Banking
FALSE,New Business / Add-on,Web,38640,Healthcare
TRUE,New Business / Add-on,Partner Referral,51270,Technology
FALSE,New Business / Add-on,Web,27480,Energy
FALSE,New Business / Add-on,Web,18300,Banking
TRUE,New Business / Add-on,Phone Inquiry,11940,Healthcare
FALSE,New Business / Add-on,Partner Referral,41490,Healthcare
TRUE,New Business / Add-on,Partner Referral,59670,Banking
FALSE,New Business,Web,29550,Healthcare
FALSE,Existing Business,Web,23610,Technology
TRUE,New Business / Add-on,Partner Referral,42360,Banking
FALSE,New Business / Add-on,Partner Referral,63060,Energy
TRUE,New Business / Add-on,Partner Referral,48600,Energy
FALSE,New Business,Phone Inquiry,12060,Energy
TRUE,New Business / Add-on,Partner Referral,50910,Banking
FALSE,New Business / Add-on,Phone Inquiry,11850,Healthcare
FALSE,New Business,Phone Inquiry,11850,Technology
TRUE,New Business / Add-on,Partner Referral,57210,Banking
TRUE,New Business / Add-on,Partner Referral,45300,Banking
FALSE,New Business / Add-on,Partner Referral,41730,Healthcare
FALSE,Existing Business,Phone Inquiry,11910,Healthcare
FALSE,New Business / Add-on,Phone Inquiry,12000,Healthcare
FALSE,New Business,Partner Referral,57510,Energy
TRUE,New Business / Add-on,Partner Referral,54060,Banking
TRUE,New Business / Add-on,Partner Referral,41370,Banking
TRUE,New Business / Add-on,Partner Referral,59730,Energy
FALSE,New Business,Phone Inquiry,12450,Banking
FALSE,New Business / Add-on,Web,30090,Healthcare
FALSE,Existing Business,Web,35190,Healthcare
FALSE,New Business / Add-on,Partner Referral,57540,Technology
FALSE,New Business / Add-on,Web,29700,Banking
TRUE,New Business / Add-on,Web,34470,Banking
TRUE,New Business,Web,32190,Energy
FALSE,Existing Business,Web,48060,Healthcare
FALSE,New Business,Phone Inquiry,14640,Technology
FALSE,New Business / Add-on,Web,24030,Banking
FALSE,New Business / Add-on,Phone Inquiry,11700,Healthcare
FALSE,New Business / Add-on,Web,30630,Energy
FALSE,New Business,Web,32610,Healthcare
FALSE,New Business / Add-on,Partner Referral,50820,Banking
FALSE,New Business / Add-on,Partner Referral,51660,Banking
FALSE,New Business / Add-on,Partner Referral,42210,Healthcare
FALSE,Existing Business,Partner Referral,66000,Technology
TRUE,New Business / Add-on,Partner Referral,60360,Banking
FALSE,New Business,Partner Referral,56940,Energy
TRUE,New Business / Add-on,Partner Referral,50250,Banking
TRUE,New Business / Add-on,Partner Referral,52980,Healthcare
FALSE,New Business / Add-on,Partner Referral,41850,Technology
FALSE,New Business / Add-on,Web,42960,Technology
TRUE,New Business / Add-on,Partner Referral,55260,Banking
FALSE,Existing Business,Phone Inquiry,14190,Technology
FALSE,Existing Business,Web,49110,Technology
FALSE,Existing Business,Phone Inquiry,15060,Healthcare
FALSE,Existing Business,Partner Referral,68820,Technology
FALSE,New Business / Add-on,Web,29490,Banking
FALSE,New Business,Partner Referral,48540,Banking
TRUE,New Business / Add-on,Partner Referral,47670,Banking
TRUE,New Business / Add-on,Partner Referral,54270,Energy
FALSE,New Business,Phone Inquiry,11580,Technology
FALSE,New Business / Add-on,Partner Referral,42120,Banking
TRUE,New Business / Add-on,Partner Referral,41850,Technology
FALSE,New Business,Web,32550,Technology
FALSE,New Business / Add-on,Partner Referral,59580,Technology
FALSE,New Business,Web,44400,Energy
FALSE,New Business / Add-on,Web,30150,Healthcare
FALSE,New Business,Phone Inquiry,11880,Healthcare
TRUE,New Business / Add-on,Phone Inquiry,11790,Healthcare
TRUE,New Business / Add-on,Web,26190,Banking
FALSE,New Business / Add-on,Web,21300,Energy
FALSE,New Business,Web,48450,Healthcare
TRUE,New Business / Add-on,Web,23700,Banking
TRUE,New Business / Add-on,Partner Referral,58260,Technology
FALSE,New Business,Phone Inquiry,11730,Healthcare
TRUE,New Business / Add-on,Partner Referral,48000,Banking
TRUE,New Business / Add-on,Partner Referral,50820,Healthcare
TRUE,New Business / Add-on,Partner Referral,53730,Technology
TRUE,New Business / Add-on,Partner Referral,54360,Banking
FALSE,New Business,Phone Inquiry,12030,Technology
FALSE,Existing Business,Partner Referral,67440,Banking
FALSE,New Business / Add-on,Web,30120,Technology
FALSE,New Business / Add-on,Web,37350,Technology
FALSE,New Business,Web,33420,Healthcare
TRUE,New Business / Add-on,Partner Referral,54030,Technology
FALSE,Existing Business,Phone Inquiry,11790,Healthcare
FALSE,New Business / Add-on,Partner Referral,53550,Banking
TRUE,New Business / Add-on,Partner Referral,59430,Technology
FALSE,New Business,Web,32400,Healthcare
TRUE,New Business / Add-on,Partner Referral,41850,Technology
TRUE,New Business / Add-on,Web,29430,Energy
FALSE,Existing Business,Web,34050,Technology
TRUE,New Business / Add-on,Partner Referral,58830,Technology
FALSE,New Business / Add-on,Phone Inquiry,12660,Healthcare
FALSE,New Business / Add-on,Partner Referral,57990,Technology
FALSE,New Business,Phone Inquiry,14700,Energy
TRUE,New Business / Add-on,Partner Referral,68700,Technology
FALSE,Existing Business,Partner Referral,47520,Energy
FALSE,New Business / Add-on,Partner Referral,41730,Banking
FALSE,Existing Business,Phone Inquiry,12030,Technology
FALSE,New Business / Add-on,Partner Referral,59310,Banking
TRUE,New Business / Add-on,Partner Referral,48570,Banking
FALSE,New Business,Phone Inquiry,11760,Energy
TRUE,New Business / Add-on,Partner Referral,44580,Banking
TRUE,New Business / Add-on,Partner Referral,53820,Technology
FALSE,New Business / Add-on,Partner Referral,52590,Technology
TRUE,New Business / Add-on,Partner Referral,60270,Energy
FALSE,New Business / Add-on,Partner Referral,44850,Energy
FALSE,New Business,Partner Referral,64470,Technology
FALSE,New Business,Web,45210,Technology
FALSE,Existing Business,Web,38970,Energy
FALSE,Existing Business,Partner Referral,60270,Banking
FALSE,New Business,Web,41100,Technology
FALSE,New Business / Add-on,Partner Referral,48330,Banking
FALSE,New Business / Add-on,Web,48750,Technology
TRUE,New Business,Partner Referral,54240,Banking
FALSE,New Business,Partner Referral,53730,Banking
FALSE,New Business / Add-on,Web,33420,Healthcare
FALSE,New Business / Add-on,Phone Inquiry,14880,Banking
FALSE,New Business / Add-on,Phone Inquiry,12000,Banking
TRUE,New Business / Add-on,Web,33690,Healthcare
FALSE,New Business,Partner Referral,63120,Banking
FALSE,New Business,Phone Inquiry,11730,Healthcare
FALSE,New Business / Add-on,Partner Referral,47850,Banking
FALSE,Existing Business,Partner Referral,58470,Technology
FALSE,Existing Business,Phone Inquiry,14550,Technology
FALSE,Existing Business,Phone Inquiry,14760,Energy
FALSE,New Business / Add-on,Web,30090,Healthcare
FALSE,Existing Business,Web,23760,Technology
TRUE,New Business / Add-on,Partner Referral,56640,Technology
FALSE,Existing Business,Web,53910,Healthcare
TRUE,New Business / Add-on,Partner Referral,47370,Energy
FALSE,New Business / Add-on,Partner Referral,59310,Energy
FALSE,Existing Business,Web,32310,Energy
FALSE,New Business,Phone Inquiry,14550,Banking
FALSE,Existing Business,Partner Referral,53670,Energy
FALSE,New Business / Add-on,Partner Referral,63150,Energy
FALSE,Existing Business,Web,35700,Technology
FALSE,New Business / Add-on,Partner Referral,42330,Energy
FALSE,New Business,Web,49500,Energy
TRUE,New Business,Web,26910,Energy
FALSE,New Business,Web,36960,Technology
FALSE,New Business / Add-on,Web,29430,Technology
TRUE,New Business / Add-on,Partner Referral,63390,Banking
TRUE,New Business / Add-on,Partner Referral,44790,Healthcare
FALSE,New Business,Web,39750,Healthcare
FALSE,New Business / Add-on,Phone Inquiry,11640,Banking
FALSE,New Business / Add-on,Partner Referral,51630,Energy
FALSE,Existing Business,Phone Inquiry,11490,Energy
TRUE,New Business / Add-on,Web,38820,Technology
TRUE,New Business / Add-on,Partner Referral,62430,Technology
FALSE,New Business / Add-on,Phone Inquiry,11550,Healthcare
FALSE,New Business / Add-on,Partner Referral,49170,Banking
FALSE,New Business / Add-on,Partner Referral,68790,Energy
FALSE,Existing Business,Partner Referral,12000,Energy
FALSE,Existing Business,Phone Inquiry,11880,Healthcare
FALSE,New Business / Add-on,Web,39090,Technology
FALSE,New Business,Phone Inquiry,11790,Healthcare
FALSE,Existing Business,Web,53370,Energy
FALSE,New Business / Add-on,Phone Inquiry,12120,Healthcare
FALSE,New Business / Add-on,Partner Referral,45120,Energy
FALSE,New Business / Add-on,Web,34080,Energy
TRUE,New Business / Add-on,Web,21330,Banking
FALSE,Existing Business,Web,45300,Energy
FALSE,New Business,Web,21360,Healthcare
FALSE,New Business / Add-on,Web,36150,Banking
TRUE,New Business / Add-on,Partner Referral,57090,Banking
TRUE,New Business / Add-on,Partner Referral,57990,Healthcare
FALSE,New Business / Add-on,Web,24210,Banking
FALSE,New Business / Add-on,Phone Inquiry,11310,Banking
FALSE,New Business / Add-on,Web,32910,Healthcare
FALSE,New Business,Web,38580,Healthcare
FALSE,Existing Business,Phone Inquiry,14790,Technology
FALSE,Existing Business,Web,45660,Energy
FALSE,Existing Business,Phone Inquiry,11220,Healthcare
FALSE,New Business,Partner Referral,58770,Energy
FALSE,New Business / Add-on,Partner Referral,56460,Energy
TRUE,New Business / Add-on,Partner Referral,48240,Banking
FALSE,New Business / Add-on,Partner Referral,57060,Healthcare
TRUE,New Business / Add-on,Web,18810,Healthcare
FALSE,New Business,Web,43410,Technology
TRUE,New Business / Add-on,Partner Referral,53850,Technology
FALSE,Existing Business,Web,49620,Technology
FALSE,New Business,Phone Inquiry,11940,Energy
FALSE,New Business / Add-on,Web,32280,Banking
FALSE,New Business,Web,30930,Energy
FALSE,New Business,Phone Inquiry,11790,Healthcare
FALSE,New Business,Web,26430,Energy
FALSE,Existing Business,Partner Referral,68400,Banking
TRUE,New Business,Partner Referral,56640,Banking
FALSE,New Business / Add-on,Partner Referral,60240,Banking
TRUE,New Business / Add-on,Phone Inquiry,11910,Banking
FALSE,New Business,Web,32550,Healthcare
FALSE,New Business / Add-on,Partner Referral,48000,Energy
TRUE,New Business / Add-on,Partner Referral,65940,Energy
FALSE,Existing Business,Web,47520,Healthcare
TRUE,New Business / Add-on,Partner Referral,60810,Banking
FALSE,New Business / Add-on,Partner Referral,56580,Banking
FALSE,Existing Business,Web,29880,Technology
TRUE,New Business / Add-on,Web,36030,Technology
FALSE,New Business / Add-on,Web,32250,Banking
FALSE,New Business,Partner Referral,56070,Banking
FALSE,New Business / Add-on,Partner Referral,52740,Healthcare
TRUE,New Business / Add-on,Web,36090,Banking
FALSE,New Business,Web,36630,Technology
FALSE,Existing Business,Partner Referral,62430,Technology
FALSE,New Business,Partner Referral,59550,Banking
FALSE,New Business / Add-on,Partner Referral,51420,Energy
FALSE,New Business,Partner Referral,62910,Banking
FALSE,Existing Business,Web,41490,Energy
TRUE,New Business / Add-on,Partner Referral,54270,Banking
FALSE,Existing Business,Web,44670,Healthcare
FALSE,New Business / Add-on,Web,30270,Banking
FALSE,New Business / Add-on,Web,36000,Banking
FALSE,Existing Business,Web,51150,Banking
FALSE,New Business / Add-on,Phone Inquiry,11670,Energy
FALSE,Existing Business,Phone Inquiry,12450,Technology
FALSE,New Business / Add-on,Partner Referral,47340,Banking
FALSE,New Business / Add-on,Partner Referral,42240,Technology
FALSE,Existing Business,Phone Inquiry,12270,Healthcare
FALSE,Existing Business,Phone Inquiry,12210,Healthcare
FALSE,New Business / Add-on,Web,51720,Banking
FALSE,New Business,Partner Referral,57390,Energy
FALSE,New Business,Partner Referral,62280,Banking
FALSE,Existing Business,Partner Referral,58320,Banking
FALSE,Existing Business,Web,38130,Healthcare
FALSE,Existing Business,Phone Inquiry,14970,Technology
TRUE,New Business / Add-on,Partner Referral,53490,Banking
FALSE,Existing Business,Partner Referral,59400,Technology
TRUE,New Business / Add-on,Web,14880,Banking
FALSE,New Business,Partner Referral,51330,Technology
FALSE,New Business / Add-on,Partner Referral,56400,Energy
TRUE,New Business,Partner Referral,63390,Energy
FALSE,New Business / Add-on,Web,30180,Banking
FALSE,New Business,Partner Referral,57000,Banking
FALSE,Existing Business,Web,36840,Technology
FALSE,New Business / Add-on,Partner Referral,48330,Energy
FALSE,Existing Business,Partner Referral,47100,Technology
FALSE,Existing Business,Partner Referral,68580,Energy
FALSE,Existing Business,Phone Inquiry,12030,Healthcare
FALSE,Existing Business,Web,37590,Energy
TRUE,New Business / Add-on,Partner Referral,48510,Banking
FALSE,Existing Business,Partner Referral,55620,Energy
FALSE,New Business / Add-on,Partner Referral,60270,Banking
FALSE,Existing Business,Web,45120,Technology
FALSE,New Business / Add-on,Partner Referral,50850,Energy
TRUE,New Business / Add-on,Partner Referral,53670,Banking
FALSE,Existing Business,Web,47700,Technology
TRUE,New Business / Add-on,Web,43290,Energy
FALSE,New Business,Phone Inquiry,11880,Banking
TRUE,New Business / Add-on,Web,45840,Banking
FALSE,New Business,Partner Referral,60540,Healthcare
FALSE,New Business / Add-on,Partner Referral,57180,Technology
FALSE,New Business,Partner Referral,54570,Technology
FALSE,New Business / Add-on,Web,32700,Banking
TRUE,New Business / Add-on,Web,36960,Healthcare
TRUE,New Business / Add-on,Partner Referral,47940,Banking
TRUE,New Business / Add-on,Partner Referral,57690,Energy
FALSE,New Business / Add-on,Web,29760,Technology
TRUE,Existing Business,Web,39180,Energy
FALSE,Existing Business,Phone Inquiry,15000,Energy
FALSE,New Business / Add-on,Web,27270,Banking
FALSE,New Business / Add-on,Partner Referral,64650,Technology
FALSE,Existing Business,Partner Referral,53460,Energy
TRUE,New Business / Add-on,Phone Inquiry,11790,Healthcare
FALSE,New Business / Add-on,Web,26850,Healthcare
FALSE,New Business,Partner Referral,60960,Technology
FALSE,Existing Business,Partner Referral,61890,Technology
TRUE,New Business / Add-on,Partner Referral,50790,Healthcare
FALSE,New Business,Partner Referral,57390,Healthcare
FALSE,New Business,Web,45060,Technology
FALSE,Existing Business,Web,36810,Healthcare
TRUE,New Business / Add-on,Partner Referral,41730,Banking
FALSE,New Business / Add-on,Phone Inquiry,11820,Energy
TRUE,New Business / Add-on,Web,18630,Banking
FALSE,New Business / Add-on,Web,30600,Technology
TRUE,New Business / Add-on,Web,30600,Healthcare
FALSE,New Business / Add-on,Partner Referral,53310,Banking
FALSE,Existing Business,Phone Inquiry,12030,Energy
FALSE,Existing Business,Web,39060,Healthcare
FALSE,New Business,Web,42090,Healthcare
TRUE,New Business / Add-on,Web,26610,Technology
FALSE,Existing Business,Phone Inquiry,12450,Healthcare
FALSE,New Business,Web,33630,Healthcare
FALSE,New Business,Phone Inquiry,11970,Technology
FALSE,New Business,Partner Referral,59160,Healthcare
TRUE,New Business / Add-on,Partner Referral,47820,Banking
FALSE,New Business / Add-on,Partner Referral,47400,Energy
FALSE,Existing Business,Partner Referral,53670,Energy
FALSE,New Business / Add-on,Partner Referral,44520,Banking
FALSE,New Business / Add-on,Web,48600,Technology
FALSE,New Business / Add-on,Web,29760,Banking
FALSE,New Business / Add-on,Partner Referral,50760,Banking
TRUE,New Business / Add-on,Web,33000,Energy
TRUE,New Business / Add-on,Partner Referral,50910,Healthcare
FALSE,Existing Business,Web,50520,Technology
FALSE,Existing Business,Partner Referral,63780,Banking
FALSE,New Business / Add-on,Partner Referral,41430,Banking
FALSE,New Business / Add-on,Web,27240,Healthcare
TRUE,New Business / Add-on,Partner Referral,44190,Banking
TRUE,New Business,Web,44340,Healthcare
TRUE,New Business / Add-on,Partner Referral,46650,Banking
FALSE,Existing Business,Partner Referral,59610,Banking
FALSE,New Business / Add-on,Web,30450,Healthcare
FALSE,Existing Business,Web,52260,Technology
FALSE,New Business,Phone Inquiry,12090,Healthcare
FALSE,New Business,Partner Referral,59220,Technology
FALSE,New Business / Add-on,Web,15120,Banking
FALSE,New Business / Add-on,Web,33420,Technology
FALSE,New Business / Add-on,Web,39210,Technology
FALSE,Existing Business,Phone Inquiry,15180,Technology
TRUE,New Business / Add-on,Partner Referral,50610,Banking
TRUE,New Business / Add-on,Partner Referral,50970,Banking
TRUE,New Business / Add-on,Partner Referral,44310,Banking
FALSE,Existing Business,Phone Inquiry,14550,Healthcare
TRUE,New Business,Web,31080,Technology
TRUE,New Business / Add-on,Web,27600,Banking
TRUE,New Business / Add-on,Partner Referral,47640,Banking
FALSE,Existing Business,Web,36300,Technology
FALSE,New Business / Add-on,Web,15060,Energy
TRUE,New Business / Add-on,Partner Referral,43080,Technology
FALSE,New Business,Phone Inquiry,12030,Technology
TRUE,New Business,Partner Referral,53040,Healthcare
FALSE,New Business,Web,18150,Energy
FALSE,New Business / Add-on,Phone Inquiry,12120,Healthcare
FALSE,New Business,Web,35940,Banking
FALSE,Existing Business,Phone Inquiry,15090,Technology
TRUE,New Business / Add-on,Web,27600,Healthcare
FALSE,New Business / Add-on,Partner Referral,60780,Energy
FALSE,Existing Business,Web,46170,Energy
FALSE,New Business / Add-on,Web,33180,Healthcare
FALSE,Existing Business,Partner Referral,55470,Technology
FALSE,New Business / Add-on,Web,29070,Technology
FALSE,Existing Business,Phone Inquiry,11610,Healthcare
TRUE,New Business / Add-on,Web,31050,Energy
FALSE,New Business,Partner Referral,52020,Technology
TRUE,New Business / Add-on,Partner Referral,56640,Banking
FALSE,New Business / Add-on,Web,33420,Healthcare
FALSE,New Business,Partner Referral,50550,Energy
FALSE,New Business / Add-on,Web,38790,Banking
TRUE,New Business / Add-on,Partner Referral,42090,Healthcare
FALSE,New Business / Add-on,Partner Referral,41520,Technology
FALSE,Existing Business,Web,32790,Technology
FALSE,New Business,Phone Inquiry,14850,Technology
FALSE,New Business,Phone Inquiry,14370,Healthcare
FALSE,New Business,Partner Referral,63000,Energy
FALSE,New Business,Web,35910,Technology
FALSE,New Business / Add-on,Phone Inquiry,12030,Healthcare
FALSE,New Business,Partner Referral,55290,Technology
FALSE,New Business,Web,26880,Healthcare
FALSE,Existing Business,Phone Inquiry,12540,Energy
FALSE,New Business / Add-on,Partner Referral,57240,Technology
FALSE,New Business / Add-on,Partner Referral,48210,Banking
FALSE,Existing Business,Web,51060,Technology
TRUE,New Business / Add-on,Web,20820,Energy
FALSE,Existing Business,Partner Referral,69030,Technology
TRUE,New Business / Add-on,Partner Referral,48660,Banking
FALSE,New Business,Phone Inquiry,11970,Healthcare
TRUE,New Business / Add-on,Phone Inquiry,12330,Healthcare
TRUE,Existing Business,Partner Referral,63960,Banking
FALSE,Existing Business,Web,51690,Technology
FALSE,New Business / Add-on,Partner Referral,47310,Banking
TRUE,New Business / Add-on,Partner Referral,64050,Banking
FALSE,New Business / Add-on,Partner Referral,51930,Technology
FALSE,New Business / Add-on,Web,25440,Healthcare
TRUE,New Business / Add-on,Partner Referral,53670,Banking
FALSE,Existing Business,Phone Inquiry,14550,Technology
TRUE,New Business / Add-on,Partner Referral,58740,Banking
FALSE,New Business,Phone Inquiry,12300,Technology
FALSE,New Business / Add-on,Phone Inquiry,11760,Energy
FALSE,New Business,Phone Inquiry,12150,Technology
TRUE,New Business / Add-on,Web,33420,Healthcare
FALSE,Existing Business,Phone Inquiry,12360,Healthcare
FALSE,Existing Business,Phone Inquiry,11880,Technology
TRUE,New Business / Add-on,Partner Referral,47880,Banking
FALSE,New Business / Add-on,Partner Referral,48120,Banking
FALSE,Existing Business,Partner Referral,69840,Energy
FALSE,New Business / Add-on,Web,18990,Banking
FALSE,New Business / Add-on,Partner Referral,56490,Energy
FALSE,New Business / Add-on,Phone Inquiry,12390,Banking
FALSE,New Business / Add-on,Partner Referral,46110,Technology
FALSE,New Business / Add-on,Phone Inquiry,12090,Healthcare
FALSE,Existing Business,Web,33150,Healthcare
TRUE,New Business / Add-on,Web,23430,Banking
FALSE,Existing Business,Web,49290,Technology
FALSE,New Business,Partner Referral,61800,Technology
FALSE,New Business / Add-on,Partner Referral,57060,Energy
TRUE,New Business / Add-on,Partner Referral,50340,Healthcare
FALSE,New Business / Add-on,Partner Referral,57090,Banking
FALSE,New Business,Web,47880,Banking
FALSE,Existing Business,Web,44880,Energy
TRUE,New Business / Add-on,Partner Referral,41910,Banking
FALSE,New Business / Add-on,Phone Inquiry,12270,Banking
FALSE,New Business,Web,47010,Technology
TRUE,New Business / Add-on,Web,32130,Healthcare
FALSE,New Business,Phone Inquiry,11460,Banking
FALSE,Existing Business,Phone Inquiry,12000,Healthcare
TRUE,Existing Business,Partner Referral,56340,Technology
FALSE,New Business,Phone Inquiry,11970,Technology
TRUE,Existing Business,Partner Referral,67890,Banking
FALSE,Existing Business,Phone Inquiry,14400,Energy
TRUE,New Business / Add-on,Partner Referral,50970,Banking
TRUE,New Business / Add-on,Partner Referral,48300,Technology
TRUE,New Business / Add-on,Phone Inquiry,11580,Healthcare
FALSE,New Business,Phone Inquiry,11490,Healthcare
FALSE,New Business,Partner Referral,54780,Technology
TRUE,New Business / Add-on,Web,29790,Healthcare
TRUE,Existing Business,Web,32610,Energy
FALSE,New Business / Add-on,Phone Inquiry,11490,Healthcare
TRUE,New Business / Add-on,Partner Referral,53070,Banking
FALSE,Existing Business,Phone Inquiry,11850,Healthcare
FALSE,New Business,Web,45300,Energy
FALSE,New Business / Add-on,Partner Referral,50250,Banking
FALSE,New Business / Add-on,Phone Inquiry,11640,Healthcare
FALSE,Existing Business,Phone Inquiry,15900,Technology
TRUE,New Business / Add-on,Partner Referral,54300,Technology
FALSE,New Business,Phone Inquiry,11490,Energy
TRUE,New Business / Add-on,Partner Referral,56910,Healthcare
FALSE,New Business,Partner Referral,62700,Energy
FALSE,New Business / Add-on,Web,29640,Banking
TRUE,New Business,Partner Referral,56550,Technology
FALSE,Existing Business,Phone Inquiry,15000,Healthcare
FALSE,New Business / Add-on,Web,15330,Energy
TRUE,New Business / Add-on,Partner Referral,44940,Banking
FALSE,New Business / Add-on,Partner Referral,42090,Banking
FALSE,New Business / Add-on,Web,41640,Energy
TRUE,New Business / Add-on,Partner Referral,48150,Banking
FALSE,New Business,Partner Referral,55890,Banking
TRUE,New Business / Add-on,Partner Referral,41400,Banking
TRUE,New Business / Add-on,Web,39810,Banking
FALSE,New Business / Add-on,Partner Referral,41730,Banking
FALSE,Existing Business,Phone Inquiry,12120,Technology
TRUE,New Business / Add-on,Partner Referral,51600,Technology
TRUE,New Business / Add-on,Partner Referral,48180,Banking
FALSE,Existing Business,Phone Inquiry,12240,Energy
FALSE,New Business,Phone Inquiry,14250,Energy
TRUE,New Business / Add-on,Partner Referral,54330,Energy
FALSE,New Business / Add-on,Web,42270,Energy
FALSE,New Business / Add-on,Web,39450,Technology
FALSE,New Business / Add-on,Web,14760,Healthcare
FALSE,Existing Business,Web,41550,Healthcare
TRUE,New Business / Add-on,Partner Referral,45540,Banking
TRUE,New Business / Add-on,Web,27510,Healthcare
TRUE,New Business / Add-on,Web,29970,Banking
FALSE,Existing Business,Phone Inquiry,14790,Technology
FALSE,New Business,Partner Referral,54240,Technology
FALSE,New Business / Add-on,Partner Referral,60510,Healthcare
FALSE,Existing Business,Web,45210,Energy
FALSE,New Business / Add-on,Partner Referral,52320,Banking
FALSE,New Business / Add-on,Web,38640,Energy
TRUE,New Business / Add-on,Partner Referral,46980,Banking
FALSE,Existing Business,Phone Inquiry,14820,Technology
FALSE,New Business,Partner Referral,63510,Banking
FALSE,New Business,Partner Referral,58980,Healthcare
TRUE,New Business / Add-on,Partner Referral,46170,Banking
FALSE,New Business,Phone Inquiry,11670,Healthcare
TRUE,New Business / Add-on,Partner Referral,57690,Banking
FALSE,New Business / Add-on,Web,35220,Energy
FALSE,New Business / Add-on,Phone Inquiry,12090,Healthcare
FALSE,New Business / Add-on,Web,38700,Healthcare
FALSE,New Business / Add-on,Web,17100,Banking
TRUE,New Business / Add-on,Web,27180,Banking
TRUE,New Business / Add-on,Phone Inquiry,11640,Technology
FALSE,New Business / Add-on,Partner Referral,54270,Banking
FALSE,New Business / Add-on,Partner Referral,63090,Banking
FALSE,New Business,Partner Referral,49890,Technology
TRUE,New Business / Add-on,Partner Referral,54090,Banking
TRUE,New Business / Add-on,Web,27030,Healthcare
FALSE,Existing Business,Partner Referral,61920,Technology
TRUE,New Business / Add-on,Partner Referral,45480,Banking
FALSE,New Business / Add-on,Phone Inquiry,11670,Banking
TRUE,New Business / Add-on,Partner Referral,47580,Banking
FALSE,Existing Business,Partner Referral,53280,Energy
TRUE,New Business / Add-on,Web,18540,Banking
FALSE,Existing Business,Web,51540,Energy
FALSE,New Business,Web,20520,Banking
FALSE,Existing Business,Phone Inquiry,12090,Healthcare
TRUE,New Business,Partner Referral,57150,Energy
FALSE,New Business / Add-on,Web,30180,Healthcare
FALSE,New Business / Add-on,Partner Referral,48090,Banking
FALSE,New Business / Add-on,Web,30750,Banking
TRUE,New Business / Add-on,Partner Referral,53760,Technology
FALSE,Existing Business,Partner Referral,57120,Energy
FALSE,New Business,Partner Referral,56880,Energy
FALSE,New Business / Add-on,Partner Referral,48150,Banking
FALSE,Existing Business,Web,45660,Technology
TRUE,New Business,Partner Referral,66090,Banking
FALSE,Existing Business,Partner Referral,69330,Technology
FALSE,Existing Business,Phone Inquiry,14790,Energy
FALSE,New Business,Web,32160,Banking
FALSE,New Business / Add-on,Phone Inquiry,11670,Healthcare
FALSE,New Business / Add-on,Partner Referral,52920,Banking
FALSE,Existing Business,Partner Referral,60690,Technology
FALSE,Existing Business,Web,34080,Healthcare
FALSE,Existing Business,Partner Referral,59640,Banking
FALSE,Existing Business,Phone Inquiry,12060,Energy
FALSE,New Business,Web,36420,Energy
FALSE,New Business,Phone Inquiry,12570,Technology
FALSE,Existing Business,Partner Referral,68910,Technology
FALSE,New Business,Phone Inquiry,11550,Technology
FALSE,New Business / Add-on,Web,37680,Healthcare
FALSE,Existing Business,Partner Referral,63300,Banking
FALSE,Existing Business,Phone Inquiry,11910,Healthcare
TRUE,New Business / Add-on,Partner Referral,53700,Banking
FALSE,New Business,Web,44460,Energy
FALSE,New Business / Add-on,Partner Referral,64500,Banking
FALSE,Existing Business,Phone Inquiry,11730,Healthcare
FALSE,New Business,Web,41280,Technology
FALSE,Existing Business,Web,50670,Energy
TRUE,New Business / Add-on,Partner Referral,45000,Banking
FALSE,Existing Business,Web,50700,Technology
FALSE,Existing Business,Partner Referral,66720,Technology
TRUE,New Business / Add-on,Web,26850,Banking
FALSE,Existing Business,Web,48360,Technology
FALSE,New Business / Add-on,Partner Referral,48420,Technology
FALSE,New Business / Add-on,Partner Referral,45360,Banking
FALSE,New Business,Web,34560,Banking
TRUE,New Business / Add-on,Web,26430,Banking
FALSE,Existing Business,Partner Referral,66360,Energy
FALSE,Existing Business,Web,34920,Energy
FALSE,Existing Business,Web,48600,Healthcare
FALSE,Existing Business,Phone Inquiry,11820,Technology
TRUE,New Business / Add-on,Partner Referral,51360,Technology
FALSE,New Business / Add-on,Web,35730,Technology
TRUE,New Business,Partner Referral,69330,Energy
FALSE,New Business,Web,45330,Healthcare
TRUE,New Business / Add-on,Partner Referral,51960,Banking
TRUE,New Business / Add-on,Partner Referral,51120,Banking
TRUE,New Business / Add-on,Partner Referral,58590,Banking
FALSE,New Business,Web,27060,Energy
FALSE,New Business,Web,42570,Technology
TRUE,New Business / Add-on,Partner Referral,65730,Banking
TRUE,New Business,Partner Referral,53730,Banking
FALSE,Existing Business,Phone Inquiry,12540,Energy
FALSE,New Business / Add-on,Phone Inquiry,11970,Healthcare
FALSE,New Business / Add-on,Phone Inquiry,14760,Healthcare
FALSE,New Business / Add-on,Web,40020,Banking
TRUE,New Business / Add-on,Phone Inquiry,11670,Healthcare
FALSE,New Business,Partner Referral,56880,Healthcare
FALSE,New Business,Web,39510,Technology
FALSE,New Business / Add-on,Phone Inquiry,11970,Technology
FALSE,Existing Business,Phone Inquiry,14790,Technology
TRUE,New Business / Add-on,Phone Inquiry,12210,Healthcare
TRUE,New Business / Add-on,Partner Referral,41550,Banking
FALSE,New Business,Web,30750,Technology
TRUE,New Business,Partner Referral,59700,Technology
FALSE,New Business / Add-on,Web,32550,Banking
FALSE,Existing Business,Phone Inquiry,11640,Technology
FALSE,New Business,Web,33750,Energy
FALSE,New Business / Add-on,Web,15090,Healthcare
FALSE,Existing Business,Phone Inquiry,14370,Technology
FALSE,New Business,Web,21240,Healthcare
TRUE,New Business / Add-on,Web,15120,Banking
TRUE,New Business / Add-on,Web,27000,Healthcare
FALSE,New Business / Add-on,Partner Referral,45210,Technology
FALSE,Existing Business,Phone Inquiry,12240,Technology
TRUE,New Business / Add-on,Phone Inquiry,12090,Healthcare
TRUE,New Business / Add-on,Partner Referral,63000,Energy
TRUE,New Business / Add-on,Web,32820,Energy
FALSE,Existing Business,Phone Inquiry,12000,Healthcare
FALSE,New Business,Web,43830,Energy
FALSE,New Business / Add-on,Phone Inquiry,12300,Healthcare
FALSE,New Business,Partner Referral,60450,Energy
TRUE,New Business / Add-on,Partner Referral,52350,Banking
FALSE,Existing Business,Phone Inquiry,11970,Healthcare
TRUE,New Business / Add-on,Partner Referral,47970,Banking
FALSE,New Business / Add-on,Web,29790,Banking
FALSE,Existing Business,Web,39390,Healthcare
FALSE,New Business / Add-on,Phone Inquiry,12270,Banking
FALSE,Existing Business,Web,36570,Technology
FALSE,New Business,Phone Inquiry,12210,Banking
TRUE,New Business / Add-on,Partner Referral,53010,Banking
FALSE,New Business / Add-on,Phone Inquiry,11700,Banking
FALSE,New Business / Add-on,Partner Referral,45120,Energy
FALSE,New Business / Add-on,Partner Referral,66870,Technology
FALSE,New Business / Add-on,Partner Referral,42090,Healthcare
TRUE,New Business / Add-on,Partner Referral,56850,Banking
TRUE,New Business / Add-on,Partner Referral,57030,Banking
TRUE,New Business / Add-on,Partner Referral,47070,Banking
TRUE,New Business / Add-on,Partner Referral,42120,Banking
FALSE,Existing Business,Web,55200,Technology
FALSE,Existing Business,Web,51300,Energy
TRUE,New Business / Add-on,Web,24630,Technology
TRUE,New Business / Add-on,Partner Referral,51360,Banking
FALSE,New Business / Add-on,Partner Referral,49290,Banking
FALSE,New Business,Partner Referral,50640,Banking
FALSE,New Business / Add-on,Web,36540,Healthcare
FALSE,Existing Business,Phone Inquiry,12150,Technology
TRUE,New Business / Add-on,Partner Referral,47520,Banking
FALSE,New Business / Add-on,Partner Referral,57180,Healthcare
FALSE,New Business / Add-on,Phone Inquiry,11910,Healthcare
FALSE,Existing Business,Web,50610,Healthcare
FALSE,Existing Business,Phone Inquiry,11910,Technology
TRUE,New Business,Web,42000,Healthcare
FALSE,Existing Business,Web,49380,Technology
FALSE,New Business / Add-on,Web,40080,Technology
FALSE,Existing Business,Web,26760,Technology
FALSE,New Business,Partner Referral,59070,Technology
FALSE,New Business / Add-on,Partner Referral,42420,Healthcare
FALSE,New Business,Phone Inquiry,14970,Healthcare
TRUE,New Business / Add-on,Web,29970,Technology
TRUE,New Business / Add-on,Partner Referral,41550,Banking
FALSE,Existing Business,Partner Referral,61500,Energy
FALSE,Existing Business,Web,51930,Energy
FALSE,Existing Business,Phone Inquiry,14580,Technology
FALSE,New Business / Add-on,Web,35010,Energy
TRUE,New Business / Add-on,Partner Referral,56550,Banking
FALSE,Existing Business,Web,41250,Energy
FALSE,New Business / Add-on,Partner Referral,51480,Banking
FALSE,New Business,Phone Inquiry,12060,Energy
FALSE,New Business / Add-on,Phone Inquiry,12210,Healthcare
FALSE,New Business,Partner Referral,66480,Banking
TRUE,New Business,Web,43800,Banking
TRUE,New Business,Partner Referral,60030,Energy
FALSE,New Business / Add-on,Partner Referral,49710,Energy
FALSE,New Business / Add-on,Partner Referral,50610,Banking
FALSE,New Business,Phone Inquiry,11730,Healthcare
TRUE,New Business / Add-on,Partner Referral,41970,Technology
FALSE,New Business,Web,24540,Healthcare
FALSE,Existing Business,Web,48150,Healthcare
TRUE,New Business / Add-on,Web,29160,Energy
FALSE,New Business / Add-on,Partner Referral,42480,Banking
FALSE,New Business / Add-on,Web,36120,Healthcare
FALSE,New Business,Web,33120,Energy
TRUE,New Business / Add-on,Web,33480,Banking
FALSE,New Business,Web,32490,Technology
TRUE,New Business / Add-on,Partner Referral,48090,Technology
TRUE,New Business / Add-on,Partner Referral,45300,Banking
FALSE,New Business / Add-on,Partner Referral,60240,Technology
FALSE,New Business,Web,37530,Energy
FALSE,Existing Business,Web,42270,Technology
FALSE,New Business,Partner Referral,51300,Technology
TRUE,New Business / Add-on,Phone Inquiry,12120,Technology
FALSE,New Business / Add-on,Web,32700,Banking
FALSE,New Business / Add-on,Phone Inquiry,12450,Healthcare
FALSE,New Business / Add-on,Phone Inquiry,12210,Healthcare
FALSE,New Business,Partner Referral,54600,Technology
FALSE,Existing Business,Partner Referral,62880,Technology
TRUE,New Business / Add-on,Partner Referral,44850,Energy
TRUE,New Business / Add-on,Partner Referral,62430,Healthcare
FALSE,New Business / Add-on,Web,30660,Banking
FALSE,New Business / Add-on,Partner Referral,53880,Technology
FALSE,New Business / Add-on,Phone Inquiry,12330,Banking
FALSE,New Business / Add-on,Web,38430,Technology
FALSE,New Business / Add-on,Partner Referral,44910,Banking
TRUE,New Business / Add-on,Partner Referral,57990,Banking
TRUE,New Business / Add-on,Phone Inquiry,12030,Healthcare
TRUE,New Business / Add-on,Partner Referral,62070,Banking
FALSE,New Business / Add-on,Web,15000,Healthcare
FALSE,Existing Business,Phone Inquiry,12180,Energy
FALSE,New Business / Add-on,Phone Inquiry,15810,Healthcare
TRUE,New Business / Add-on,Phone Inquiry,11940,Banking
FALSE,New Business / Add-on,Web,32820,Healthcare
TRUE,New Business / Add-on,Web,27810,Banking
FALSE,New Business,Partner Referral,54150,Energy
TRUE,New Business / Add-on,Phone Inquiry,11970,Banking
FALSE,New Business / Add-on,Phone Inquiry,12390,Healthcare
TRUE,New Business / Add-on,Partner Referral,47760,Banking
FALSE,New Business,Phone Inquiry,15270,Technology
FALSE,New Business,Phone Inquiry,11700,Healthcare
TRUE,New Business / Add-on,Partner Referral,45540,Banking
TRUE,New Business / Add-on,Partner Referral,45720,Banking
FALSE,New Business,Web,39690,Energy
TRUE,New Business / Add-on,Phone Inquiry,11550,Healthcare
FALSE,New Business / Add-on,Web,41460,Energy
FALSE,New Business,Web,23460,Banking
FALSE,New Business / Add-on,Phone Inquiry,12030,Healthcare
FALSE,New Business,Web,35880,Banking
TRUE,New Business / Add-on,Partner Referral,50580,Banking
FALSE,New Business / Add-on,Web,29160,Banking
TRUE,New Business / Add-on,Partner Referral,47400,Banking
FALSE,Existing Business,Partner Referral,63210,Energy
FALSE,Existing Business,Phone Inquiry,15060,Technology
FALSE,New Business / Add-on,Web,29850,Banking
FALSE,New Business / Add-on,Partner Referral,56850,Banking
FALSE,New Business / Add-on,Partner Referral,55800,Banking
FALSE,Existing Business,Web,43140,Technology
FALSE,New Business,Web,46530,Healthcare
FALSE,New Business / Add-on,Phone Inquiry,11910,Banking
TRUE,New Business / Add-on,Partner Referral,42150,Banking
FALSE,New Business / Add-on,Partner Referral,57150,Banking
TRUE,New Business / Add-on,Partner Referral,50760,Energy
FALSE,New Business / Add-on,Web,15030,Technology
FALSE,New Business,Web,31890,Energy
FALSE,New Business / Add-on,Phone Inquiry,12090,Banking
FALSE,New Business / Add-on,Partner Referral,60750,Banking
FALSE,New Business,Partner Referral,60330,Technology
TRUE,New Business / Add-on,Phone Inquiry,14460,Healthcare
FALSE,Existing Business,Phone Inquiry,15180,Technology
FALSE,New Business,Web,43080,Banking
FALSE,New Business,Phone Inquiry,11820,Healthcare
FALSE,Existing Business,Web,29910,Banking
FALSE,New Business / Add-on,Partner Referral,41760,Healthcare
FALSE,New Business / Add-on,Phone Inquiry,11850,Banking
FALSE,New Business,Partner Referral,48480,Banking
TRUE,New Business / Add-on,Web,36000,Banking
TRUE,New Business / Add-on,Partner Referral,51930,Banking
TRUE,New Business / Add-on,Phone Inquiry,12510,Healthcare
FALSE,New Business,Web,38520,Technology
FALSE,New Business / Add-on,Web,21000,Banking
TRUE,New Business / Add-on,Web,30450,Banking
TRUE,New Business,Partner Referral,63300,Energy
FALSE,Existing Business,Phone Inquiry,11520,Banking
TRUE,New Business / Add-on,Partner Referral,51090,Technology
FALSE,New Business,Partner Referral,54390,Energy
FALSE,Existing Business,Phone Inquiry,12000,Healthcare
FALSE,New Business / Add-on,Partner Referral,44790,Banking
FALSE,Existing Business,Web,36720,Energy
FALSE,New Business,Phone Inquiry,11970,Healthcare
FALSE,New Business / Add-on,Web,32880,Healthcare
FALSE,Existing Business,Web,44070,Energy
FALSE,New Business,Web,30870,Healthcare
FALSE,Existing Business,Partner Referral,48270,Technology
TRUE,New Business / Add-on,Web,32520,Banking
TRUE,New Business,Partner Referral,65700,Banking
TRUE,New Business / Add-on,Partner Referral,62640,Banking
FALSE,New Business / Add-on,Partner Referral,51180,Banking
FALSE,New Business / Add-on,Partner Referral,47580,Banking
FALSE,New Business / Add-on,Web,45900,Technology
TRUE,New Business / Add-on,Partner Referral,63060,Energy
FALSE,Existing Business,Phone Inquiry,15240,Technology
FALSE,New Business / Add-on,Partner Referral,52110,Banking
FALSE,New Business / Add-on,Phone Inquiry,11790,Healthcare
TRUE,New Business / Add-on,Partner Referral,45420,Banking
FALSE,New Business / Add-on,Web,27330,Banking
FALSE,New Business / Add-on,Partner Referral,46860,Energy
FALSE,New Business,Phone Inquiry,11580,Healthcare
FALSE,Existing Business,Partner Referral,66300,Banking
TRUE,New Business / Add-on,Partner Referral,54480,Banking
FALSE,New Business / Add-on,Phone Inquiry,12180,Technology
FALSE,Existing Business,Web,48810,Energy
TRUE,New Business / Add-on,Partner Referral,58770,Banking
TRUE,New Business / Add-on,Partner Referral,64890,Energy
FALSE,New Business / Add-on,Web,33180,Banking
FALSE,Existing Business,Web,33930,Energy
TRUE,New Business / Add-on,Partner Referral,48300,Energy
FALSE,Existing Business,Phone Inquiry,11820,Healthcare
FALSE,New Business,Partner Referral,62430,Energy
FALSE,Existing Business,Web,31710,Technology
TRUE,New Business / Add-on,Partner Referral,62580,Technology
FALSE,New Business / Add-on,Partner Referral,48390,Technology
TRUE,New Business / Add-on,Partner Referral,42810,Healthcare
FALSE,Existing Business,Phone Inquiry,14790,Energy
FALSE,Existing Business,Phone Inquiry,12780,Technology
FALSE,Existing Business,Partner Referral,66120,Banking
TRUE,New Business / Add-on,Partner Referral,53640,Banking
FALSE,New Business / Add-on,Web,30630,Energy
FALSE,Existing Business,Phone Inquiry,11880,Healthcare
FALSE,New Business / Add-on,Phone Inquiry,11940,Healthcare
FALSE,New Business / Add-on,Partner Referral,52380,Banking
FALSE,Existing Business,Phone Inquiry,11910,Technology
FALSE,Existing Business,Web,53640,Healthcare
FALSE,Existing Business,Phone Inquiry,12000,Healthcare
FALSE,New Business / Add-on,Phone Inquiry,12030,Healthcare
FALSE,New Business / Add-on,Web,49950,Banking
TRUE,New Business / Add-on,Phone Inquiry,12360,Healthcare
FALSE,Existing Business,Partner Referral,61740,Technology
FALSE,Existing Business,Web,23460,Healthcare
TRUE,New Business / Add-on,Partner Referral,59970,Banking
FALSE,Existing Business,Partner Referral,68700,Healthcare
FALSE,Existing Business,Phone Inquiry,12120,Healthcare
FALSE,New Business,Web,33480,Banking
FALSE,Existing Business,Phone Inquiry,14520,Healthcare
TRUE,New Business / Add-on,Partner Referral,48600,Energy
FALSE,New Business,Web,43680,Energy
FALSE,New Business / Add-on,Partner Referral,59910,Energy
FALSE,New Business,Partner Referral,59700,Banking
TRUE,New Business / Add-on,Partner Referral,42090,Banking
FALSE,Existing Business,Phone Inquiry,12150,Energy
FALSE,Existing Business,Phone Inquiry,15600,Technology
FALSE,New Business / Add-on,Phone Inquiry,11940,Energy
FALSE,New Business / Add-on,Phone Inquiry,11430,Technology
FALSE,New Business / Add-on,Partner Referral,57900,Banking
FALSE,Existing Business,Phone Inquiry,11910,Energy
FALSE,New Business / Add-on,Phone Inquiry,15420,Healthcare
FALSE,New Business,Phone Inquiry,12180,Healthcare
TRUE,New Business / Add-on,Partner Referral,42090,Healthcare
FALSE,New Business / Add-on,Partner Referral,54930,Banking
FALSE,Existing Business,Web,23640,Healthcare
FALSE,New Business / Add-on,Partner Referral,63420,Technology
FALSE,New Business / Add-on,Partner Referral,42150,Banking
FALSE,Existing Business,Partner Referral,56250,Banking
TRUE,New Business,Partner Referral,57930,Energy
FALSE,New Business,Web,36000,Technology
FALSE,Existing Business,Web,35880,Energy
FALSE,New Business,Partner Referral,54390,Technology
FALSE,Existing Business,Partner Referral,65400,Technology
FALSE,New Business,Web,40860,Energy
FALSE,New Business / Add-on,Phone Inquiry,12240,Healthcare
FALSE,Existing Business,Web,49170,Technology
FALSE,New Business / Add-on,Web,36330,Banking
FALSE,New Business / Add-on,Web,39360,Technology
FALSE,Existing Business,Partner Referral,49500,Technology
FALSE,Existing Business,Web,49380,Technology
FALSE,Existing Business,Web,40890,Healthcare
FALSE,New Business / Add-on,Phone Inquiry,12180,Energy
TRUE,New Business,Partner Referral,57330,Banking
FALSE,New Business,Phone Inquiry,12120,Energy
FALSE,New Business / Add-on,Partner Referral,53520,Banking
TRUE,New Business / Add-on,Partner Referral,41790,Banking
TRUE,New Business / Add-on,Partner Referral,53580,Banking
FALSE,New Business / Add-on,Partner Referral,44880,Banking
FALSE,Existing Business,Phone Inquiry,12120,Healthcare
FALSE,Existing Business,Web,50640,Energy
TRUE,New Business / Add-on,Partner Referral,52530,Banking
FALSE,New Business / Add-on,Web,15090,Banking
FALSE,Existing Business,Phone Inquiry,11880,Energy
FALSE,New Business / Add-on,Web,30510,Banking
FALSE,New Business / Add-on,Partner Referral,61440,Banking
TRUE,New Business / Add-on,Partner Referral,57780,Healthcare
FALSE,New Business / Add-on,Web,33300,Energy
FALSE,Existing Business,Partner Referral,65850,Technology
FALSE,New Business / Add-on,Partner Referral,63840,Banking
FALSE,Existing Business,Web,36000,Energy
FALSE,New Business / Add-on,Partner Referral,53280,Energy
TRUE,New Business / Add-on,Partner Referral,51120,Banking
TRUE,New Business / Add-on,Web,21060,Banking
FALSE,New Business / Add-on,Phone Inquiry,11970,Healthcare
TRUE,New Business / Add-on,Partner Referral,59880,Energy
TRUE,New Business / Add-on,Web,21000,Banking
FALSE,New Business / Add-on,Web,39750,Banking
FALSE,Existing Business,Phone Inquiry,13980,Technology
TRUE,New Business / Add-on,Partner Referral,45600,Banking
FALSE,Existing Business,Phone Inquiry,15180,Energy
FALSE,Existing Business,Web,26730,Healthcare
FALSE,New Business,Partner Referral,62460,Energy
FALSE,New Business / Add-on,Partner Referral,55530,Technology
TRUE,New Business / Add-on,Partner Referral,56310,Banking
FALSE,New Business / Add-on,Partner Referral,60870,Technology
TRUE,New Business / Add-on,Partner Referral,50580,Banking
FALSE,Existing Business,Partner Referral,56730,Energy
FALSE,New Business / Add-on,Partner Referral,57300,Banking
FALSE,New Business,Partner Referral,60180,Energy
FALSE,Existing Business,Web,33300,Energy
FALSE,New Business / Add-on,Web,29910,Energy
FALSE,New Business / Add-on,Partner Referral,53730,Technology
FALSE,Existing Business,Phone Inquiry,11490,Healthcare
FALSE,New Business / Add-on,Partner Referral,59880,Banking
TRUE,New Business / Add-on,Partner Referral,50640,Energy
FALSE,Existing Business,Partner Referral,67830,Energy
TRUE,New Business / Add-on,Partner Referral,60660,Banking
FALSE,New Business,Phone Inquiry,11970,Healthcare
FALSE,New Business / Add-on,Web,44490,Banking
FALSE,New Business,Partner Referral,55200,Banking
FALSE,New Business / Add-on,Partner Referral,44310,Banking
TRUE,New Business / Add-on,Web,30270,Banking
FALSE,Existing Business,Phone Inquiry,14670,Healthcare
FALSE,New Business,Phone Inquiry,14880,Energy
FALSE,New Business,Web,38910,Technology
FALSE,New Business / Add-on,Phone Inquiry,12450,Technology
FALSE,New Business / Add-on,Web,41370,Healthcare
TRUE,New Business / Add-on,Partner Referral,59970,Healthcare
FALSE,New Business / Add-on,Partner Referral,65640,Energy
TRUE,New Business / Add-on,Partner Referral,54840,Banking
FALSE,New Business / Add-on,Web,29400,Healthcare
FALSE,New Business,Web,30150,Healthcare
TRUE,New Business / Add-on,Partner Referral,45330,Energy
FALSE,New Business,Phone Inquiry,11940,Energy
FALSE,New Business,Partner Referral,58680,Technology
FALSE,New Business,Partner Referral,60180,Banking
FALSE,New Business / Add-on,Web,33480,Healthcare
FALSE,Existing Business,Partner Referral,66690,Banking
FALSE,New Business / Add-on,Partner Referral,59130,Healthcare
FALSE,New Business / Add-on,Web,30030,Banking
TRUE,New Business / Add-on,Partner Referral,48480,Energy
FALSE,New Business / Add-on,Phone Inquiry,12510,Banking
FALSE,New Business / Add-on,Phone Inquiry,11700,Technology
FALSE,New Business / Add-on,Phone Inquiry,11610,Healthcare
FALSE,New Business / Add-on,Web,41700,Healthcare
FALSE,New Business / Add-on,Web,29280,Energy
FALSE,New Business / Add-on,Partner Referral,56700,Banking
FALSE,New Business / Add-on,Phone Inquiry,12390,Healthcare
FALSE,Existing Business,Partner Referral,63630,Energy
TRUE,New Business / Add-on,Partner Referral,60000,Banking
FALSE,New Business,Partner Referral,64980,Banking
TRUE,New Business / Add-on,Phone Inquiry,12330,Banking
FALSE,Existing Business,Partner Referral,59790,Banking
TRUE,New Business / Add-on,Partner Referral,51180,Banking
FALSE,New Business / Add-on,Partner Referral,57540,Energy
FALSE,New Business,Phone Inquiry,12000,Healthcare
TRUE,New Business / Add-on,Partner Referral,42240,Banking
FALSE,New Business / Add-on,Web,38970,Healthcare
FALSE,New Business / Add-on,Partner Referral,44760,Energy
FALSE,New Business / Add-on,Web,29520,Banking
FALSE,New Business,Web,44250,Healthcare
FALSE,New Business,Partner Referral,55380,Technology
TRUE,New Business / Add-on,Partner Referral,59280,Technology
FALSE,New Business / Add-on,Phone Inquiry,11520,Healthcare
FALSE,New Business / Add-on,Partner Referral,53190,Energy
TRUE,New Business / Add-on,Partner Referral,44640,Energy
TRUE,New Business / Add-on,Partner Referral,59250,Banking
FALSE,New Business / Add-on,Partner Referral,57570,Technology
FALSE,Existing Business,Partner Referral,63240,Energy
FALSE,New Business / Add-on,Phone Inquiry,12150,Healthcare
TRUE,New Business,Partner Referral,63600,Banking
TRUE,New Business / Add-on,Partner Referral,62820,Banking
FALSE,New Business,Web,29430,Banking
FALSE,New Business,Web,21330,Healthcare
FALSE,Existing Business,Web,39060,Energy
FALSE,New Business / Add-on,Partner Referral,58110,Banking
FALSE,New Business,Web,41850,Energy
FALSE,Existing Business,Partner Referral,59520,Banking
TRUE,New Business / Add-on,Partner Referral,58020,Banking
TRUE,New Business / Add-on,Web,33030,Energy
FALSE,New Business,Partner Referral,64080,Banking
FALSE,New Business / Add-on,Web,30750,Healthcare
FALSE,New Business,Web,34650,Healthcare
FALSE,New Business,Web,42510,Technology
FALSE,New Business / Add-on,Phone Inquiry,11730,Healthcare
TRUE,New Business / Add-on,Partner Referral,52920,Banking
FALSE,New Business / Add-on,Partner Referral,47700,Technology
TRUE,New Business,Phone Inquiry,11850,Healthcare
FALSE,New Business / Add-on,Partner Referral,58890,Technology
FALSE,New Business / Add-on,Phone Inquiry,12150,Banking
FALSE,New Business / Add-on,Partner Referral,47490,Technology
TRUE,New Business / Add-on,Partner Referral,45390,Banking
FALSE,New Business / Add-on,Partner Referral,56550,Banking
FALSE,New Business / Add-on,Web,24120,Energy
FALSE,Existing Business,Phone Inquiry,11970,Healthcare
FALSE,New Business,Web,33210,Banking
FALSE,New Business,Partner Referral,61290,Technology
FALSE,New Business / Add-on,Partner Referral,42660,Banking
TRUE,New Business / Add-on,Partner Referral,44820,Banking
FALSE,Existing Business,Web,32460,Technology
FALSE,Existing Business,Phone Inquiry,11790,Energy
FALSE,New Business / Add-on,Partner Referral,53070,Technology
TRUE,New Business / Add-on,Partner Referral,45990,Banking
FALSE,Existing Business,Web,48240,Energy
FALSE,Existing Business,Phone Inquiry,11550,Technology
FALSE,New Business / Add-on,Partner Referral,50880,Banking
TRUE,New Business / Add-on,Web,15480,Healthcare
FALSE,Existing Business,Phone Inquiry,11700,Energy
FALSE,New Business,Web,41160,Banking
FALSE,New Business / Add-on,Partner Referral,55560,Banking
FALSE,New Business,Partner Referral,60330,Banking
FALSE,New Business / Add-on,Phone Inquiry,12330,Energy
TRUE,New Business / Add-on,Web,25560,Banking
FALSE,New Business / Add-on,Phone Inquiry,11760,Healthcare
FALSE,New Business,Web,40470,Banking
TRUE,New Business / Add-on,Web,41310,Technology
FALSE,New Business / Add-on,Web,26130,Healthcare
FALSE,New Business / Add-on,Partner Referral,65910,Energy
FALSE,New Business / Add-on,Phone Inquiry,12390,Healthcare
FALSE,New Business / Add-on,Partner Referral,57240,Banking
FALSE,Existing Business,Phone Inquiry,12600,Technology
FALSE,New Business / Add-on,Web,33720,Banking
FALSE,Existing Business,Phone Inquiry,11040,Technology
TRUE,New Business / Add-on,Partner Referral,54000,Energy
FALSE,New Business / Add-on,Phone Inquiry,15450,Banking
FALSE,New Business / Add-on,Phone Inquiry,11760,Energy
TRUE,New Business / Add-on,Partner Referral,45210,Banking
FALSE,Existing Business,Phone Inquiry,11880,Energy
FALSE,New Business / Add-on,Web,38520,Banking
FALSE,Existing Business,Web,45450,Technology
FALSE,Existing Business,Web,47370,Banking
TRUE,New Business / Add-on,Partner Referral,60510,Banking
FALSE,New Business / Add-on,Web,30180,Banking
FALSE,New Business / Add-on,Partner Referral,48180,Energy
FALSE,Existing Business,Phone Inquiry,11910,Technology
FALSE,Existing Business,Phone Inquiry,12660,Banking
TRUE,New Business / Add-on,Partner Referral,41970,Banking
FALSE,New Business / Add-on,Web,30000,Healthcare
FALSE,Existing Business,Partner Referral,62850,Technology
FALSE,Existing Business,Phone Inquiry,11910,Technology
TRUE,New Business,Partner Referral,64500,Banking
FALSE,New Business / Add-on,Partner Referral,51540,Banking
TRUE,New Business / Add-on,Web,27510,Healthcare
FALSE,New Business / Add-on,Partner Referral,48480,Banking
FALSE,Existing Business,Phone Inquiry,15150,Healthcare
FALSE,Existing Business,Web,48330,Technology
FALSE,New Business / Add-on,Partner Referral,48900,Technology
FALSE,New Business / Add-on,Phone Inquiry,12540,Healthcare
TRUE,New Business,Partner Referral,63660,Technology
TRUE,New Business / Add-on,Partner Referral,55020,Banking
FALSE,New Business / Add-on,Web,40350,Banking
TRUE,New Business / Add-on,Partner Referral,57360,Energy
FALSE,New Business / Add-on,Phone Inquiry,12210,Healthcare
FALSE,New Business,Web,27030,Technology
TRUE,New Business / Add-on,Partner Referral,44970,Banking
FALSE,New Business / Add-on,Web,20790,Healthcare
FALSE,New Business / Add-on,Partner Referral,41610,Banking
TRUE,New Business / Add-on,Partner Referral,57210,Banking
FALSE,New Business / Add-on,Partner Referral,48930,Banking
FALSE,Existing Business,Web,45240,Technology
FALSE,New Business / Add-on,Web,40680,Energy
FALSE,New Business / Add-on,Partner Referral,66840,Banking
FALSE,New Business / Add-on,Web,27780,Banking
FALSE,Existing Business,Phone Inquiry,12240,Technology
FALSE,New Business / Add-on,Phone Inquiry,12030,Healthcare
TRUE,New Business / Add-on,Web,27000,Banking
FALSE,New Business,Partner Referral,57660,Banking
FALSE,New Business,Phone Inquiry,11790,Healthcare
TRUE,New Business / Add-on,Partner Referral,59700,Banking
FALSE,New Business,Web,36390,Technology
TRUE,New Business,Partner Referral,59160,Technology
TRUE,New Business / Add-on,Web,35700,Healthcare
TRUE,New Business / Add-on,Partner Referral,48270,Banking
FALSE,New Business,Web,43020,Technology
FALSE,New Business / Add-on,Web,21600,Healthcare
FALSE,New Business,Web,39120,Technology
FALSE,New Business / Add-on,Web,29370,Energy
FALSE,Existing Business,Web,32100,Technology
FALSE,New Business,Web,48270,Energy
FALSE,Existing Business,Partner Referral,65430,Technology
FALSE,Existing Business,Phone Inquiry,15780,Technology
FALSE,New Business,Partner Referral,64080,Banking
FALSE,New Business / Add-on,Web,38970,Banking
FALSE,Existing Business,Phone Inquiry,11610,Banking
FALSE,New Business / Add-on,Phone Inquiry,12660,Energy
TRUE,New Business / Add-on,Partner Referral,46770,Energy
FALSE,New Business / Add-on,Phone Inquiry,11310,Healthcare
FALSE,Existing Business,Phone Inquiry,15600,Technology
TRUE,New Business / Add-on,Partner Referral,44820,Banking
FALSE,New Business / Add-on,Partner Referral,42210,Banking
FALSE,Existing Business,Partner Referral,58140,Technology
FALSE,Existing Business,Phone Inquiry,11730,Technology
FALSE,Existing Business,Web,48240,Technology
FALSE,New Business / Add-on,Partner Referral,48030,Technology
FALSE,New Business / Add-on,Partner Referral,45330,Banking
FALSE,New Business / Add-on,Web,29730,Banking
TRUE,New Business / Add-on,Partner Referral,48780,Banking
FALSE,Existing Business,Phone Inquiry,14340,Energy
FALSE,New Business / Add-on,Web,39840,Technology
TRUE,New Business / Add-on,Phone Inquiry,11760,Banking
FALSE,Existing Business,Phone Inquiry,11280,Energy
FALSE,Existing Business,Partner Referral,65040,Banking
FALSE,New Business / Add-on,Partner Referral,51570,Healthcare
TRUE,New Business / Add-on,Partner Referral,51270,Banking
FALSE,Existing Business,Web,48540,Technology
TRUE,New Business / Add-on,Partner Referral,42600,Banking
FALSE,Existing Business,Partner Referral,67080,Energy
FALSE,New Business / Add-on,Phone Inquiry,12360,Energy
TRUE,New Business / Add-on,Partner Referral,51030,Banking
FALSE,New Business / Add-on,Web,26760,Banking
TRUE,New Business / Add-on,Web,26640,Banking
FALSE,Existing Business,Partner Referral,63060,Energy
FALSE,Existing Business,Partner Referral,69090,Energy
FALSE,New Business,Web,35880,Healthcare
FALSE,New Business,Phone Inquiry,15780,Banking
FALSE,New Business / Add-on,Partner Referral,42330,Banking
FALSE,New Business / Add-on,Phone Inquiry,12030,Healthcare
FALSE,Existing Business,Web,47910,Technology
TRUE,New Business / Add-on,Partner Referral,42180,Banking
TRUE,New Business / Add-on,Partner Referral,47610,Technology
FALSE,New Business / Add-on,Partner Referral,54030,Energy
FALSE,Existing Business,Phone Inquiry,14670,Technology
FALSE,New Business,Web,35970,Banking
FALSE,New Business,Phone Inquiry,15210,Technology
TRUE,New Business / Add-on,Partner Referral,54480,Technology
TRUE,New Business / Add-on,Partner Referral,42270,Banking
FALSE,New Business / Add-on,Web,20580,Energy
FALSE,New Business / Add-on,Partner Referral,63030,Banking
FALSE,Existing Business,Phone Inquiry,11580,Healthcare
FALSE,New Business,Phone Inquiry,11490,Healthcare
FALSE,New Business / Add-on,Web,30840,Banking
FALSE,New Business / Add-on,Web,43110,Banking
FALSE,New Business / Add-on,Partner Referral,45240,Banking
FALSE,New Business,Web,29820,Technology
TRUE,New Business,Web,27150,Banking
FALSE,New Business / Add-on,Web,47250,Banking
FALSE,New Business,Partner Referral,48960,Technology
FALSE,New Business / Add-on,Partner Referral,42240,Energy
TRUE,New Business / Add-on,Partner Referral,45480,Banking
FALSE,New Business / Add-on,Partner Referral,45660,Banking
FALSE,New Business,Partner Referral,56400,Technology
FALSE,Existing Business,Partner Referral,62370,Energy
FALSE,Existing Business,Phone Inquiry,11970,Technology
TRUE,New Business / Add-on,Partner Referral,42780,Energy
FALSE,New Business,Partner Referral,66480,Technology
TRUE,New Business / Add-on,Partner Referral,41460,Banking
FALSE,New Business,Partner Referral,57660,Banking
FALSE,New Business / Add-on,Web,29280,Healthcare
FALSE,New Business / Add-on,Web,30330,Energy
FALSE,New Business / Add-on,Web,26790,Healthcare
TRUE,New Business / Add-on,Partner Referral,52950,Banking
FALSE,New Business,Phone Inquiry,11670,Technology
FALSE,Existing Business,Web,53580,Energy
TRUE,New Business / Add-on,Partner Referral,42000,Technology
FALSE,Existing Business,Phone Inquiry,11550,Healthcare
FALSE,New Business / Add-on,Partner Referral,42300,Technology
TRUE,New Business / Add-on,Partner Referral,58410,Banking
FALSE,Existing Business,Phone Inquiry,11790,Technology
FALSE,New Business / Add-on,Phone Inquiry,12510,Healthcare
FALSE,New Business / Add-on,Phone Inquiry,11790,Healthcare
FALSE,Existing Business,Phone Inquiry,11610,Energy
FALSE,New Business / Add-on,Web,26400,Healthcare
FALSE,New Business,Partner Referral,56640,Banking
TRUE,New Business / Add-on,Phone Inquiry,15540,Technology
TRUE,New Business / Add-on,Web,33390,Technology
TRUE,New Business / Add-on,Partner Referral,41790,Banking
FALSE,New Business / Add-on,Partner Referral,45240,Banking
TRUE,New Business / Add-on,Partner Referral,60360,Banking
FALSE,Existing Business,Web,42600,Technology
TRUE,New Business / Add-on,Partner Referral,51600,Banking
TRUE,New Business,Partner Referral,64170,Energy
FALSE,New Business,Phone Inquiry,12720,Healthcare
FALSE,Existing Business,Web,36630,Healthcare
TRUE,New Business / Add-on,Web,17760,Banking
FALSE,New Business,Web,47970,Technology
FALSE,Existing Business,Phone Inquiry,11820,Healthcare
FALSE,New Business / Add-on,Phone Inquiry,12180,Healthcare
TRUE,New Business,Web,35940,Technology
FALSE,New Business,Phone Inquiry,14610,Healthcare
FALSE,Existing Business,Phone Inquiry,11850,Healthcare
FALSE,New Business / Add-on,Web,30180,Healthcare
TRUE,New Business / Add-on,Partner Referral,57360,Banking
FALSE,New Business / Add-on,Web,30150,Banking
FALSE,Existing Business,Web,51210,Energy
TRUE,New Business,Web,24960,Banking
FALSE,New Business / Add-on,Web,30990,Healthcare
FALSE,Existing Business,Phone Inquiry,14400,Technology
TRUE,New Business / Add-on,Partner Referral,60510,Energy
FALSE,New Business / Add-on,Web,35910,Healthcare
FALSE,Existing Business,Phone Inquiry,15270,Energy
FALSE,Existing Business,Phone Inquiry,14340,Energy
FALSE,New Business,Phone Inquiry,14490,Energy
FALSE,New Business / Add-on,Partner Referral,45420,Healthcare
TRUE,New Business / Add-on,Web,24120,Technology
TRUE,New Business / Add-on,Partner Referral,50700,Banking
FALSE,New Business / Add-on,Web,30510,Healthcare
FALSE,Existing Business,Partner Referral,54960,Energy
FALSE,New Business,Partner Referral,59340,Banking
FALSE,New Business / Add-on,Partner Referral,51000,Banking
TRUE,New Business / Add-on,Partner Referral,47370,Banking
FALSE,New Business / Add-on,Web,26580,Healthcare
TRUE,New Business / Add-on,Phone Inquiry,12120,Healthcare
FALSE,New Business,Partner Referral,48120,Healthcare
FALSE,New Business / Add-on,Web,36540,Healthcare
FALSE,New Business / Add-on,Web,20520,Healthcare
TRUE,New Business / Add-on,Partner Referral,51120,Technology
FALSE,New Business,Partner Referral,52290,Energy
FALSE,New Business / Add-on,Web,32580,Banking
FALSE,Existing Business,Phone Inquiry,11460,Healthcare
FALSE,Existing Business,Partner Referral,67650,Energy
FALSE,New Business / Add-on,Phone Inquiry,11970,Healthcare
FALSE,Existing Business,Phone Inquiry,11700,Healthcare
FALSE,Existing Business,Web,39330,Technology
FALSE,New Business / Add-on,Partner Referral,47280,Banking
FALSE,New Business,Web,46920,Healthcare
FALSE,Existing Business,Partner Referral,63150,Technology
FALSE,New Business / Add-on,Partner Referral,53550,Banking
FALSE,Existing Business,Phone Inquiry,12390,Energy
FALSE,New Business,Web,41220,Banking
FALSE,New Business / Add-on,Web,47190,Energy
FALSE,Existing Business,Phone Inquiry,14850,Healthcare
FALSE,Existing Business,Phone Inquiry,11850,Energy
FALSE,New Business / Add-on,Partner Referral,53460,Banking
FALSE,Existing Business,Partner Referral,50820,Technology
TRUE,New Business / Add-on,Partner Referral,58800,Banking
TRUE,New Business / Add-on,Partner Referral,56670,Banking
TRUE,New Business / Add-on,Partner Referral,63000,Banking
TRUE,New Business / Add-on,Partner Referral,56310,Banking
FALSE,New Business / Add-on,Web,35940,Banking
FALSE,Existing Business,Phone Inquiry,11970,Healthcare
TRUE,New Business / Add-on,Partner Referral,50400,Banking
FALSE,New Business / Add-on,Partner Referral,65340,Banking
FALSE,New Business / Add-on,Web,20160,Healthcare
FALSE,New Business,Partner Referral,51510,Healthcare
FALSE,New Business / Add-on,Web,20910,Technology
TRUE,New Business / Add-on,Web,29250,Banking
TRUE,New Business / Add-on,Partner Referral,50910,Banking
TRUE,New Business / Add-on,Web,33990,Healthcare
FALSE,New Business / Add-on,Partner Referral,57180,Energy
TRUE,New Business,Web,44340,Energy
TRUE,Existing Business,Phone Inquiry,14700,Healthcare
FALSE,Existing Business,Partner Referral,50760,Technology
FALSE,New Business / Add-on,Web,26970,Banking
FALSE,New Business / Add-on,Web,14820,Banking
FALSE,New Business / Add-on,Partner Referral,60180,Energy
FALSE,New Business / Add-on,Phone Inquiry,15270,Healthcare
FALSE,New Business / Add-on,Web,30420,Healthcare
FALSE,New Business / Add-on,Web,33000,Energy
FALSE,Existing Business,Web,41040,Technology
TRUE,New Business / Add-on,Partner Referral,53940,Banking
TRUE,New Business / Add-on,Partner Referral,47130,Banking
FALSE,New Business / Add-on,Web,33030,Technology
FALSE,Existing Business,Phone Inquiry,11880,Energy
FALSE,New Business,Partner Referral,50670,Banking
FALSE,New Business / Add-on,Web,21540,Healthcare
FALSE,New Business / Add-on,Partner Referral,48450,Technology
FALSE,New Business,Web,47190,Healthcare
FALSE,New Business / Add-on,Web,37050,Technology
FALSE,New Business,Web,38220,Energy
TRUE,New Business / Add-on,Partner Referral,59670,Banking
TRUE,New Business / Add-on,Web,15120,Technology
TRUE,New Business,Web,44430,Healthcare
FALSE,New Business / Add-on,Partner Referral,52560,Banking
FALSE,New Business / Add-on,Partner Referral,53490,Banking
FALSE,Existing Business,Phone Inquiry,12000,Energy
TRUE,New Business / Add-on,Web,33000,Energy
FALSE,Existing Business,Partner Referral,62640,Technology
FALSE,New Business / Add-on,Phone Inquiry,12030,Energy
TRUE,New Business / Add-on,Partner Referral,53850,Banking
FALSE,New Business / Add-on,Web,20580,Banking
FALSE,Existing Business,Phone Inquiry,12390,Technology
FALSE,New Business / Add-on,Partner Referral,50550,Healthcare
FALSE,Existing Business,Phone Inquiry,11790,Technology
FALSE,New Business,Web,47910,Energy
FALSE,Existing Business,Phone Inquiry,12120,Healthcare
FALSE,New Business,Phone Inquiry,11880,Healthcare
FALSE,New Business / Add-on,Web,30210,Banking
TRUE,New Business / Add-on,Partner Referral,51090,Banking
FALSE,New Business,Web,44760,Technology
FALSE,New Business / Add-on,Partner Referral,47490,Energy
FALSE,Existing Business,Phone Inquiry,12210,Healthcare
FALSE,Existing Business,Phone Inquiry,12630,Technology
TRUE,New Business / Add-on,Partner Referral,56760,Banking
FALSE,New Business / Add-on,Partner Referral,56820,Banking
TRUE,New Business / Add-on,Partner Referral,56550,Banking
TRUE,New Business,Web,43470,Energy
FALSE,New Business / Add-on,Partner Referral,44970,Banking
TRUE,New Business / Add-on,Partner Referral,63120,Banking
FALSE,Existing Business,Partner Referral,67170,Technology
FALSE,Existing Business,Phone Inquiry,11910,Technology
FALSE,New Business / Add-on,Partner Referral,53850,Banking
FALSE,Existing Business,Phone Inquiry,12030,Healthcare
FALSE,Existing Business,Partner Referral,65370,Banking
TRUE,New Business / Add-on,Partner Referral,53280,Banking
FALSE,New Business,Partner Referral,56790,Banking
TRUE,New Business / Add-on,Partner Referral,54150,Banking
TRUE,New Business / Add-on,Web,38790,Technology
FALSE,New Business,Partner Referral,57450,Energy
FALSE,Existing Business,Phone Inquiry,11730,Energy
FALSE,Existing Business,Partner Referral,62460,Energy
TRUE,New Business / Add-on,Partner Referral,53430,Technology
FALSE,New Business,Phone Inquiry,12060,Healthcare
FALSE,New Business,Partner Referral,66930,Banking
FALSE,Existing Business,Web,36300,Energy
FALSE,Existing Business,Web,54570,Technology
TRUE,New Business,Partner Referral,52440,Banking
FALSE,New Business / Add-on,Phone Inquiry,11820,Healthcare
FALSE,Existing Business,Web,30570,Technology
FALSE,New Business,Phone Inquiry,12030,Technology
FALSE,Existing Business,Phone Inquiry,11640,Healthcare
FALSE,New Business / Add-on,Web,35670,Banking
TRUE,New Business / Add-on,Partner Referral,56850,Banking
FALSE,Existing Business,Web,48900,Energy
FALSE,New Business / Add-on,Web,17430,Technology
TRUE,New Business / Add-on,Partner Referral,51870,Banking
FALSE,New Business,Web,42360,Healthcare
FALSE,Existing Business,Partner Referral,58320,Technology
TRUE,New Business,Partner Referral,58950,Banking
TRUE,New Business / Add-on,Partner Referral,45450,Technology
FALSE,New Business / Add-on,Web,35520,Technology
FALSE,New Business / Add-on,Partner Referral,45540,Healthcare
FALSE,New Business / Add-on,Partner Referral,54030,Banking
FALSE,Existing Business,Web,42570,Technology
FALSE,New Business / Add-on,Partner Referral,61560,Banking
TRUE,New Business / Add-on,Partner Referral,51210,Technology
TRUE,New Business,Partner Referral,63660,Energy
FALSE,New Business / Add-on,Web,26280,Banking
FALSE,Existing Business,Web,35400,Banking
FALSE,New Business,Web,41970,Banking
FALSE,New Business,Phone Inquiry,14610,Technology
FALSE,New Business,Web,17670,Energy
FALSE,Existing Business,Partner Referral,50640,Energy
TRUE,New Business / Add-on,Web,27030,Banking
FALSE,New Business,Phone Inquiry,12390,Healthcare
FALSE,Existing Business,Web,52260,Technology
FALSE,New Business / Add-on,Phone Inquiry,11910,Healthcare
FALSE,New Business / Add-on,Partner Referral,54210,Banking
TRUE,New Business / Add-on,Partner Referral,65880,Healthcare
TRUE,New Business / Add-on,Partner Referral,50790,Banking
FALSE,New Business,Web,39300,Healthcare
TRUE,New Business / Add-on,Partner Referral,47700,Technology
FALSE,New Business / Add-on,Partner Referral,48570,Banking
FALSE,New Business / Add-on,Web,33690,Healthcare
TRUE,New Business / Add-on,Partner Referral,51480,Healthcare
TRUE,New Business / Add-on,Partner Referral,47460,Banking
FALSE,New Business / Add-on,Web,20640,Healthcare
FALSE,Existing Business,Phone Inquiry,12450,Healthcare
FALSE,New Business,Phone Inquiry,11280,Healthcare
TRUE,New Business / Add-on,Web,26580,Healthcare
FALSE,New Business / Add-on,Partner Referral,54480,Banking
FALSE,New Business / Add-on,Phone Inquiry,15360,Banking
TRUE,New Business / Add-on,Partner Referral,63570,Energy
FALSE,Existing Business,Web,42480,Energy
FALSE,New Business / Add-on,Phone Inquiry,15240,Banking
FALSE,New Business / Add-on,Partner Referral,65280,Technology
TRUE,New Business / Add-on,Partner Referral,41850,Banking
TRUE,New Business / Add-on,Partner Referral,56790,Banking
TRUE,New Business / Add-on,Partner Referral,57630,Technology
FALSE,New Business / Add-on,Partner Referral,46110,Banking
FALSE,Existing Business,Phone Inquiry,12150,Healthcare
FALSE,New Business,Phone Inquiry,14880,Energy
FALSE,New Business / Add-on,Partner Referral,69390,Banking
FALSE,New Business / Add-on,Partner Referral,44760,Energy
TRUE,New Business / Add-on,Web,30090,Healthcare
FALSE,New Business,Partner Referral,61890,Technology
FALSE,Existing Business,Web,43260,Energy
TRUE,New Business / Add-on,Partner Referral,68160,Technology
FALSE,Existing Business,Phone Inquiry,15060,Healthcare
TRUE,New Business / Add-on,Partner Referral,47340,Banking
FALSE,New Business / Add-on,Partner Referral,48090,Banking
FALSE,Existing Business,Phone Inquiry,15240,Healthcare
FALSE,New Business,Partner Referral,63240,Energy
FALSE,New Business / Add-on,Web,27450,Healthcare
FALSE,New Business,Phone Inquiry,14670,Healthcare
FALSE,Existing Business,Phone Inquiry,15000,Energy
FALSE,Existing Business,Web,51150,Banking
FALSE,Existing Business,Phone Inquiry,11760,Energy
FALSE,New Business / Add-on,Web,30090,Healthcare
FALSE,New Business / Add-on,Partner Referral,42330,Banking
TRUE,New Business / Add-on,Web,36030,Banking
FALSE,New Business,Phone Inquiry,15840,Healthcare
FALSE,Existing Business,Phone Inquiry,12090,Healthcare
FALSE,New Business / Add-on,Web,35310,Healthcare
FALSE,New Business / Add-on,Partner Referral,58530,Energy
FALSE,Existing Business,Phone Inquiry,11790,Energy
FALSE,New Business,Web,15150,Energy
FALSE,Existing Business,Partner Referral,68670,Energy
TRUE,New Business / Add-on,Web,20820,Banking
FALSE,New Business,Web,42420,Banking
TRUE,New Business / Add-on,Partner Referral,51180,Banking
FALSE,Existing Business,Web,45330,Energy
FALSE,Existing Business,Partner Referral,50880,Banking
FALSE,New Business,Phone Inquiry,12390,Healthcare
FALSE,Existing Business,Phone Inquiry,12270,Technology
TRUE,New Business,Partner Referral,61470,Energy
TRUE,New Business / Add-on,Partner Referral,62640,Technology
FALSE,New Business / Add-on,Web,21390,Banking
TRUE,New Business / Add-on,Partner Referral,59850,Banking
FALSE,New Business / Add-on,Partner Referral,54270,Banking
FALSE,Existing Business,Partner Referral,58590,Energy
FALSE,New Business / Add-on,Partner Referral,44310,Banking
TRUE,New Business / Add-on,Web,44640,Banking
FALSE,Existing Business,Web,41460,Energy
FALSE,New Business / Add-on,Partner Referral,49650,Banking
FALSE,Existing Business,Phone Inquiry,14640,Energy
FALSE,New Business,Web,33150,Banking
FALSE,New Business / Add-on,Web,36810,Technology
FALSE,New Business,Web,46050,Energy
FALSE,Existing Business,Phone Inquiry,11640,Healthcare
FALSE,New Business / Add-on,Web,32850,Energy
FALSE,Existing Business,Phone Inquiry,11820,Energy
FALSE,New Business,Phone Inquiry,11940,Technology
FALSE,New Business / Add-on,Partner Referral,64770,Banking
FALSE,New Business / Add-on,Partner Referral,50280,Technology
TRUE,New Business / Add-on,Partner Referral,44550,Energy
FALSE,New Business,Web,33840,Energy
FALSE,Existing Business,Phone Inquiry,12060,Healthcare
FALSE,New Business / Add-on,Partner Referral,56940,Banking
FALSE,New Business / Add-on,Partner Referral,56520,Banking
FALSE,New Business / Add-on,Web,29940,Banking
FALSE,New Business / Add-on,Web,42630,Banking
FALSE,Existing Business,Web,48990,Technology
FALSE,New Business,Partner Referral,53670,Technology
TRUE,New Business / Add-on,Web,35910,Banking
TRUE,New Business / Add-on,Partner Referral,41760,Banking
FALSE,New Business,Partner Referral,59400,Banking
FALSE,New Business / Add-on,Phone Inquiry,11430,Healthcare
TRUE,New Business / Add-on,Web,27240,Banking
FALSE,Existing Business,Partner Referral,68670,Technology
TRUE,New Business / Add-on,Phone Inquiry,11700,Healthcare
FALSE,New Business / Add-on,Web,26550,Healthcare
FALSE,New Business,Partner Referral,54330,Technology
TRUE,New Business / Add-on,Partner Referral,41940,Banking
FALSE,New Business / Add-on,Phone Inquiry,12240,Technology
FALSE,New Business / Add-on,Web,42840,Technology
TRUE,New Business / Add-on,Partner Referral,52290,Technology
FALSE,Existing Business,Phone Inquiry,14910,Energy
FALSE,New Business,Partner Referral,62670,Technology
FALSE,Existing Business,Phone Inquiry,11880,Energy
FALSE,Existing Business,Partner Referral,69870,Technology
TRUE,New Business / Add-on,Partner Referral,50850,Technology
FALSE,Existing Business,Phone Inquiry,12030,Energy
FALSE,New Business / Add-on,Partner Referral,66450,Banking
FALSE,Existing Business,Partner Referral,53820,Technology
TRUE,New Business / Add-on,Partner Referral,53970,Banking
FALSE,New Business,Web,29220,Energy
FALSE,Existing Business,Partner Referral,57960,Technology
FALSE,New Business,Web,44580,Energy
FALSE,New Business / Add-on,Web,32580,Banking
FALSE,New Business,Web,44910,Technology
FALSE,Existing Business,Partner Referral,47970,Technology
FALSE,Existing Business,Phone Inquiry,12030,Technology
FALSE,New Business / Add-on,Phone Inquiry,11640,Healthcare
FALSE,New Business,Web,32940,Technology
FALSE,Existing Business,Phone Inquiry,14670,Energy
FALSE,New Business / Add-on,Partner Referral,53790,Technology
FALSE,New Business / Add-on,Web,27240,Banking
FALSE,Existing Business,Web,45420,Healthcare
FALSE,New Business,Partner Referral,66390,Energy
FALSE,New Business,Phone Inquiry,12330,Healthcare
FALSE,Existing Business,Partner Referral,69090,Energy
FALSE,New Business,Web,35130,Energy
FALSE,New Business / Add-on,Partner Referral,55950,Technology
TRUE,New Business / Add-on,Partner Referral,67920,Banking
TRUE,New Business / Add-on,Partner Referral,54300,Banking
TRUE,New Business / Add-on,Partner Referral,47400,Banking
FALSE,Existing Business,Phone Inquiry,11610,Technology
FALSE,New Business / Add-on,Web,29250,Healthcare
FALSE,Existing Business,Partner Referral,65430,Banking
FALSE,Existing Business,Phone Inquiry,15000,Technology
FALSE,New Business / Add-on,Web,32940,Energy
FALSE,Existing Business,Phone Inquiry,14850,Energy
FALSE,New Business / Add-on,Partner Referral,54690,Banking
TRUE,New Business,Phone Inquiry,12090,Technology
FALSE,New Business,Partner Referral,62610,Banking
FALSE,New Business / Add-on,Web,39630,Banking
TRUE,New Business / Add-on,Partner Referral,42990,Banking
TRUE,New Business / Add-on,Phone Inquiry,12210,Healthcare
FALSE,Existing Business,Web,55320,Energy
TRUE,New Business / Add-on,Partner Referral,50550,Energy
FALSE,New Business,Partner Referral,63120,Technology
FALSE,Existing Business,Phone Inquiry,11760,Technology
FALSE,New Business / Add-on,Web,18240,Banking
TRUE,New Business / Add-on,Partner Referral,46860,Technology
FALSE,New Business,Web,36900,Healthcare
FALSE,New Business / Add-on,Web,41640,Technology
FALSE,Existing Business,Phone Inquiry,14850,Technology
FALSE,Existing Business,Web,54630,Healthcare
TRUE,New Business / Add-on,Partner Referral,53790,Healthcare
FALSE,New Business / Add-on,Web,44190,Energy
FALSE,Existing Business,Phone Inquiry,11640,Energy
FALSE,New Business,Phone Inquiry,15720,Technology
TRUE,New Business / Add-on,Partner Referral,59220,Banking
FALSE,New Business,Phone Inquiry,11790,Energy
FALSE,New Business / Add-on,Web,14940,Healthcare
TRUE,New Business / Add-on,Partner Referral,49710,Banking
FALSE,Existing Business,Web,55920,Energy
FALSE,New Business,Partner Referral,50880,Technology
FALSE,New Business,Web,43050,Banking
FALSE,New Business / Add-on,Web,18210,Technology
FALSE,New Business,Web,32910,Technology
FALSE,New Business,Phone Inquiry,11700,Healthcare
TRUE,New Business / Add-on,Partner Referral,62310,Banking
FALSE,Existing Business,Phone Inquiry,14520,Healthcare
FALSE,New Business / Add-on,Phone Inquiry,11610,Banking
TRUE,New Business / Add-on,Partner Referral,50160,Banking
FALSE,New Business,Partner Referral,60390,Banking
FALSE,New Business,Partner Referral,56460,Energy
FALSE,New Business / Add-on,Partner Referral,44730,Banking
TRUE,New Business,Partner Referral,65070,Banking
FALSE,New Business / Add-on,Web,33690,Banking
FALSE,Existing Business,Phone Inquiry,12210,Healthcare
FALSE,New Business,Web,48330,Banking
FALSE,New Business,Web,36750,Healthcare
FALSE,New Business / Add-on,Phone Inquiry,12270,Healthcare
FALSE,New Business / Add-on,Phone Inquiry,11340,Energy
FALSE,Existing Business,Phone Inquiry,11760,Energy
TRUE,New Business / Add-on,Partner Referral,54900,Energy
FALSE,New Business / Add-on,Web,27120,Technology
FALSE,New Business / Add-on,Phone Inquiry,11670,Energy
FALSE,Existing Business,Phone Inquiry,15270,Technology
TRUE,New Business / Add-on,Partner Referral,48510,Technology
FALSE,New Business / Add-on,Partner Referral,56940,Healthcare
TRUE,New Business / Add-on,Web,29430,Technology
FALSE,New Business / Add-on,Web,17580,Healthcare
TRUE,New Business / Add-on,Partner Referral,63180,Banking
TRUE,New Business / Add-on,Partner Referral,53370,Banking
FALSE,New Business,Phone Inquiry,12150,Healthcare
TRUE,New Business,Partner Referral,66510,Banking
FALSE,New Business,Partner Referral,66300,Banking
FALSE,New Business / Add-on,Partner Referral,65640,Technology
TRUE,Existing Business,Partner Referral,68520,Technology
TRUE,New Business / Add-on,Web,21900,Technology
TRUE,New Business / Add-on,Partner Referral,42450,Healthcare
FALSE,New Business / Add-on,Phone Inquiry,11970,Healthcare
FALSE,New Business,Phone Inquiry,11760,Healthcare
TRUE,New Business / Add-on,Web,24090,Healthcare
FALSE,New Business / Add-on,Partner Referral,45960,Banking
FALSE,New Business,Phone Inquiry,11760,Energy
FALSE,New Business / Add-on,Partner Referral,51180,Energy
FALSE,New Business / Add-on,Web,39510,Banking
TRUE,New Business / Add-on,Partner Referral,56670,Banking
FALSE,Existing Business,Phone Inquiry,12030,Energy
FALSE,New Business / Add-on,Partner Referral,59640,Technology
FALSE,New Business / Add-on,Phone Inquiry,12000,Healthcare
FALSE,Existing Business,Web,47070,Banking
FALSE,Existing Business,Phone Inquiry,15060,Banking
TRUE,New Business / Add-on,Partner Referral,58410,Technology
FALSE,New Business / Add-on,Web,33000,Banking
FALSE,New Business,Web,42660,Energy
FALSE,New Business / Add-on,Web,36930,Energy
FALSE,New Business / Add-on,Web,27540,Technology
FALSE,New Business,Web,24180,Technology
FALSE,New Business / Add-on,Partner Referral,52260,Banking
FALSE,New Business / Add-on,Web,29700,Healthcare
FALSE,New Business / Add-on,Partner Referral,44280,Energy
FALSE,Existing Business,Phone Inquiry,11520,Healthcare
TRUE,New Business / Add-on,Web,27180,Healthcare
FALSE,Existing Business,Phone Inquiry,15000,Healthcare
TRUE,New Business / Add-on,Partner Referral,56970,Banking
FALSE,New Business,Web,21180,Healthcare
TRUE,New Business / Add-on,Web,26730,Banking
FALSE,New Business,Web,46050,Energy
FALSE,Existing Business,Web,48600,Technology
FALSE,Existing Business,Partner Referral,63330,Technology
FALSE,New Business / Add-on,Phone Inquiry,11280,Healthcare
FALSE,New Business,Phone Inquiry,14940,Healthcare
TRUE,New Business / Add-on,Web,14070,Banking
FALSE,New Business,Web,38940,Healthcare
FALSE,New Business,Web,36810,Technology
FALSE,Existing Business,Partner Referral,68370,Healthcare
FALSE,New Business,Web,54090,Banking
FALSE,New Business / Add-on,Web,32460,Banking
TRUE,New Business / Add-on,Web,17820,Healthcare
FALSE,New Business / Add-on,Web,29880,Energy
TRUE,New Business / Add-on,Partner Referral,60660,Banking
FALSE,Existing Business,Phone Inquiry,14640,Technology
FALSE,New Business / Add-on,Partner Referral,57000,Technology
TRUE,New Business / Add-on,Web,30390,Healthcare
FALSE,Existing Business,Web,41940,Healthcare
FALSE,New Business,Web,23970,Technology
TRUE,New Business / Add-on,Web,33240,Banking
TRUE,New Business / Add-on,Partner Referral,54360,Banking
FALSE,Existing Business,Partner Referral,61950,Energy
TRUE,New Business / Add-on,Partner Referral,52110,Healthcare
FALSE,Existing Business,Partner Referral,56550,Technology
FALSE,Existing Business,Web,28230,Banking
FALSE,Existing Business,Phone Inquiry,12330,Energy
FALSE,New Business / Add-on,Phone Inquiry,11790,Healthcare
FALSE,New Business / Add-on,Partner Referral,42120,Banking
FALSE,Existing Business,Web,48600,Energy
FALSE,New Business,Web,45540,Technology
FALSE,Existing Business,Phone Inquiry,14820,Technology
TRUE,New Business / Add-on,Partner Referral,59430,Technology
FALSE,Existing Business,Partner Referral,66150,Energy
FALSE,Existing Business,Web,51000,Energy
FALSE,New Business / Add-on,Phone Inquiry,11850,Energy
FALSE,New Business,Phone Inquiry,14340,Banking
TRUE,New Business,Partner Referral,66750,Energy
TRUE,New Business / Add-on,Web,33060,Healthcare
FALSE,New Business / Add-on,Phone Inquiry,11970,Healthcare
FALSE,New Business / Add-on,Web,15090,Healthcare
FALSE,New Business / Add-on,Web,32490,Healthcare
FALSE,New Business / Add-on,Web,35880,Healthcare
FALSE,New Business / Add-on,Partner Referral,50310,Technology
FALSE,New Business,Partner Referral,62940,Banking
FALSE,New Business / Add-on,Partner Referral,45180,Healthcare
FALSE,New Business / Add-on,Web,39990,Banking
FALSE,Existing Business,Partner Referral,65700,Energy
FALSE,New Business,Web,44310,Technology
FALSE,Existing Business,Phone Inquiry,11580,Technology
FALSE,Existing Business,Partner Referral,70920,Banking
FALSE,New Business,Web,30870,Energy
FALSE,New Business / Add-on,Web,35670,Banking
FALSE,Existing Business,Phone Inquiry,11700,Technology
FALSE,New Business,Phone Inquiry,11730,Healthcare
FALSE,New Business,Partner Referral,56130,Banking
FALSE,New Business,Web,35580,Healthcare
TRUE,New Business / Add-on,Partner Referral,61350,Energy
TRUE,New Business / Add-on,Partner Referral,57540,Energy
FALSE,New Business,Partner Referral,65880,Technology
FALSE,New Business / Add-on,Partner Referral,46860,Banking
FALSE,New Business / Add-on,Web,23940,Banking
FALSE,Existing Business,Web,38940,Energy
TRUE,New Business / Add-on,Partner Referral,57030,Banking
FALSE,New Business / Add-on,Web,32040,Energy
FALSE,New Business / Add-on,Web,14940,Energy
FALSE,New Business / Add-on,Web,26820,Energy
FALSE,Existing Business,Partner Referral,68400,Technology
FALSE,Existing Business,Phone Inquiry,12150,Technology
TRUE,New Business / Add-on,Web,32310,Energy
FALSE,New Business / Add-on,Partner Referral,50310,Technology
FALSE,New Business / Add-on,Phone Inquiry,12120,Technology
FALSE,New Business / Add-on,Phone Inquiry,11970,Healthcare
TRUE,New Business / Add-on,Partner Referral,62520,Banking
TRUE,New Business / Add-on,Web,30150,Banking
FALSE,New Business,Phone Inquiry,12210,Healthcare
FALSE,New Business / Add-on,Partner Referral,54000,Banking
FALSE,Existing Business,Web,32520,Energy
TRUE,New Business / Add-on,Partner Referral,59700,Banking
FALSE,New Business,Partner Referral,59460,Healthcare
FALSE,Existing Business,Web,40140,Healthcare
FALSE,New Business,Web,15510,Healthcare
FALSE,New Business / Add-on,Partner Referral,54630,Banking
TRUE,New Business / Add-on,Partner Referral,42600,Banking
TRUE,New Business / Add-on,Partner Referral,55920,Energy
FALSE,Existing Business,Phone Inquiry,12570,Technology
FALSE,Existing Business,Partner Referral,65520,Technology
TRUE,New Business / Add-on,Phone Inquiry,11610,Healthcare
FALSE,New Business / Add-on,Partner Referral,51480,Energy
TRUE,New Business / Add-on,Phone Inquiry,11910,Healthcare
FALSE,New Business / Add-on,Phone Inquiry,11790,Banking
FALSE,New Business,Phone Inquiry,12300,Technology
FALSE,New Business,Web,53790,Energy
FALSE,New Business / Add-on,Partner Referral,44610,Healthcare
FALSE,Existing Business,Web,29670,Energy
FALSE,New Business / Add-on,Partner Referral,53460,Banking
FALSE,Existing Business,Web,45090,Energy
FALSE,New Business / Add-on,Partner Referral,42390,Banking
TRUE,New Business / Add-on,Partner Referral,62520,Banking
FALSE,New Business / Add-on,Partner Referral,54030,Banking
TRUE,New Business / Add-on,Partner Referral,47550,Banking
TRUE,New Business / Add-on,Web,26940,Technology
FALSE,New Business / Add-on,Phone Inquiry,11640,Energy
FALSE,New Business / Add-on,Partner Referral,53250,Energy
TRUE,New Business / Add-on,Partner Referral,42060,Banking
FALSE,New Business / Add-on,Partner Referral,54600,Energy
TRUE,New Business / Add-on,Web,17790,Banking
FALSE,New Business,Partner Referral,54480,Banking
TRUE,New Business / Add-on,Partner Referral,46710,Banking
TRUE,New Business / Add-on,Web,32580,Banking
FALSE,Existing Business,Phone Inquiry,11370,Healthcare
TRUE,New Business / Add-on,Partner Referral,57090,Technology
FALSE,Existing Business,Partner Referral,61440,Technology
FALSE,New Business,Partner Referral,59940,Banking
FALSE,Existing Business,Web,53220,Energy
FALSE,New Business,Web,32580,Banking
FALSE,New Business / Add-on,Web,33420,Technology
FALSE,New Business,Partner Referral,62370,Banking
TRUE,New Business,Partner Referral,66510,Energy
FALSE,Existing Business,Phone Inquiry,12090,Healthcare
FALSE,New Business / Add-on,Phone Inquiry,12030,Healthcare
FALSE,Existing Business,Web,55170,Energy
TRUE,New Business / Add-on,Partner Referral,48300,Banking
FALSE,New Business / Add-on,Web,33390,Banking
FALSE,New Business / Add-on,Partner Referral,44820,Banking
FALSE,New Business,Partner Referral,62490,Energy
FALSE,New Business,Partner Referral,50190,Technology
TRUE,New Business / Add-on,Partner Referral,43320,Technology
FALSE,Existing Business,Partner Referral,66030,Energy
TRUE,New Business / Add-on,Web,30900,Healthcare
FALSE,Existing Business,Phone Inquiry,15300,Energy
TRUE,New Business / Add-on,Partner Referral,53730,Healthcare
FALSE,New Business / Add-on,Web,26310,Technology
FALSE,New Business / Add-on,Partner Referral,41820,Healthcare
FALSE,Existing Business,Web,23130,Healthcare
FALSE,Existing Business,Web,31860,Healthcare
FALSE,New Business / Add-on,Phone Inquiry,12390,Healthcare
FALSE,Existing Business,Web,38670,Energy
FALSE,Existing Business,Phone Inquiry,15060,Energy
TRUE,New Business / Add-on,Partner Referral,45810,Banking
TRUE,New Business / Add-on,Partner Referral,47490,Banking
TRUE,New Business / Add-on,Partner Referral,51000,Banking
FALSE,New Business,Partner Referral,57090,Energy
FALSE,New Business / Add-on,Partner Referral,47610,Healthcare
FALSE,New Business,Partner Referral,57990,Technology
FALSE,New Business / Add-on,Web,45300,Banking
FALSE,Existing Business,Phone Inquiry,11820,Healthcare
FALSE,Existing Business,Phone Inquiry,12300,Energy
FALSE,New Business / Add-on,Phone Inquiry,11520,Healthcare
FALSE,Existing Business,Partner Referral,59010,Technology
FALSE,New Business / Add-on,Partner Referral,44610,Technology
FALSE,Existing Business,Web,30810,Energy
FALSE,New Business / Add-on,Web,27390,Healthcare
TRUE,New Business / Add-on,Partner Referral,51180,Banking
TRUE,New Business / Add-on,Partner Referral,51930,Energy
TRUE,New Business / Add-on,Partner Referral,44310,Energy
FALSE,Existing Business,Phone Inquiry,12180,Technology
FALSE,New Business / Add-on,Web,32520,Banking
FALSE,New Business / Add-on,Partner Referral,54390,Banking
FALSE,New Business / Add-on,Web,30540,Technology
FALSE,New Business,Phone Inquiry,15030,Banking
FALSE,New Business / Add-on,Partner Referral,44910,Banking
FALSE,Existing Business,Phone Inquiry,12300,Healthcare
FALSE,New Business / Add-on,Web,38130,Healthcare
TRUE,New Business / Add-on,Web,26910,Banking
FALSE,New Business / Add-on,Web,28770,Banking
TRUE,New Business / Add-on,Web,27060,Banking
FALSE,New Business / Add-on,Web,27000,Banking
TRUE,New Business / Add-on,Partner Referral,57600,Banking
TRUE,New Business / Add-on,Phone Inquiry,12030,Technology
FALSE,New Business / Add-on,Partner Referral,54030,Banking
FALSE,Existing Business,Phone Inquiry,15180,Energy
TRUE,Existing Business,Partner Referral,65190,Technology
FALSE,New Business,Phone Inquiry,14580,Banking
FALSE,New Business / Add-on,Web,45570,Banking
FALSE,Existing Business,Phone Inquiry,11820,Energy
FALSE,New Business,Web,39840,Energy
FALSE,New Business,Web,21450,Technology
FALSE,New Business,Phone Inquiry,11280,Healthcare
FALSE,Existing Business,Phone Inquiry,11640,Energy
FALSE,New Business,Phone Inquiry,11580,Healthcare
TRUE,New Business / Add-on,Web,27330,Banking
FALSE,New Business / Add-on,Web,40470,Energy
TRUE,New Business / Add-on,Web,21060,Banking
TRUE,New Business / Add-on,Web,27720,Energy
TRUE,New Business / Add-on,Web,27090,Banking
TRUE,New Business / Add-on,Web,25980,Banking
FALSE,Existing Business,Phone Inquiry,12060,Healthcare
TRUE,New Business / Add-on,Web,34290,Energy
FALSE,Existing Business,Web,35340,Energy
TRUE,New Business / Add-on,Partner Referral,43920,Banking
TRUE,New Business / Add-on,Partner Referral,51210,Banking
FALSE,Existing Business,Phone Inquiry,11670,Healthcare
TRUE,New Business / Add-on,Web,27570,Healthcare
FALSE,New Business / Add-on,Web,30300,Banking
FALSE,New Business,Phone Inquiry,15060,Healthcare
FALSE,New Business,Web,36420,Healthcare
FALSE,New Business,Partner Referral,59400,Banking
FALSE,New Business,Partner Referral,62640,Technology
TRUE,New Business / Add-on,Partner Referral,50250,Banking
FALSE,New Business / Add-on,Web,26430,Technology
FALSE,Existing Business,Phone Inquiry,14460,Energy
FALSE,New Business / Add-on,Web,27330,Healthcare
FALSE,New Business / Add-on,Partner Referral,56280,Banking
FALSE,Existing Business,Phone Inquiry,11820,Technology
FALSE,Existing Business,Web,42390,Energy
FALSE,Existing Business,Web,51870,Energy
FALSE,Existing Business,Partner Referral,68460,Energy
FALSE,New Business,Partner Referral,57120,Energy
FALSE,Existing Business,Web,53130,Energy
FALSE,New Business / Add-on,Phone Inquiry,12450,Energy
TRUE,New Business / Add-on,Partner Referral,42030,Banking
TRUE,New Business / Add-on,Partner Referral,51600,Banking
FALSE,New Business / Add-on,Web,26790,Technology
FALSE,New Business / Add-on,Web,36120,Healthcare
TRUE,New Business / Add-on,Partner Referral,60300,Technology
FALSE,New Business,Web,33270,Technology
FALSE,New Business / Add-on,Web,42180,Energy
FALSE,Existing Business,Web,36240,Technology
TRUE,New Business / Add-on,Partner Referral,43590,Banking
FALSE,New Business,Web,33480,Technology
FALSE,New Business / Add-on,Web,18660,Healthcare
TRUE,New Business / Add-on,Phone Inquiry,12600,Banking
TRUE,New Business / Add-on,Web,27060,Healthcare
FALSE,New Business / Add-on,Web,30570,Energy
FALSE,New Business / Add-on,Web,41460,Banking
FALSE,New Business / Add-on,Web,26370,Banking
FALSE,Existing Business,Web,51900,Technology
FALSE,New Business / Add-on,Web,41970,Banking
TRUE,New Business / Add-on,Web,30240,Technology
TRUE,New Business / Add-on,Partner Referral,47370,Banking
FALSE,New Business / Add-on,Partner Referral,54570,Energy
FALSE,Existing Business,Phone Inquiry,11940,Healthcare
FALSE,New Business,Phone Inquiry,12090,Banking
FALSE,Existing Business,Web,54360,Energy
FALSE,New Business / Add-on,Partner Referral,55200,Banking
TRUE,New Business / Add-on,Partner Referral,56670,Banking
FALSE,New Business,Phone Inquiry,14910,Healthcare
FALSE,New Business,Web,21600,Energy
FALSE,New Business / Add-on,Web,47100,Banking
FALSE,Existing Business,Phone Inquiry,11970,Energy
FALSE,New Business,Phone Inquiry,12390,Healthcare
FALSE,New Business / Add-on,Web,18300,Banking
FALSE,Existing Business,Partner Referral,63660,Energy
FALSE,New Business,Phone Inquiry,12300,Technology
FALSE,New Business,Partner Referral,57300,Banking
FALSE,New Business / Add-on,Web,38760,Banking
FALSE,New Business / Add-on,Web,30660,Energy
TRUE,New Business / Add-on,Partner Referral,50880,Technology
FALSE,Existing Business,Web,53460,Energy
FALSE,New Business / Add-on,Web,32970,Banking
TRUE,New Business / Add-on,Web,30540,Healthcare
FALSE,New Business / Add-on,Phone Inquiry,12270,Technology
FALSE,Existing Business,Web,51570,Energy
FALSE,New Business / Add-on,Web,36210,Banking
FALSE,Existing Business,Phone Inquiry,11880,Technology
FALSE,New Business / Add-on,Partner Referral,51210,Technology
FALSE,Existing Business,Web,43260,Technology
TRUE,New Business / Add-on,Partner Referral,59880,Banking
TRUE,New Business / Add-on,Partner Referral,64410,Technology
TRUE,New Business / Add-on,Phone Inquiry,11730,Healthcare
FALSE,New Business / Add-on,Partner Referral,48630,Banking
FALSE,New Business / Add-on,Phone Inquiry,12300,Banking
FALSE,New Business,Partner Referral,67080,Technology
FALSE,New Business / Add-on,Phone Inquiry,12120,Healthcare
FALSE,New Business,Phone Inquiry,11820,Healthcare
TRUE,New Business / Add-on,Partner Referral,47460,Banking
FALSE,New Business,Phone Inquiry,11910,Technology
FALSE,New Business,Web,36300,Technology
FALSE,Existing Business,Phone Inquiry,11730,Healthcare
FALSE,New Business / Add-on,Phone Inquiry,12540,Healthcare
FALSE,New Business / Add-on,Phone Inquiry,12630,Healthcare
FALSE,New Business,Web,42900,Banking
FALSE,New Business / Add-on,Web,32790,Healthcare
FALSE,Existing Business,Phone Inquiry,11520,Energy
FALSE,New Business / Add-on,Web,29880,Energy
TRUE,New Business / Add-on,Web,15300,Healthcare
FALSE,Existing Business,Phone Inquiry,12300,Technology
FALSE,New Business / Add-on,Partner Referral,54240,Energy
FALSE,New Business,Partner Referral,54150,Technology
TRUE,New Business / Add-on,Partner Referral,48450,Banking
FALSE,Existing Business,Partner Referral,62760,Technology
TRUE,New Business / Add-on,Partner Referral,55110,Technology
FALSE,New Business / Add-on,Web,30120,Energy
FALSE,New Business / Add-on,Partner Referral,57300,Technology
TRUE,New Business / Add-on,Partner Referral,45210,Banking
TRUE,New Business / Add-on,Partner Referral,45270,Banking
FALSE,New Business / Add-on,Partner Referral,57240,Technology
FALSE,Existing Business,Partner Referral,60780,Technology
FALSE,New Business / Add-on,Web,31860,Banking
FALSE,New Business / Add-on,Partner Referral,50910,Technology
FALSE,New Business / Add-on,Web,20550,Banking
FALSE,New Business / Add-on,Partner Referral,53160,Energy
FALSE,New Business,Web,36090,Technology
FALSE,New Business,Partner Referral,59970,Energy
FALSE,New Business / Add-on,Partner Referral,42420,Technology
FALSE,New Business,Web,32880,Healthcare
TRUE,New Business / Add-on,Web,29730,Technology
FALSE,New Business / Add-on,Web,32880,Energy
TRUE,New Business,Web,47160,Energy
FALSE,New Business,Partner Referral,60180,Healthcare
FALSE,Existing Business,Web,32160,Banking
TRUE,New Business / Add-on,Partner Referral,48660,Banking
FALSE,New Business,Phone Inquiry,11610,Energy
FALSE,New Business / Add-on,Partner Referral,51360,Banking
FALSE,Existing Business,Web,48480,Banking
TRUE,New Business / Add-on,Partner Referral,44970,Banking
FALSE,Existing Business,Phone Inquiry,11760,Healthcare
TRUE,New Business / Add-on,Partner Referral,56130,Banking
FALSE,New Business / Add-on,Partner Referral,54420,Banking
FALSE,Existing Business,Web,41850,Healthcare
FALSE,Existing Business,Phone Inquiry,12000,Technology
FALSE,New Business / Add-on,Partner Referral,57150,Banking
TRUE,New Business / Add-on,Partner Referral,61260,Energy
FALSE,New Business / Add-on,Phone Inquiry,11970,Healthcare
FALSE,New Business,Web,48510,Healthcare
TRUE,New Business / Add-on,Partner Referral,54540,Technology
TRUE,New Business / Add-on,Web,17520,Healthcare
FALSE,Existing Business,Partner Referral,55980,Technology
TRUE,New Business / Add-on,Partner Referral,53490,Technology
TRUE,New Business,Partner Referral,65310,Banking
FALSE,Existing Business,Web,27810,Energy
TRUE,New Business / Add-on,Partner Referral,50850,Banking
FALSE,New Business,Web,47250,Energy
FALSE,New Business / Add-on,Partner Referral,50130,Banking
TRUE,New Business / Add-on,Web,27420,Banking
FALSE,New Business,Phone Inquiry,11760,Healthcare
TRUE,New Business / Add-on,Partner Referral,41970,Banking
FALSE,Existing Business,Web,40710,Healthcare
FALSE,Existing Business,Partner Referral,63390,Technology
TRUE,New Business / Add-on,Web,26760,Banking
TRUE,New Business / Add-on,Partner Referral,44970,Banking
FALSE,Existing Business,Phone Inquiry,11700,Energy
FALSE,New Business / Add-on,Partner Referral,48420,Banking
TRUE,New Business,Web,46500,Healthcare
FALSE,New Business,Partner Referral,63060,Energy
FALSE,New Business / Add-on,Web,15090,Technology
TRUE,New Business / Add-on,Partner Referral,57150,Technology
FALSE,New Business / Add-on,Partner Referral,57390,Energy
TRUE,New Business / Add-on,Partner Referral,51000,Banking
FALSE,Existing Business,Web,48480,Technology
FALSE,New Business,Web,14910,Healthcare
FALSE,New Business,Web,32850,Energy
TRUE,New Business / Add-on,Partner Referral,51450,Banking
FALSE,New Business,Web,30450,Banking
FALSE,Existing Business,Phone Inquiry,12090,Healthcare
FALSE,Existing Business,Phone Inquiry,12030,Healthcare
TRUE,New Business / Add-on,Partner Referral,58950,Banking
FALSE,Existing Business,Web,42960,Energy
FALSE,New Business,Partner Referral,48870,Energy
FALSE,New Business,Web,35040,Technology
TRUE,New Business / Add-on,Web,15420,Healthcare
FALSE,Existing Business,Web,32220,Energy
FALSE,New Business,Phone Inquiry,11760,Technology
FALSE,New Business / Add-on,Partner Referral,53640,Energy
TRUE,New Business / Add-on,Partner Referral,41400,Banking
FALSE,New Business,Partner Referral,50520,Technology
FALSE,Existing Business,Partner Referral,63660,Energy
FALSE,Existing Business,Phone Inquiry,15450,Healthcare
TRUE,New Business / Add-on,Web,27630,Technology
FALSE,New Business,Web,38970,Technology
FALSE,Existing Business,Web,51270,Energy
FALSE,New Business / Add-on,Phone Inquiry,12030,Healthcare
TRUE,New Business / Add-on,Partner Referral,45840,Healthcare
TRUE,New Business / Add-on,Partner Referral,60300,Banking
FALSE,New Business / Add-on,Phone Inquiry,12420,Healthcare
FALSE,Existing Business,Phone Inquiry,15180,Energy
TRUE,New Business / Add-on,Web,24030,Healthcare
FALSE,New Business / Add-on,Partner Referral,60360,Technology
TRUE,New Business / Add-on,Partner Referral,41970,Banking
FALSE,New Business / Add-on,Partner Referral,44400,Technology
FALSE,Existing Business,Partner Referral,59640,Banking
TRUE,New Business / Add-on,Partner Referral,55980,Banking
TRUE,New Business / Add-on,Web,29490,Banking
FALSE,Existing Business,Partner Referral,64470,Energy
FALSE,Existing Business,Web,50160,Energy
FALSE,New Business / Add-on,Partner Referral,59430,Energy
FALSE,New Business,Web,48060,Banking
FALSE,Existing Business,Web,39180,Technology
FALSE,Existing Business,Partner Referral,53730,Banking
FALSE,Existing Business,Web,36480,Energy
FALSE,New Business / Add-on,Partner Referral,44700,Banking
FALSE,Existing Business,Partner Referral,59490,Technology
FALSE,New Business / Add-on,Phone Inquiry,11550,Banking
FALSE,New Business / Add-on,Web,23670,Energy
FALSE,New Business / Add-on,Web,26910,Energy
FALSE,Existing Business,Partner Referral,58320,Banking
FALSE,New Business,Partner Referral,66330,Healthcare
TRUE,New Business / Add-on,Web,21030,Healthcare
TRUE,New Business / Add-on,Partner Referral,43800,Banking
FALSE,New Business / Add-on,Phone Inquiry,11940,Healthcare
FALSE,Existing Business,Web,46170,Technology
FALSE,Existing Business,Web,21240,Healthcare
FALSE,Existing Business,Phone Inquiry,12270,Technology
FALSE,New Business,Partner Referral,58050,Technology
FALSE,New Business,Web,32520,Banking
FALSE,Existing Business,Partner Referral,60060,Technology
FALSE,New Business / Add-on,Web,27150,Healthcare
TRUE,New Business / Add-on,Partner Referral,50310,Energy
TRUE,New Business / Add-on,Partner Referral,42060,Banking
FALSE,New Business,Phone Inquiry,12510,Technology
FALSE,New Business / Add-on,Web,20070,Healthcare
FALSE,Existing Business,Phone Inquiry,12120,Healthcare
FALSE,New Business,Partner Referral,51540,Banking
FALSE,New Business,Web,36600,Banking
TRUE,New Business / Add-on,Partner Referral,42390,Banking
FALSE,New Business,Partner Referral,52140,Banking
FALSE,Existing Business,Web,41640,Technology
FALSE,New Business,Phone Inquiry,12210,Energy
TRUE,New Business / Add-on,Phone Inquiry,12210,Healthcare
FALSE,Existing Business,Partner Referral,62580,Technology
FALSE,New Business / Add-on,Web,26970,Banking
FALSE,New Business,Web,29670,Banking
FALSE,New Business,Phone Inquiry,12360,Healthcare
FALSE,Existing Business,Phone Inquiry,11730,Energy
TRUE,New Business / Add-on,Partner Referral,59400,Energy
FALSE,New Business / Add-on,Partner Referral,56100,Banking
FALSE,New Business,Web,32730,Energy
FALSE,New Business / Add-on,Phone Inquiry,12030,Healthcare
TRUE,New Business / Add-on,Partner Referral,50370,Banking
FALSE,New Business / Add-on,Partner Referral,47670,Banking
TRUE,Existing Business,Partner Referral,69720,Energy
TRUE,Existing Business,Partner Referral,56220,Technology
FALSE,New Business,Web,47910,Energy
FALSE,New Business,Partner Referral,60000,Banking
FALSE,Existing Business,Phone Inquiry,11760,Healthcare
TRUE,New Business / Add-on,Phone Inquiry,11820,Healthcare
FALSE,Existing Business,Phone Inquiry,12120,Technology
FALSE,New Business,Web,30240,Energy
FALSE,New Business,Partner Referral,68010,Banking
FALSE,New Business / Add-on,Partner Referral,48000,Technology
FALSE,Existing Business,Web,48570,Technology
FALSE,Existing Business,Phone Inquiry,14940,Healthcare
FALSE,New Business / Add-on,Web,32940,Banking
TRUE,New Business / Add-on,Partner Referral,45330,Banking
FALSE,Existing Business,Partner Referral,65550,Banking
TRUE,New Business / Add-on,Partner Referral,46590,Technology
TRUE,New Business / Add-on,Partner Referral,57000,Banking
FALSE,New Business,Partner Referral,69780,Technology
FALSE,New Business / Add-on,Phone Inquiry,11940,Technology
FALSE,New Business / Add-on,Partner Referral,42210,Banking
FALSE,Existing Business,Phone Inquiry,15360,Energy
FALSE,New Business,Web,26670,Banking
FALSE,New Business,Partner Referral,60090,Banking
TRUE,New Business,Partner Referral,63240,Energy
TRUE,New Business / Add-on,Partner Referral,57510,Banking
FALSE,New Business / Add-on,Partner Referral,44310,Healthcare
FALSE,Existing Business,Web,42060,Energy
FALSE,Existing Business,Phone Inquiry,15150,Healthcare
TRUE,New Business / Add-on,Partner Referral,47490,Banking
FALSE,New Business / Add-on,Phone Inquiry,12630,Energy
FALSE,New Business / Add-on,Web,14970,Technology
FALSE,New Business,Web,38700,Banking
TRUE,New Business / Add-on,Phone Inquiry,11790,Technology
TRUE,New Business / Add-on,Partner Referral,47400,Banking
FALSE,New Business,Partner Referral,63570,Energy
FALSE,New Business / Add-on,Partner Referral,45510,Banking
TRUE,New Business / Add-on,Partner Referral,55110,Banking
FALSE,Existing Business,Web,26160,Energy
FALSE,New Business,Partner Referral,54750,Technology
FALSE,Existing Business,Web,53850,Energy
FALSE,Existing Business,Partner Referral,62640,Technology
FALSE,New Business / Add-on,Partner Referral,54090,Healthcare
FALSE,New Business,Web,24180,Banking
FALSE,Existing Business,Partner Referral,63150,Technology
TRUE,New Business,Partner Referral,63600,Banking
FALSE,Existing Business,Partner Referral,62400,Banking
FALSE,New Business / Add-on,Web,41790,Banking
FALSE,New Business / Add-on,Partner Referral,44580,Banking
FALSE,New Business,Partner Referral,60540,Healthcare
FALSE,New Business / Add-on,Phone Inquiry,12150,Healthcare
TRUE,New Business / Add-on,Web,29940,Healthcare
FALSE,New Business / Add-on,Partner Referral,58140,Energy
TRUE,New Business / Add-on,Partner Referral,60210,Banking
FALSE,New Business / Add-on,Partner Referral,62460,Banking
FALSE,New Business,Phone Inquiry,12060,Healthcare
TRUE,New Business / Add-on,Partner Referral,44970,Technology
FALSE,New Business / Add-on,Web,33930,Energy
TRUE,New Business / Add-on,Web,29550,Energy
FALSE,New Business / Add-on,Partner Referral,41160,Technology
FALSE,New Business / Add-on,Partner Referral,41430,Energy
FALSE,Existing Business,Phone Inquiry,11820,Energy
FALSE,New Business / Add-on,Phone Inquiry,12030,Healthcare
TRUE,New Business / Add-on,Partner Referral,62220,Banking
FALSE,New Business / Add-on,Partner Referral,56640,Banking
FALSE,New Business / Add-on,Web,32970,Energy
FALSE,New Business,Partner Referral,56220,Technology
FALSE,Existing Business,Partner Referral,66150,Energy
FALSE,New Business,Partner Referral,59340,Banking
TRUE,New Business,Partner Referral,53850,Banking
FALSE,Existing Business,Web,48270,Technology
FALSE,New Business / Add-on,Partner Referral,47640,Banking
TRUE,New Business / Add-on,Phone Inquiry,12180,Healthcare
FALSE,New Business / Add-on,Web,37680,Technology
FALSE,New Business / Add-on,Partner Referral,44940,Healthcare
FALSE,New Business / Add-on,Partner Referral,44910,Banking
FALSE,Existing Business,Phone Inquiry,15510,Energy
TRUE,New Business / Add-on,Partner Referral,61170,Banking
FALSE,Existing Business,Web,40980,Healthcare
FALSE,Existing Business,Web,29040,Technology
TRUE,New Business / Add-on,Partner Referral,56400,Banking
FALSE,Existing Business,Partner Referral,63030,Banking
TRUE,New Business / Add-on,Partner Referral,53580,Energy
FALSE,Existing Business,Phone Inquiry,15090,Energy
FALSE,Existing Business,Phone Inquiry,11700,Energy
FALSE,New Business / Add-on,Partner Referral,55770,Technology
FALSE,Existing Business,Phone Inquiry,12420,Healthcare
TRUE,New Business / Add-on,Partner Referral,44580,Energy
FALSE,Existing Business,Phone Inquiry,11610,Technology
TRUE,New Business / Add-on,Web,26790,Healthcare
TRUE,New Business / Add-on,Partner Referral,50430,Banking
TRUE,New Business / Add-on,Partner Referral,48420,Technology
FALSE,New Business / Add-on,Partner Referral,62610,Banking
FALSE,New Business / Add-on,Phone Inquiry,11730,Healthcare
FALSE,New Business,Web,44430,Banking
FALSE,Existing Business,Web,24060,Healthcare
FALSE,New Business,Phone Inquiry,12060,Healthcare
TRUE,New Business / Add-on,Partner Referral,61020,Banking
FALSE,Existing Business,Web,50130,Energy
FALSE,New Business / Add-on,Web,34110,Banking
TRUE,New Business / Add-on,Phone Inquiry,12240,Healthcare
FALSE,Existing Business,Phone Inquiry,11730,Energy
FALSE,New Business,Partner Referral,63690,Banking
FALSE,New Business,Web,47370,Energy
FALSE,New Business / Add-on,Web,29850,Banking
FALSE,New Business / Add-on,Partner Referral,55440,Energy
FALSE,New Business,Web,34920,Technology
TRUE,New Business,Partner Referral,61560,Banking
FALSE,New Business / Add-on,Partner Referral,55170,Energy
FALSE,New Business,Web,39150,Technology
TRUE,Existing Business,Partner Referral,63600,Technology
FALSE,New Business / Add-on,Partner Referral,43860,Banking
FALSE,New Business / Add-on,Partner Referral,45300,Energy
FALSE,New Business / Add-on,Phone Inquiry,12090,Healthcare
FALSE,Existing Business,Web,27120,Energy
TRUE,Existing Business,Partner Referral,57150,Banking
TRUE,New Business / Add-on,Partner Referral,53910,Healthcare
TRUE,New Business,Partner Referral,60270,Healthcare
TRUE,New Business / Add-on,Web,28290,Banking
TRUE,New Business / Add-on,Partner Referral,48120,Banking
TRUE,New Business / Add-on,Partner Referral,52260,Healthcare
FALSE,Existing Business,Web,47550,Technology
TRUE,New Business / Add-on,Partner Referral,45540,Technology
FALSE,New Business / Add-on,Web,51420,Banking
TRUE,New Business / Add-on,Partner Referral,59250,Banking
FALSE,New Business,Phone Inquiry,12060,Energy
FALSE,New Business / Add-on,Web,37080,Technology
FALSE,New Business / Add-on,Web,29940,Healthcare
TRUE,New Business / Add-on,Partner Referral,51870,Banking
FALSE,Existing Business,Phone Inquiry,12240,Technology
TRUE,New Business / Add-on,Web,27180,Healthcare
TRUE,New Business,Partner Referral,62460,Banking
FALSE,New Business,Web,45240,Healthcare
FALSE,Existing Business,Partner Referral,64890,Healthcare
FALSE,New Business / Add-on,Partner Referral,51750,Banking
TRUE,New Business / Add-on,Partner Referral,48600,Banking
FALSE,New Business,Partner Referral,57420,Banking
FALSE,Existing Business,Partner Referral,70110,Technology
FALSE,New Business,Partner Referral,63450,Technology
FALSE,New Business,Phone Inquiry,12090,Healthcare
FALSE,Existing Business,Phone Inquiry,11760,Healthcare
TRUE,New Business,Partner Referral,54360,Energy
FALSE,New Business / Add-on,Web,36570,Technology
FALSE,New Business / Add-on,Web,15030,Healthcare
TRUE,New Business / Add-on,Partner Referral,52890,Banking
TRUE,New Business / Add-on,Phone Inquiry,12120,Healthcare
FALSE,New Business,Web,36180,Technology
FALSE,New Business / Add-on,Web,38370,Banking
FALSE,New Business / Add-on,Partner Referral,44580,Banking
FALSE,New Business / Add-on,Partner Referral,42360,Healthcare
TRUE,New Business / Add-on,Partner Referral,54480,Banking
TRUE,New Business / Add-on,Partner Referral,47610,Banking
FALSE,Existing Business,Web,54330,Technology
FALSE,Existing Business,Phone Inquiry,11670,Healthcare
FALSE,New Business / Add-on,Web,38670,Technology
FALSE,New Business / Add-on,Partner Referral,41790,Banking
FALSE,New Business,Phone Inquiry,11700,Healthcare
FALSE,Existing Business,Partner Referral,66300,Technology
FALSE,New Business / Add-on,Web,14820,Healthcare
FALSE,New Business / Add-on,Web,46440,Banking
TRUE,New Business / Add-on,Partner Referral,58080,Technology
FALSE,New Business / Add-on,Partner Referral,51240,Technology
FALSE,Existing Business,Web,28560,Technology
FALSE,Existing Business,Phone Inquiry,11640,Healthcare
FALSE,New Business / Add-on,Partner Referral,62310,Banking
TRUE,New Business / Add-on,Partner Referral,50010,Technology
TRUE,New Business / Add-on,Web,29640,Banking
FALSE,New Business / Add-on,Partner Referral,65070,Energy
FALSE,New Business / Add-on,Partner Referral,48600,Technology
TRUE,New Business / Add-on,Web,47520,Banking
FALSE,Existing Business,Web,51990,Technology
FALSE,New Business / Add-on,Partner Referral,55770,Banking
FALSE,Existing Business,Web,54210,Banking
TRUE,New Business / Add-on,Web,29220,Banking
FALSE,Existing Business,Phone Inquiry,15090,Energy
FALSE,New Business,Web,45840,Technology
FALSE,New Business,Phone Inquiry,11730,Technology
FALSE,New Business / Add-on,Partner Referral,51210,Banking
FALSE,Existing Business,Phone Inquiry,14880,Healthcare
FALSE,New Business,Partner Referral,61890,Technology
FALSE,New Business / Add-on,Partner Referral,60450,Healthcare
TRUE,New Business / Add-on,Partner Referral,57360,Banking
TRUE,New Business / Add-on,Web,35850,Energy
FALSE,Existing Business,Partner Referral,56460,Energy
FALSE,New Business,Phone Inquiry,11610,Technology
FALSE,New Business / Add-on,Phone Inquiry,11940,Healthcare
TRUE,New Business / Add-on,Partner Referral,64890,Energy
FALSE,New Business / Add-on,Partner Referral,60630,Banking
FALSE,New Business,Web,35460,Energy
TRUE,New Business / Add-on,Partner Referral,42810,Banking
FALSE,New Business,Web,33510,Healthcare
FALSE,New Business / Add-on,Partner Referral,63630,Banking
FALSE,Existing Business,Web,50460,Energy
FALSE,New Business / Add-on,Partner Referral,45180,Energy
FALSE,New Business / Add-on,Phone Inquiry,14820,Healthcare
TRUE,New Business / Add-on,Phone Inquiry,12090,Healthcare
TRUE,New Business / Add-on,Partner Referral,41850,Technology
TRUE,New Business / Add-on,Partner Referral,55920,Banking
TRUE,New Business / Add-on,Partner Referral,48510,Banking
TRUE,New Business / Add-on,Web,20190,Banking
FALSE,New Business,Web,33480,Banking
FALSE,Existing Business,Web,23820,Energy
FALSE,New Business / Add-on,Web,17700,Energy
FALSE,Existing Business,Phone Inquiry,12090,Energy
FALSE,Existing Business,Web,47730,Energy
FALSE,New Business / Add-on,Phone Inquiry,14880,Energy
FALSE,New Business / Add-on,Phone Inquiry,11790,Healthcare
TRUE,New Business / Add-on,Partner Referral,47970,Banking
TRUE,New Business / Add-on,Phone Inquiry,11580,Banking
FALSE,New Business / Add-on,Partner Referral,56430,Banking
FALSE,New Business / Add-on,Partner Referral,54450,Healthcare
FALSE,New Business / Add-on,Partner Referral,47310,Energy
FALSE,New Business,Partner Referral,59700,Technology
TRUE,New Business,Partner Referral,59520,Banking
FALSE,New Business / Add-on,Partner Referral,48330,Energy
FALSE,New Business / Add-on,Partner Referral,42120,Banking
TRUE,New Business / Add-on,Partner Referral,51120,Energy
TRUE,New Business / Add-on,Partner Referral,45150,Banking
FALSE,New Business,Web,35670,Energy
FALSE,New Business / Add-on,Partner Referral,56010,Banking
FALSE,New Business / Add-on,Web,26970,Technology
FALSE,Existing Business,Phone Inquiry,15660,Technology
FALSE,New Business / Add-on,Phone Inquiry,12120,Banking
FALSE,Existing Business,Phone Inquiry,12750,Healthcare
FALSE,New Business,Web,35640,Banking
FALSE,New Business,Partner Referral,57000,Energy
FALSE,New Business / Add-on,Web,37140,Healthcare
FALSE,Existing Business,Partner Referral,71190,Banking
TRUE,New Business / Add-on,Web,32610,Banking
FALSE,Existing Business,Web,38670,Technology
FALSE,New Business / Add-on,Partner Referral,48090,Banking
FALSE,New Business,Phone Inquiry,12120,Technology
FALSE,Existing Business,Phone Inquiry,12600,Healthcare
FALSE,New Business / Add-on,Phone Inquiry,12270,Healthcare
FALSE,New Business,Web,45510,Healthcare
FALSE,New Business / Add-on,Partner Referral,48270,Banking
TRUE,New Business / Add-on,Web,14970,Banking
FALSE,Existing Business,Web,45300,Banking
FALSE,New Business / Add-on,Web,26670,Healthcare
TRUE,New Business,Web,25410,Banking
FALSE,New Business / Add-on,Web,44730,Energy
TRUE,New Business / Add-on,Partner Referral,45180,Banking
TRUE,New Business,Partner Referral,56880,Banking
FALSE,Existing Business,Web,28890,Energy
FALSE,New Business,Phone Inquiry,11790,Healthcare
TRUE,New Business / Add-on,Partner Referral,42330,Banking
FALSE,New Business / Add-on,Phone Inquiry,12090,Healthcare
FALSE,New Business / Add-on,Partner Referral,63960,Energy
FALSE,New Business / Add-on,Partner Referral,54600,Banking
FALSE,Existing Business,Phone Inquiry,15240,Technology
FALSE,Existing Business,Web,41970,Technology
FALSE,New Business / Add-on,Web,40110,Banking
TRUE,New Business / Add-on,Partner Referral,51690,Energy
FALSE,New Business / Add-on,Phone Inquiry,12090,Banking
FALSE,New Business,Web,38910,Healthcare
FALSE,Existing Business,Web,44910,Banking
FALSE,New Business / Add-on,Web,30300,Healthcare
FALSE,New Business / Add-on,Partner Referral,43740,Banking
FALSE,New Business,Partner Referral,69030,Energy
FALSE,New Business / Add-on,Phone Inquiry,11400,Banking
FALSE,New Business / Add-on,Phone Inquiry,11730,Healthcare
FALSE,New Business,Partner Referral,60660,Banking
FALSE,New Business / Add-on,Partner Referral,50460,Banking
FALSE,Existing Business,Phone Inquiry,14490,Technology
FALSE,New Business / Add-on,Web,30060,Banking
FALSE,New Business / Add-on,Partner Referral,44760,Banking
FALSE,Existing Business,Phone Inquiry,11850,Healthcare
TRUE,New Business / Add-on,Partner Referral,51000,Banking
TRUE,New Business / Add-on,Partner Referral,48330,Banking
FALSE,New Business,Partner Referral,64080,Technology
FALSE,Existing Business,Web,50700,Banking
FALSE,Existing Business,Phone Inquiry,15030,Technology
FALSE,Existing Business,Web,50220,Technology
TRUE,New Business / Add-on,Partner Referral,45480,Banking
FALSE,New Business / Add-on,Partner Referral,57960,Energy
TRUE,New Business / Add-on,Partner Referral,59100,Banking
FALSE,Existing Business,Partner Referral,60660,Energy
FALSE,New Business,Phone Inquiry,12120,Healthcare
FALSE,New Business,Partner Referral,56430,Banking
TRUE,New Business / Add-on,Partner Referral,57150,Banking
TRUE,New Business / Add-on,Partner Referral,44640,Healthcare
FALSE,Existing Business,Web,48600,Healthcare
FALSE,New Business,Web,36150,Banking
FALSE,New Business / Add-on,Web,36510,Banking
FALSE,New Business / Add-on,Web,26370,Energy
FALSE,New Business / Add-on,Partner Referral,51630,Banking
FALSE,New Business,Phone Inquiry,12150,Energy
TRUE,New Business / Add-on,Partner Referral,51090,Banking
FALSE,Existing Business,Phone Inquiry,11640,Energy
FALSE,Existing Business,Partner Referral,61590,Energy
FALSE,Existing Business,Phone Inquiry,11940,Energy
FALSE,New Business,Phone Inquiry,11730,Banking
FALSE,Existing Business,Partner Referral,57300,Energy
FALSE,New Business,Web,50490,Energy
FALSE,Existing Business,Partner Referral,61920,Banking
FALSE,New Business / Add-on,Web,30120,Energy
TRUE,New Business / Add-on,Partner Referral,53130,Banking
TRUE,New Business / Add-on,Web,32850,Banking
FALSE,Existing Business,Phone Inquiry,11970,Energy
FALSE,Existing Business,Partner Referral,69750,Banking
FALSE,New Business / Add-on,Web,18720,Banking
FALSE,Existing Business,Phone Inquiry,14670,Technology
FALSE,Existing Business,Web,50520,Energy
TRUE,New Business / Add-on,Partner Referral,54780,Banking
FALSE,Existing Business,Web,51390,Technology
FALSE,New Business,Phone Inquiry,12720,Healthcare
TRUE,New Business / Add-on,Partner Referral,47700,Banking
FALSE,New Business,Phone Inquiry,15330,Healthcare
FALSE,New Business / Add-on,Phone Inquiry,12120,Healthcare
FALSE,New Business / Add-on,Web,38310,Banking
FALSE,New Business,Web,37170,Healthcare
FALSE,Existing Business,Phone Inquiry,15450,Healthcare
FALSE,Existing Business,Web,35850,Technology
TRUE,New Business / Add-on,Web,33060,Healthcare
FALSE,Existing Business,Web,35880,Technology
FALSE,Existing Business,Partner Referral,69960,Technology
FALSE,Existing Business,Partner Referral,65580,Banking
FALSE,New Business,Partner Referral,60840,Technology
FALSE,New Business / Add-on,Web,30390,Energy
FALSE,New Business,Web,33690,Healthcare
TRUE,Existing Business,Partner Referral,63900,Technology
FALSE,New Business,Phone Inquiry,11520,Healthcare
FALSE,New Business,Web,49800,Technology
FALSE,New Business / Add-on,Partner Referral,42060,Banking
FALSE,Existing Business,Partner Referral,64980,Technology
TRUE,New Business / Add-on,Partner Referral,54630,Technology
FALSE,Existing Business,Phone Inquiry,15150,Energy
FALSE,New Business,Web,27210,Banking
FALSE,Existing Business,Web,26340,Banking
TRUE,New Business / Add-on,Partner Referral,46500,Banking
FALSE,New Business,Web,47580,Healthcare
FALSE,New Business / Add-on,Partner Referral,50940,Energy
FALSE,New Business,Partner Referral,47550,Banking
FALSE,Existing Business,Web,42630,Energy
FALSE,New Business,Web,32250,Banking
FALSE,Existing Business,Phone Inquiry,14550,Energy
TRUE,Existing Business,Web,32520,Banking
FALSE,New Business,Web,26550,Technology
FALSE,New Business,Web,30030,Technology
FALSE,Existing Business,Phone Inquiry,12090,Healthcare
TRUE,New Business / Add-on,Partner Referral,41550,Healthcare
FALSE,New Business,Web,41610,Energy
FALSE,New Business / Add-on,Phone Inquiry,11610,Healthcare
FALSE,Existing Business,Phone Inquiry,11490,Healthcare
FALSE,New Business / Add-on,Web,36600,Healthcare
FALSE,Existing Business,Phone Inquiry,12300,Energy
TRUE,New Business / Add-on,Web,30300,Banking
FALSE,Existing Business,Web,30120,Healthcare
FALSE,Existing Business,Web,47760,Technology
FALSE,Existing Business,Phone Inquiry,14940,Technology
TRUE,New Business / Add-on,Partner Referral,44640,Banking
FALSE,New Business / Add-on,Partner Referral,64140,Banking
FALSE,New Business / Add-on,Partner Referral,60810,Banking
FALSE,New Business / Add-on,Web,33210,Energy
FALSE,New Business,Web,30330,Energy
FALSE,New Business / Add-on,Phone Inquiry,11700,Technology
TRUE,New Business,Web,47670,Healthcare
FALSE,New Business / Add-on,Partner Referral,54390,Banking
FALSE,New Business,Partner Referral,53910,Technology
FALSE,New Business,Web,47400,Healthcare
TRUE,New Business,Partner Referral,62790,Banking
FALSE,New Business / Add-on,Phone Inquiry,11730,Healthcare
FALSE,Existing Business,Phone Inquiry,11940,Healthcare
FALSE,New Business,Partner Referral,69750,Banking
FALSE,New Business / Add-on,Partner Referral,52650,Technology
TRUE,New Business / Add-on,Partner Referral,60030,Banking
FALSE,New Business / Add-on,Partner Referral,48780,Energy
FALSE,New Business / Add-on,Web,26580,Banking
FALSE,Existing Business,Partner Referral,42210,Energy
FALSE,New Business,Web,26670,Energy
FALSE,New Business / Add-on,Web,29490,Banking
FALSE,New Business / Add-on,Web,17670,Energy
TRUE,New Business / Add-on,Partner Referral,60330,Banking
FALSE,New Business / Add-on,Partner Referral,51180,Energy
TRUE,New Business / Add-on,Partner Referral,57390,Banking
FALSE,New Business,Web,41460,Healthcare
FALSE,New Business / Add-on,Web,42210,Technology
FALSE,Existing Business,Phone Inquiry,12360,Healthcare
FALSE,New Business / Add-on,Partner Referral,44490,Healthcare
FALSE,New Business / Add-on,Partner Referral,45030,Banking
FALSE,New Business,Web,26760,Banking
FALSE,Existing Business,Phone Inquiry,12870,Technology
FALSE,New Business,Web,26070,Healthcare
FALSE,New Business,Phone Inquiry,12030,Technology
FALSE,New Business,Partner Referral,56490,Technology
TRUE,New Business / Add-on,Partner Referral,56640,Banking
FALSE,Existing Business,Phone Inquiry,11730,Healthcare
FALSE,New Business / Add-on,Web,45540,Healthcare
FALSE,New Business,Web,38490,Technology
FALSE,Existing Business,Partner Referral,65730,Technology
FALSE,Existing Business,Partner Referral,66480,Energy
TRUE,New Business / Add-on,Web,33000,Energy
FALSE,New Business / Add-on,Web,32070,Healthcare
FALSE,New Business / Add-on,Partner Referral,41970,Energy
TRUE,New Business / Add-on,Partner Referral,60870,Banking
FALSE,New Business / Add-on,Partner Referral,58200,Banking
FALSE,New Business,Web,54360,Technology
FALSE,New Business / Add-on,Partner Referral,44130,Healthcare
TRUE,New Business / Add-on,Web,40770,Technology
FALSE,Existing Business,Partner Referral,56610,Technology
TRUE,New Business / Add-on,Partner Referral,41700,Banking
TRUE,New Business / Add-on,Phone Inquiry,11310,Healthcare
FALSE,New Business,Phone Inquiry,11640,Healthcare
TRUE,New Business / Add-on,Partner Referral,41520,Banking
FALSE,Existing Business,Phone Inquiry,11850,Healthcare
FALSE,New Business,Web,32760,Banking
FALSE,New Business / Add-on,Web,17880,Healthcare
TRUE,New Business / Add-on,Partner Referral,41790,Banking
TRUE,New Business / Add-on,Partner Referral,61110,Banking
FALSE,New Business / Add-on,Partner Referral,61830,Banking
TRUE,New Business / Add-on,Partner Referral,49380,Banking
FALSE,New Business / Add-on,Phone Inquiry,12180,Healthcare
FALSE,Existing Business,Web,21060,Healthcare
FALSE,New Business,Partner Referral,63420,Technology
FALSE,New Business / Add-on,Web,33750,Technology
FALSE,New Business,Web,36210,Banking
TRUE,New Business / Add-on,Partner Referral,47550,Banking
FALSE,Existing Business,Web,35880,Technology
TRUE,New Business / Add-on,Partner Referral,50760,Banking
TRUE,New Business / Add-on,Partner Referral,56040,Technology
TRUE,New Business / Add-on,Partner Referral,56520,Banking
TRUE,New Business / Add-on,Web,15030,Banking
FALSE,Existing Business,Partner Referral,59790,Healthcare
FALSE,Existing Business,Web,30390,Technology
FALSE,New Business / Add-on,Web,36540,Banking
FALSE,New Business / Add-on,Web,35790,Technology
FALSE,Existing Business,Web,38820,Banking
TRUE,New Business / Add-on,Web,15060,Energy
TRUE,New Business / Add-on,Web,29370,Banking
FALSE,New Business / Add-on,Web,32910,Banking
TRUE,New Business / Add-on,Web,27180,Banking
FALSE,New Business,Partner Referral,54810,Banking
TRUE,New Business / Add-on,Partner Referral,51510,Banking
FALSE,Existing Business,Phone Inquiry,15060,Healthcare
FALSE,New Business / Add-on,Web,20400,Technology
FALSE,New Business,Web,27540,Healthcare
TRUE,New Business / Add-on,Partner Referral,57120,Banking
FALSE,Existing Business,Phone Inquiry,12300,Healthcare
TRUE,New Business,Partner Referral,60360,Technology
TRUE,New Business / Add-on,Web,33180,Healthcare
FALSE,Existing Business,Phone Inquiry,12210,Energy
TRUE,New Business / Add-on,Partner Referral,44910,Healthcare
FALSE,New Business,Web,21660,Technology
FALSE,New Business / Add-on,Web,39480,Technology
FALSE,New Business,Phone Inquiry,12210,Technology
FALSE,New Business / Add-on,Partner Referral,63480,Banking
FALSE,New Business,Partner Referral,58050,Healthcare
TRUE,New Business,Partner Referral,61410,Technology
FALSE,New Business / Add-on,Web,14640,Healthcare
TRUE,New Business,Partner Referral,69390,Energy
TRUE,New Business / Add-on,Partner Referral,47910,Banking
FALSE,New Business / Add-on,Web,43830,Banking
FALSE,New Business,Web,38610,Banking
FALSE,Existing Business,Phone Inquiry,12300,Healthcare
TRUE,New Business / Add-on,Partner Referral,45600,Healthcare
FALSE,New Business,Web,32850,Energy
TRUE,New Business / Add-on,Partner Referral,62850,Technology
TRUE,New Business / Add-on,Web,44790,Banking
FALSE,New Business / Add-on,Web,30690,Banking
FALSE,Existing Business,Web,25170,Banking
FALSE,New Business / Add-on,Web,32610,Healthcare
TRUE,New Business / Add-on,Web,33750,Banking
TRUE,New Business / Add-on,Partner Referral,63660,Banking
FALSE,New Business,Partner Referral,57600,Banking
TRUE,New Business / Add-on,Partner Referral,47850,Technology
FALSE,Existing Business,Web,36870,Technology
TRUE,New Business / Add-on,Partner Referral,41190,Banking
FALSE,New Business,Phone Inquiry,11790,Healthcare
FALSE,New Business,Phone Inquiry,11400,Energy
FALSE,New Business / Add-on,Partner Referral,60000,Banking
TRUE,New Business / Add-on,Phone Inquiry,12150,Technology
FALSE,New Business / Add-on,Partner Referral,59220,Banking
FALSE,New Business,Phone Inquiry,11880,Healthcare
FALSE,New Business / Add-on,Partner Referral,44280,Banking
TRUE,New Business / Add-on,Partner Referral,60120,Banking
TRUE,New Business / Add-on,Partner Referral,44940,Technology
FALSE,New Business / Add-on,Phone Inquiry,12030,Energy
FALSE,New Business / Add-on,Partner Referral,63720,Banking
FALSE,Existing Business,Partner Referral,69930,Energy
FALSE,New Business / Add-on,Partner Referral,59820,Banking
FALSE,Existing Business,Phone Inquiry,11820,Healthcare
FALSE,Existing Business,Phone Inquiry,11700,Healthcare
FALSE,New Business / Add-on,Web,17490,Healthcare
FALSE,New Business,Web,33000,Healthcare
FALSE,Existing Business,Web,54480,Energy
FALSE,New Business,Web,30600,Technology
FALSE,New Business / Add-on,Partner Referral,54060,Banking
FALSE,New Business / Add-on,Web,35430,Healthcare
FALSE,New Business / Add-on,Phone Inquiry,12180,Healthcare
FALSE,Existing Business,Web,43770,Technology
FALSE,New Business,Web,44130,Energy
FALSE,Existing Business,Web,50580,Energy
FALSE,New Business,Web,46800,Energy
FALSE,New Business,Web,43260,Healthcare
FALSE,Existing Business,Partner Referral,64050,Energy
FALSE,New Business,Phone Inquiry,11550,Healthcare
FALSE,Existing Business,Phone Inquiry,12330,Energy
FALSE,New Business,Phone Inquiry,12000,Healthcare
FALSE,Existing Business,Phone Inquiry,14790,Energy
FALSE,New Business / Add-on,Partner Referral,62100,Technology
FALSE,Existing Business,Phone Inquiry,14310,Healthcare
FALSE,Existing Business,Phone Inquiry,15480,Energy
TRUE,New Business / Add-on,Partner Referral,42510,Banking
TRUE,New Business / Add-on,Partner Referral,41880,Energy
FALSE,New Business,Web,35670,Energy
TRUE,New Business / Add-on,Web,32730,Technology
FALSE,New Business / Add-on,Phone Inquiry,12030,Banking
FALSE,Existing Business,Web,49530,Banking
FALSE,New Business,Web,48750,Banking
TRUE,New Business / Add-on,Web,42450,Energy
FALSE,Existing Business,Web,44580,Energy
TRUE,New Business / Add-on,Partner Referral,56460,Banking
FALSE,New Business,Web,34920,Banking
FALSE,New Business,Web,51510,Technology
TRUE,New Business / Add-on,Partner Referral,42060,Healthcare
FALSE,New Business,Partner Referral,62940,Energy
TRUE,New Business,Partner Referral,66780,Banking
FALSE,New Business,Partner Referral,59910,Banking
TRUE,New Business / Add-on,Partner Referral,57150,Technology
TRUE,New Business / Add-on,Partner Referral,51750,Banking
TRUE,New Business / Add-on,Partner Referral,60480,Banking
FALSE,New Business / Add-on,Phone Inquiry,11730,Technology
FALSE,Existing Business,Partner Referral,62400,Banking
FALSE,New Business,Partner Referral,62640,Healthcare
FALSE,New Business,Phone Inquiry,11700,Healthcare
FALSE,Existing Business,Phone Inquiry,15150,Energy
TRUE,New Business / Add-on,Partner Referral,51780,Banking
FALSE,Existing Business,Web,29910,Technology
FALSE,New Business / Add-on,Partner Referral,65370,Technology
FALSE,Existing Business,Web,53940,Energy
FALSE,Existing Business,Web,49200,Energy
FALSE,New Business / Add-on,Partner Referral,53970,Banking
FALSE,Existing Business,Web,47610,Technology
FALSE,Existing Business,Web,38430,Energy
FALSE,New Business / Add-on,Partner Referral,60690,Energy
TRUE,New Business / Add-on,Partner Referral,53970,Banking
TRUE,New Business / Add-on,Partner Referral,45870,Banking
FALSE,New Business,Web,23460,Banking
FALSE,Existing Business,Web,20760,Healthcare
FALSE,New Business,Phone Inquiry,11730,Banking
FALSE,Existing Business,Partner Referral,62670,Technology
FALSE,New Business / Add-on,Partner Referral,42300,Banking
FALSE,Existing Business,Phone Inquiry,12210,Healthcare
TRUE,New Business / Add-on,Partner Referral,42000,Banking
FALSE,Existing Business,Phone Inquiry,11670,Energy
FALSE,New Business / Add-on,Web,41940,Healthcare
FALSE,Existing Business,Web,35820,Healthcare
FALSE,New Business,Web,47010,Energy
FALSE,New Business / Add-on,Partner Referral,42870,Healthcare
FALSE,New Business,Web,27510,Energy
FALSE,New Business / Add-on,Partner Referral,57510,Banking
FALSE,Existing Business,Web,21420,Energy
FALSE,Existing Business,Web,53730,Energy
FALSE,Existing Business,Phone Inquiry,14970,Energy
FALSE,New Business,Phone Inquiry,14910,Banking
FALSE,New Business / Add-on,Partner Referral,60480,Banking
TRUE,New Business,Web,38640,Healthcare
FALSE,Existing Business,Partner Referral,63210,Technology
TRUE,New Business / Add-on,Partner Referral,61470,Banking
FALSE,Existing Business,Phone Inquiry,11790,Energy
FALSE,New Business / Add-on,Web,32670,Technology
FALSE,New Business / Add-on,Web,42300,Healthcare
FALSE,New Business,Phone Inquiry,12060,Energy
FALSE,New Business / Add-on,Web,41610,Banking
FALSE,New Business,Phone Inquiry,11880,Technology
FALSE,Existing Business,Web,44640,Technology
FALSE,Existing Business,Partner Referral,55830,Technology
FALSE,New Business / Add-on,Web,30720,Healthcare
FALSE,New Business,Web,39360,Energy
FALSE,New Business,Web,48330,Energy
FALSE,New Business,Web,31620,Healthcare
FALSE,Existing Business,Phone Inquiry,12510,Healthcare
TRUE,New Business / Add-on,Partner Referral,48060,Energy
FALSE,New Business / Add-on,Web,31290,Energy
TRUE,New Business / Add-on,Partner Referral,48120,Banking
TRUE,New Business / Add-on,Partner Referral,58890,Technology
FALSE,Existing Business,Partner Referral,68970,Technology
TRUE,New Business / Add-on,Partner Referral,67770,Healthcare
FALSE,New Business,Partner Referral,62670,Technology
FALSE,Existing Business,Partner Referral,68190,Energy
FALSE,Existing Business,Phone Inquiry,12360,Technology
TRUE,New Business / Add-on,Partner Referral,42540,Healthcare
TRUE,New Business / Add-on,Partner Referral,52110,Banking
FALSE,New Business / Add-on,Partner Referral,54930,Banking
FALSE,New Business / Add-on,Web,29910,Banking
FALSE,New Business,Phone Inquiry,11880,Energy
TRUE,New Business / Add-on,Partner Referral,59910,Banking
TRUE,New Business / Add-on,Partner Referral,44700,Banking
FALSE,New Business / Add-on,Partner Referral,62490,Banking
TRUE,New Business / Add-on,Partner Referral,65490,Banking
FALSE,New Business / Add-on,Web,28920,Banking
FALSE,Existing Business,Phone Inquiry,15060,Energy
FALSE,New Business / Add-on,Partner Referral,60090,Energy
TRUE,New Business / Add-on,Web,39120,Energy
TRUE,New Business / Add-on,Partner Referral,59700,Energy
TRUE,New Business / Add-on,Partner Referral,42930,Healthcare
FALSE,New Business / Add-on,Web,33540,Healthcare
TRUE,New Business / Add-on,Partner Referral,56340,Banking
FALSE,New Business / Add-on,Web,38640,Energy
TRUE,Existing Business,Partner Referral,65040,Technology
FALSE,New Business / Add-on,Partner Referral,51180,Healthcare
FALSE,Existing Business,Partner Referral,64470,Healthcare
TRUE,New Business / Add-on,Web,29250,Technology
TRUE,New Business / Add-on,Partner Referral,51390,Banking
FALSE,Existing Business,Web,54780,Energy
FALSE,Existing Business,Web,51570,Technology
TRUE,New Business / Add-on,Partner Referral,64020,Banking
TRUE,New Business / Add-on,Web,15090,Banking
FALSE,New Business / Add-on,Web,27120,Banking
TRUE,New Business,Partner Referral,66210,Banking
FALSE,Existing Business,Partner Referral,47520,Energy
FALSE,Existing Business,Web,33300,Energy
TRUE,New Business,Partner Referral,61950,Energy
FALSE,New Business / Add-on,Partner Referral,54150,Banking
FALSE,Existing Business,Web,54750,Healthcare
TRUE,New Business / Add-on,Web,28680,Banking
FALSE,New Business,Partner Referral,60540,Energy
FALSE,New Business / Add-on,Partner Referral,58620,Technology
FALSE,New Business / Add-on,Partner Referral,41910,Banking
FALSE,New Business,Web,39360,Healthcare
FALSE,New Business,Partner Referral,62790,Technology
FALSE,Existing Business,Partner Referral,54270,Energy
FALSE,Existing Business,Web,38220,Technology
FALSE,New Business / Add-on,Partner Referral,62700,Banking
FALSE,New Business,Phone Inquiry,12060,Healthcare
FALSE,New Business,Partner Referral,62580,Energy
FALSE,Existing Business,Web,55950,Technology
FALSE,New Business,Web,44070,Technology
FALSE,New Business / Add-on,Phone Inquiry,12420,Healthcare
FALSE,Existing Business,Phone Inquiry,15150,Healthcare
FALSE,Existing Business,Partner Referral,60300,Technology
FALSE,New Business / Add-on,Partner Referral,54360,Banking
FALSE,Existing Business,Web,53640,Energy
FALSE,New Business / Add-on,Partner Referral,57270,Technology
FALSE,Existing Business,Phone Inquiry,12270,Energy
TRUE,New Business / Add-on,Partner Referral,59160,Energy
TRUE,New Business / Add-on,Partner Referral,49830,Banking
FALSE,New Business / Add-on,Phone Inquiry,11970,Banking
FALSE,New Business,Partner Referral,65490,Energy
FALSE,New Business / Add-on,Partner Referral,51420,Energy
FALSE,New Business / Add-on,Partner Referral,61230,Technology
FALSE,New Business,Partner Referral,56820,Banking
FALSE,New Business / Add-on,Web,38640,Banking
FALSE,New Business,Phone Inquiry,16080,Healthcare
FALSE,New Business,Web,39630,Energy
FALSE,New Business / Add-on,Web,39120,Technology
FALSE,New Business / Add-on,Partner Referral,51030,Energy
FALSE,New Business / Add-on,Web,33480,Healthcare
TRUE,New Business / Add-on,Partner Referral,42240,Technology
TRUE,New Business,Partner Referral,62850,Technology
FALSE,Existing Business,Phone Inquiry,11970,Technology
TRUE,New Business / Add-on,Partner Referral,56550,Banking
FALSE,New Business,Web,27000,Energy
FALSE,Existing Business,Partner Referral,68940,Technology
FALSE,New Business / Add-on,Partner Referral,63840,Technology
FALSE,New Business / Add-on,Web,27660,Healthcare
FALSE,Existing Business,Web,23820,Healthcare
FALSE,New Business / Add-on,Phone Inquiry,12030,Technology
FALSE,Existing Business,Partner Referral,57450,Energy
FALSE,New Business,Phone Inquiry,14640,Healthcare
FALSE,New Business / Add-on,Web,20160,Technology
FALSE,Existing Business,Partner Referral,54270,Technology
FALSE,New Business / Add-on,Partner Referral,50400,Banking
FALSE,Existing Business,Web,40440,Technology
FALSE,New Business / Add-on,Phone Inquiry,11820,Technology
FALSE,New Business / Add-on,Partner Referral,48210,Banking
FALSE,Existing Business,Phone Inquiry,11760,Healthcare
FALSE,Existing Business,Web,32520,Technology
FALSE,New Business / Add-on,Web,27120,Energy
FALSE,New Business,Web,45060,Healthcare
FALSE,New Business,Phone Inquiry,11820,Banking
FALSE,New Business / Add-on,Web,43650,Technology
FALSE,Existing Business,Phone Inquiry,12030,Energy
TRUE,New Business / Add-on,Web,27570,Healthcare
FALSE,New Business / Add-on,Web,23520,Banking
FALSE,New Business / Add-on,Web,26850,Banking
FALSE,New Business / Add-on,Partner Referral,49590,Banking
FALSE,New Business / Add-on,Partner Referral,56340,Technology
TRUE,New Business / Add-on,Partner Referral,42090,Banking
TRUE,New Business / Add-on,Partner Referral,51330,Energy
FALSE,Existing Business,Partner Referral,70290,Energy
FALSE,Existing Business,Partner Referral,59550,Energy
FALSE,Existing Business,Partner Referral,67530,Technology
FALSE,New Business / Add-on,Phone Inquiry,15420,Banking
FALSE,Existing Business,Web,54180,Energy
FALSE,New Business,Web,29640,Energy
FALSE,New Business / Add-on,Phone Inquiry,11640,Healthcare
FALSE,Existing Business,Partner Referral,65820,Technology
FALSE,New Business,Web,36750,Banking
FALSE,New Business / Add-on,Web,33180,Banking
TRUE,New Business / Add-on,Partner Referral,42180,Banking
TRUE,New Business / Add-on,Partner Referral,63810,Technology
FALSE,New Business / Add-on,Partner Referral,62250,Technology
FALSE,New Business,Phone Inquiry,11700,Healthcare
FALSE,New Business,Web,23700,Energy
FALSE,New Business / Add-on,Web,15630,Banking
FALSE,New Business / Add-on,Partner Referral,54630,Energy
FALSE,New Business / Add-on,Web,17790,Healthcare
FALSE,New Business / Add-on,Web,30120,Healthcare
FALSE,New Business / Add-on,Partner Referral,63180,Banking
FALSE,New Business / Add-on,Web,33270,Banking
FALSE,New Business,Web,51270,Banking
FALSE,New Business,Phone Inquiry,11880,Banking
FALSE,New Business / Add-on,Web,35550,Banking
FALSE,New Business / Add-on,Partner Referral,54420,Energy
TRUE,New Business,Partner Referral,62220,Healthcare
FALSE,New Business,Partner Referral,47430,Energy
FALSE,New Business,Partner Referral,54420,Banking
FALSE,New Business,Partner Referral,57000,Energy
TRUE,New Business / Add-on,Partner Referral,53010,Banking
FALSE,New Business / Add-on,Web,18150,Healthcare
FALSE,New Business / Add-on,Web,29910,Technology
TRUE,New Business / Add-on,Web,17820,Energy
FALSE,Existing Business,Partner Referral,65820,Energy
FALSE,New Business / Add-on,Partner Referral,57810,Energy
FALSE,New Business / Add-on,Web,39960,Energy
FALSE,New Business / Add-on,Web,26700,Banking
TRUE,New Business,Partner Referral,66540,Energy
TRUE,New Business / Add-on,Partner Referral,63000,Banking
TRUE,New Business / Add-on,Web,15180,Banking
TRUE,New Business,Web,33090,Energy
TRUE,New Business / Add-on,Phone Inquiry,12060,Healthcare
FALSE,New Business / Add-on,Partner Referral,48060,Healthcare
FALSE,New Business,Web,41430,Technology
TRUE,New Business / Add-on,Partner Referral,41940,Healthcare
FALSE,New Business / Add-on,Phone Inquiry,12240,Healthcare
FALSE,Existing Business,Phone Inquiry,11820,Energy
FALSE,New Business / Add-on,Web,30060,Banking
TRUE,New Business / Add-on,Partner Referral,60840,Banking
FALSE,New Business,Web,50070,Energy
FALSE,New Business / Add-on,Partner Referral,51990,Energy
FALSE,New Business / Add-on,Phone Inquiry,12090,Technology
TRUE,New Business / Add-on,Partner Referral,48480,Banking
FALSE,Existing Business,Phone Inquiry,11640,Energy
TRUE,New Business / Add-on,Web,37230,Technology
TRUE,New Business / Add-on,Partner Referral,45870,Banking
FALSE,Existing Business,Web,36030,Technology
TRUE,New Business / Add-on,Partner Referral,54780,Banking
TRUE,New Business / Add-on,Partner Referral,57450,Banking
FALSE,New Business,Phone Inquiry,12210,Healthcare
FALSE,New Business,Partner Referral,56430,Healthcare
FALSE,Existing Business,Web,50460,Energy
FALSE,New Business / Add-on,Partner Referral,47250,Banking
FALSE,New Business / Add-on,Web,33330,Energy
TRUE,New Business / Add-on,Web,37590,Banking
TRUE,New Business / Add-on,Partner Referral,44700,Banking
TRUE,New Business / Add-on,Partner Referral,61260,Energy
FALSE,New Business,Phone Inquiry,12060,Healthcare
FALSE,New Business,Web,42180,Banking
FALSE,New Business,Web,32190,Energy
FALSE,Existing Business,Phone Inquiry,12450,Healthcare
FALSE,New Business,Partner Referral,62040,Technology
FALSE,New Business,Web,30480,Healthcare
TRUE,New Business / Add-on,Web,30090,Banking
FALSE,New Business / Add-on,Web,47400,Healthcare
FALSE,New Business / Add-on,Partner Referral,44760,Technology
FALSE,New Business,Partner Referral,57900,Technology
FALSE,New Business / Add-on,Phone Inquiry,12060,Healthcare
FALSE,New Business,Phone Inquiry,11640,Healthcare
FALSE,Existing Business,Web,46530,Energy
FALSE,New Business / Add-on,Phone Inquiry,12030,Healthcare
FALSE,New Business / Add-on,Phone Inquiry,11910,Energy
FALSE,New Business / Add-on,Phone Inquiry,12120,Healthcare
FALSE,New Business / Add-on,Web,40470,Healthcare
FALSE,Existing Business,Phone Inquiry,11130,Energy
FALSE,New Business / Add-on,Web,17850,Healthcare
TRUE,New Business / Add-on,Partner Referral,51900,Banking
FALSE,Existing Business,Phone Inquiry,14520,Healthcare
FALSE,Existing Business,Phone Inquiry,14130,Healthcare
FALSE,New Business,Phone Inquiry,12270,Technology
TRUE,New Business / Add-on,Partner Referral,48870,Banking
FALSE,Existing Business,Web,55380,Energy
TRUE,New Business / Add-on,Partner Referral,41490,Banking
FALSE,Existing Business,Web,32190,Energy
FALSE,New Business,Web,23790,Energy
FALSE,New Business / Add-on,Web,32790,Banking
FALSE,New Business,Partner Referral,62880,Technology
FALSE,New Business / Add-on,Web,17580,Energy
FALSE,New Business / Add-on,Web,50310,Banking
TRUE,New Business / Add-on,Partner Referral,47730,Banking
FALSE,New Business / Add-on,Partner Referral,62190,Banking
FALSE,New Business / Add-on,Partner Referral,59430,Banking
FALSE,Existing Business,Partner Referral,60030,Healthcare
FALSE,Existing Business,Phone Inquiry,12210,Energy
FALSE,New Business / Add-on,Web,26370,Banking
FALSE,New Business / Add-on,Phone Inquiry,14100,Healthcare
FALSE,New Business,Web,42420,Healthcare
FALSE,New Business / Add-on,Partner Referral,56580,Technology
FALSE,New Business / Add-on,Web,17490,Banking
FALSE,Existing Business,Phone Inquiry,12510,Energy
FALSE,Existing Business,Web,22620,Technology
TRUE,Existing Business,Partner Referral,57300,Healthcare
TRUE,New Business / Add-on,Partner Referral,54630,Banking
FALSE,Existing Business,Partner Referral,55470,Healthcare
FALSE,New Business,Web,26490,Banking
FALSE,New Business,Web,21630,Healthcare
FALSE,New Business / Add-on,Web,30150,Energy
FALSE,Existing Business,Partner Referral,65850,Energy
TRUE,New Business / Add-on,Partner Referral,47520,Banking
FALSE,Existing Business,Phone Inquiry,12180,Technology
FALSE,New Business,Partner Referral,67410,Energy
FALSE,Existing Business,Partner Referral,56580,Healthcare
FALSE,New Business,Web,24690,Technology
FALSE,New Business / Add-on,Web,44790,Technology
FALSE,New Business / Add-on,Web,28950,Banking
FALSE,Existing Business,Web,45690,Energy
FALSE,Existing Business,Web,42660,Healthcare
FALSE,New Business / Add-on,Partner Referral,57930,Banking
FALSE,New Business,Web,47580,Energy
FALSE,New Business,Partner Referral,53760,Energy
FALSE,Existing Business,Phone Inquiry,12300,Healthcare
FALSE,Existing Business,Partner Referral,63780,Technology
FALSE,New Business,Partner Referral,60210,Technology
FALSE,New Business / Add-on,Partner Referral,51360,Banking
TRUE,New Business / Add-on,Web,27150,Banking
FALSE,New Business,Partner Referral,63690,Banking
FALSE,New Business / Add-on,Web,30660,Banking
FALSE,New Business / Add-on,Phone Inquiry,11940,Healthcare
FALSE,Existing Business,Phone Inquiry,15420,Energy
TRUE,New Business / Add-on,Partner Referral,44580,Banking
FALSE,New Business,Partner Referral,59640,Banking
FALSE,New Business,Web,41820,Technology
FALSE,New Business / Add-on,Partner Referral,59010,Banking
FALSE,New Business / Add-on,Partner Referral,51270,Banking
FALSE,New Business / Add-on,Partner Referral,57540,Banking
FALSE,New Business / Add-on,Partner Referral,60450,Banking
FALSE,New Business / Add-on,Partner Referral,53520,Banking
TRUE,New Business / Add-on,Partner Referral,44460,Energy
TRUE,New Business / Add-on,Partner Referral,60360,Banking
TRUE,New Business / Add-on,Partner Referral,45000,Healthcare
FALSE,Existing Business,Phone Inquiry,15450,Energy
FALSE,Existing Business,Web,50460,Banking
FALSE,Existing Business,Web,47580,Technology
FALSE,New Business,Partner Referral,64230,Energy
FALSE,Existing Business,Phone Inquiry,12030,Technology
TRUE,Existing Business,Web,42120,Energy
FALSE,New Business / Add-on,Phone Inquiry,11700,Technology
TRUE,New Business / Add-on,Partner Referral,42450,Banking
FALSE,New Business / Add-on,Web,27180,Banking
FALSE,Existing Business,Partner Referral,69090,Banking
FALSE,Existing Business,Web,43770,Technology
FALSE,New Business,Phone Inquiry,11790,Healthcare
FALSE,Existing Business,Phone Inquiry,11730,Technology
FALSE,New Business / Add-on,Partner Referral,53730,Banking
FALSE,New Business / Add-on,Web,30210,Healthcare
TRUE,New Business / Add-on,Web,30150,Technology
FALSE,Existing Business,Web,52350,Energy
FALSE,Existing Business,Phone Inquiry,12480,Healthcare
FALSE,Existing Business,Partner Referral,65550,Technology
FALSE,New Business / Add-on,Phone Inquiry,12210,Healthcare
FALSE,New Business / Add-on,Web,33540,Banking
TRUE,New Business / Add-on,Partner Referral,47520,Energy
TRUE,New Business / Add-on,Partner Referral,57600,Banking
FALSE,Existing Business,Web,47520,Banking
FALSE,New Business / Add-on,Phone Inquiry,14400,Banking
FALSE,New Business,Partner Referral,60810,Technology
TRUE,New Business / Add-on,Partner Referral,60060,Banking
TRUE,New Business / Add-on,Web,33900,Healthcare
FALSE,New Business,Web,21270,Healthcare
TRUE,New Business / Add-on,Partner Referral,51000,Banking
FALSE,New Business,Web,47640,Technology
FALSE,New Business,Web,21120,Energy
FALSE,Existing Business,Phone Inquiry,11790,Healthcare
FALSE,Existing Business,Web,29910,Healthcare
FALSE,New Business,Web,41250,Technology
FALSE,New Business / Add-on,Partner Referral,47940,Banking
FALSE,New Business / Add-on,Partner Referral,53850,Technology
TRUE,New Business,Web,35580,Banking
FALSE,New Business / Add-on,Phone Inquiry,11640,Energy
FALSE,New Business,Partner Referral,56190,Technology
TRUE,New Business / Add-on,Web,29640,Banking
FALSE,New Business / Add-on,Phone Inquiry,11940,Healthcare
TRUE,New Business / Add-on,Web,33000,Healthcare
FALSE,New Business,Web,43740,Technology
TRUE,New Business / Add-on,Partner Referral,41520,Banking
FALSE,Existing Business,Phone Inquiry,15360,Technology
FALSE,New Business,Phone Inquiry,11850,Healthcare
FALSE,New Business / Add-on,Web,33420,Banking
FALSE,Existing Business,Partner Referral,70500,Energy
FALSE,Existing Business,Phone Inquiry,11910,Energy
FALSE,New Business / Add-on,Partner Referral,47340,Healthcare
FALSE,New Business / Add-on,Phone Inquiry,12390,Banking
TRUE,New Business,Web,37380,Healthcare
TRUE,New Business / Add-on,Partner Referral,55500,Banking
FALSE,New Business / Add-on,Phone Inquiry,11790,Healthcare
FALSE,Existing Business,Web,47850,Technology
FALSE,Existing Business,Web,47970,Energy
FALSE,New Business / Add-on,Web,17940,Banking
FALSE,Existing Business,Phone Inquiry,11850,Healthcare
FALSE,New Business / Add-on,Web,27000,Healthcare
FALSE,New Business / Add-on,Web,26880,Technology
TRUE,New Business / Add-on,Partner Referral,41790,Banking
FALSE,New Business / Add-on,Web,30660,Banking
FALSE,Existing Business,Web,31890,Healthcare
FALSE,New Business / Add-on,Phone Inquiry,14820,Technology
TRUE,Existing Business,Partner Referral,66960,Energy
TRUE,New Business / Add-on,Web,29130,Energy
FALSE,New Business / Add-on,Partner Referral,65970,Banking
FALSE,New Business / Add-on,Phone Inquiry,12480,Healthcare
TRUE,New Business / Add-on,Phone Inquiry,12120,Healthcare
FALSE,Existing Business,Phone Inquiry,15360,Technology
TRUE,New Business / Add-on,Web,23790,Banking
TRUE,New Business,Phone Inquiry,14940,Banking
FALSE,Existing Business,Partner Referral,65040,Energy
FALSE,Existing Business,Phone Inquiry,11730,Healthcare
FALSE,New Business / Add-on,Partner Referral,51060,Banking
TRUE,New Business / Add-on,Web,34020,Healthcare
FALSE,New Business / Add-on,Partner Referral,41430,Healthcare
FALSE,New Business / Add-on,Partner Referral,42090,Healthcare
FALSE,Existing Business,Partner Referral,66690,Healthcare
FALSE,New Business / Add-on,Partner Referral,55800,Technology
FALSE,New Business / Add-on,Web,32730,Banking
FALSE,New Business / Add-on,Phone Inquiry,11820,Healthcare
FALSE,New Business,Web,50880,Technology
FALSE,New Business,Partner Referral,56670,Energy
TRUE,New Business / Add-on,Partner Referral,56520,Banking
TRUE,New Business / Add-on,Partner Referral,57750,Banking
TRUE,New Business / Add-on,Partner Referral,42420,Banking
FALSE,Existing Business,Phone Inquiry,12510,Healthcare
FALSE,New Business,Web,36000,Energy
FALSE,New Business / Add-on,Partner Referral,48270,Banking
FALSE,Existing Business,Web,50970,Banking
TRUE,New Business,Web,20130,Healthcare
FALSE,Existing Business,Web,29790,Energy
FALSE,New Business,Phone Inquiry,12120,Technology
TRUE,New Business / Add-on,Partner Referral,56730,Energy
FALSE,New Business,Partner Referral,60300,Technology
FALSE,New Business / Add-on,Web,21450,Banking
FALSE,New Business / Add-on,Partner Referral,51870,Technology
FALSE,New Business,Web,32280,Technology
FALSE,New Business / Add-on,Web,23130,Energy
FALSE,New Business / Add-on,Web,23940,Technology
FALSE,New Business / Add-on,Partner Referral,42030,Banking
FALSE,New Business,Phone Inquiry,12060,Healthcare
TRUE,Existing Business,Partner Referral,67770,Technology
FALSE,New Business / Add-on,Phone Inquiry,12180,Banking
FALSE,New Business / Add-on,Web,21390,Energy
TRUE,New Business / Add-on,Web,21540,Banking
TRUE,New Business / Add-on,Partner Referral,59550,Technology
FALSE,New Business,Partner Referral,49770,Energy
FALSE,Existing Business,Web,33390,Healthcare
TRUE,New Business / Add-on,Web,14670,Healthcare
FALSE,New Business,Phone Inquiry,15120,Banking
FALSE,New Business,Web,30480,Healthcare
FALSE,New Business / Add-on,Phone Inquiry,11790,Healthcare
FALSE,New Business / Add-on,Web,35880,Energy
FALSE,New Business / Add-on,Partner Referral,44130,Energy
FALSE,New Business / Add-on,Web,36840,Banking
TRUE,New Business / Add-on,Partner Referral,62010,Technology
FALSE,New Business,Phone Inquiry,11940,Technology
FALSE,New Business / Add-on,Phone Inquiry,11670,Energy
FALSE,New Business / Add-on,Partner Referral,48900,Healthcare
TRUE,New Business / Add-on,Partner Referral,50880,Banking
FALSE,Existing Business,Partner Referral,65730,Energy
TRUE,New Business / Add-on,Partner Referral,59970,Banking
FALSE,New Business / Add-on,Partner Referral,44640,Healthcare
TRUE,New Business / Add-on,Partner Referral,54000,Energy
FALSE,New Business / Add-on,Partner Referral,44940,Banking
TRUE,New Business / Add-on,Partner Referral,62910,Banking
FALSE,New Business / Add-on,Web,35790,Technology
FALSE,Existing Business,Partner Referral,66270,Technology
TRUE,New Business,Partner Referral,63660,Banking
TRUE,New Business / Add-on,Partner Referral,44520,Energy
FALSE,New Business / Add-on,Partner Referral,44670,Banking
FALSE,Existing Business,Phone Inquiry,14730,Banking
TRUE,New Business / Add-on,Partner Referral,53610,Banking
FALSE,Existing Business,Phone Inquiry,14730,Healthcare
FALSE,New Business,Partner Referral,54390,Banking
FALSE,Existing Business,Partner Referral,63030,Energy
FALSE,New Business / Add-on,Phone Inquiry,12270,Energy
FALSE,Existing Business,Phone Inquiry,11730,Healthcare
FALSE,New Business,Phone Inquiry,11820,Technology
FALSE,New Business / Add-on,Web,42270,Technology
FALSE,New Business / Add-on,Partner Referral,51390,Technology
TRUE,New Business / Add-on,Partner Referral,46290,Banking
TRUE,New Business / Add-on,Web,21150,Technology
FALSE,Existing Business,Phone Inquiry,12330,Healthcare
FALSE,New Business,Partner Referral,58770,Banking
TRUE,New Business / Add-on,Web,29130,Banking
FALSE,New Business,Phone Inquiry,12000,Healthcare
FALSE,Existing Business,Phone Inquiry,15150,Energy
TRUE,New Business / Add-on,Partner Referral,59040,Energy
FALSE,Existing Business,Web,42540,Energy
FALSE,New Business / Add-on,Phone Inquiry,11910,Healthcare
FALSE,New Business / Add-on,Partner Referral,63810,Banking
FALSE,Existing Business,Partner Referral,59700,Healthcare
FALSE,Existing Business,Web,50820,Healthcare
FALSE,New Business / Add-on,Partner Referral,51630,Healthcare
FALSE,New Business / Add-on,Web,26730,Healthcare
FALSE,Existing Business,Web,45510,Energy
TRUE,New Business / Add-on,Partner Referral,56310,Technology
FALSE,Existing Business,Phone Inquiry,15000,Technology
FALSE,New Business / Add-on,Web,27000,Banking
TRUE,New Business / Add-on,Partner Referral,60420,Banking
FALSE,New Business / Add-on,Phone Inquiry,12300,Healthcare
TRUE,New Business / Add-on,Partner Referral,48270,Banking
FALSE,New Business,Partner Referral,54270,Banking
FALSE,New Business / Add-on,Web,36270,Technology
TRUE,New Business / Add-on,Web,33150,Banking
FALSE,New Business,Web,47070,Banking
FALSE,Existing Business,Partner Referral,60330,Healthcare
FALSE,New Business / Add-on,Phone Inquiry,12210,Energy
TRUE,New Business / Add-on,Web,32670,Banking
FALSE,New Business / Add-on,Partner Referral,54450,Banking
TRUE,New Business / Add-on,Partner Referral,45210,Energy
FALSE,New Business,Phone Inquiry,12150,Energy
FALSE,Existing Business,Phone Inquiry,12030,Energy
FALSE,New Business / Add-on,Phone Inquiry,11760,Healthcare
FALSE,New Business / Add-on,Web,32280,Banking
FALSE,New Business,Web,42120,Healthcare
FALSE,New Business,Web,45300,Banking
FALSE,Existing Business,Phone Inquiry,12210,Banking
FALSE,New Business,Phone Inquiry,15630,Energy
FALSE,New Business,Phone Inquiry,12360,Technology
TRUE,New Business / Add-on,Partner Referral,45420,Banking
FALSE,New Business,Phone Inquiry,12060,Technology
FALSE,Existing Business,Phone Inquiry,14580,Technology
FALSE,Existing Business,Phone Inquiry,14700,Banking
FALSE,Existing Business,Partner Referral,66300,Energy
FALSE,Existing Business,Phone Inquiry,15150,Technology
TRUE,New Business / Add-on,Partner Referral,44550,Healthcare
FALSE,New Business,Partner Referral,54060,Technology
FALSE,New Business,Web,41250,Technology
FALSE,Existing Business,Phone Inquiry,11520,Healthcare
TRUE,New Business / Add-on,Partner Referral,53820,Banking
FALSE,Existing Business,Partner Referral,69060,Technology
TRUE,New Business / Add-on,Partner Referral,57840,Banking
TRUE,New Business / Add-on,Partner Referral,41700,Technology
FALSE,New Business / Add-on,Partner Referral,59790,Technology
FALSE,New Business / Add-on,Partner Referral,54870,Banking
FALSE,Existing Business,Web,50850,Healthcare
TRUE,New Business / Add-on,Partner Referral,51150,Energy
FALSE,New Business,Web,47250,Healthcare
FALSE,Existing Business,Phone Inquiry,12150,Energy
FALSE,Existing Business,Phone Inquiry,11940,Energy
FALSE,Existing Business,Partner Referral,58650,Energy
TRUE,New Business / Add-on,Phone Inquiry,11640,Healthcare
TRUE,New Business / Add-on,Partner Referral,49980,Banking
TRUE,New Business / Add-on,Partner Referral,48060,Technology
TRUE,New Business,Web,37620,Energy
FALSE,New Business / Add-on,Partner Referral,60240,Banking
FALSE,Existing Business,Phone Inquiry,14670,Energy
FALSE,New Business,Partner Referral,60660,Technology
FALSE,Existing Business,Web,30540,Energy
FALSE,New Business,Partner Referral,64320,Energy
FALSE,Existing Business,Web,55320,Technology
TRUE,New Business,Phone Inquiry,15180,Technology
FALSE,Existing Business,Partner Referral,68040,Technology
FALSE,Existing Business,Web,24330,Banking
FALSE,Existing Business,Phone Inquiry,15600,Energy
FALSE,Existing Business,Partner Referral,67170,Energy
FALSE,Existing Business,Web,32280,Energy
FALSE,New Business,Web,43260,Healthcare
TRUE,New Business / Add-on,Partner Referral,58890,Healthcare
FALSE,New Business,Web,47310,Banking
FALSE,New Business,Web,42450,Technology
FALSE,New Business / Add-on,Web,45690,Energy
FALSE,Existing Business,Web,23460,Healthcare
FALSE,New Business / Add-on,Partner Referral,41970,Energy
FALSE,New Business / Add-on,Phone Inquiry,12030,Healthcare
FALSE,Existing Business,Phone Inquiry,12030,Healthcare
FALSE,New Business / Add-on,Phone Inquiry,11670,Technology
FALSE,New Business,Phone Inquiry,16140,Banking
FALSE,New Business / Add-on,Phone Inquiry,11520,Banking
FALSE,New Business / Add-on,Web,30000,Healthcare
FALSE,New Business / Add-on,Web,36000,Banking
FALSE,New Business / Add-on,Partner Referral,50730,Healthcare
FALSE,New Business / Add-on,Web,27270,Healthcare
FALSE,New Business,Phone Inquiry,12030,Healthcare
FALSE,Existing Business,Partner Referral,69330,Banking
TRUE,New Business / Add-on,Partner Referral,56220,Banking
FALSE,Existing Business,Partner Referral,59400,Energy
FALSE,Existing Business,Web,30330,Technology
TRUE,New Business / Add-on,Partner Referral,63570,Healthcare
TRUE,New Business,Web,49200,Energy
FALSE,Existing Business,Phone Inquiry,15000,Technology
FALSE,Existing Business,Web,54930,Technology
TRUE,New Business / Add-on,Partner Referral,57450,Banking
FALSE,Existing Business,Phone Inquiry,11610,Healthcare
FALSE,Existing Business,Phone Inquiry,14910,Energy
TRUE,New Business / Add-on,Partner Referral,56430,Energy
FALSE,Existing Business,Partner Referral,60240,Banking
FALSE,Existing Business,Phone Inquiry,15000,Technology
TRUE,New Business / Add-on,Web,32850,Healthcare
TRUE,New Business / Add-on,Partner Referral,57390,Technology
FALSE,New Business / Add-on,Phone Inquiry,11550,Technology
FALSE,New Business / Add-on,Partner Referral,64950,Technology
TRUE,New Business / Add-on,Partner Referral,56760,Banking
TRUE,New Business / Add-on,Partner Referral,59340,Banking
FALSE,Existing Business,Phone Inquiry,12090,Energy
FALSE,New Business / Add-on,Partner Referral,60780,Banking
FALSE,New Business / Add-on,Phone Inquiry,12000,Energy
FALSE,New Business / Add-on,Partner Referral,63180,Banking
FALSE,Existing Business,Web,41910,Technology
FALSE,New Business / Add-on,Web,39150,Energy
FALSE,Existing Business,Phone Inquiry,11880,Healthcare
FALSE,New Business / Add-on,Phone Inquiry,11760,Healthcare
FALSE,New Business,Phone Inquiry,12030,Energy
FALSE,New Business / Add-on,Web,29640,Banking
TRUE,New Business / Add-on,Partner Referral,45630,Banking
FALSE,New Business / Add-on,Partner Referral,53040,Technology
FALSE,New Business / Add-on,Partner Referral,60360,Banking
FALSE,New Business / Add-on,Phone Inquiry,11670,Healthcare
FALSE,Existing Business,Phone Inquiry,12180,Technology
FALSE,Existing Business,Partner Referral,64590,Technology
FALSE,Existing Business,Web,48270,Technology
FALSE,New Business,Web,35310,Energy
FALSE,New Business,Partner Referral,65760,Banking
FALSE,New Business / Add-on,Partner Referral,45090,Banking
FALSE,Existing Business,Web,43800,Energy
TRUE,New Business,Partner Referral,63570,Healthcare
FALSE,New Business,Partner Referral,53610,Technology
FALSE,New Business / Add-on,Partner Referral,53460,Technology
FALSE,New Business,Partner Referral,54750,Energy
FALSE,New Business / Add-on,Partner Referral,54210,Healthcare
FALSE,New Business,Partner Referral,63330,Technology
FALSE,Existing Business,Phone Inquiry,11460,Healthcare
FALSE,Existing Business,Phone Inquiry,12240,Energy
FALSE,Existing Business,Partner Referral,60270,Banking
TRUE,New Business / Add-on,Partner Referral,44970,Banking
TRUE,New Business / Add-on,Web,17820,Banking
TRUE,New Business / Add-on,Web,30210,Banking
FALSE,New Business / Add-on,Partner Referral,51420,Technology
TRUE,Existing Business,Web,28710,Banking
FALSE,New Business / Add-on,Partner Referral,56400,Energy
FALSE,Existing Business,Web,41910,Technology
TRUE,New Business / Add-on,Partner Referral,42180,Banking
FALSE,Existing Business,Phone Inquiry,15510,Energy
FALSE,Existing Business,Web,42660,Healthcare
TRUE,New Business / Add-on,Partner Referral,59280,Banking
FALSE,New Business / Add-on,Partner Referral,56010,Banking
TRUE,New Business / Add-on,Partner Referral,59910,Technology
TRUE,New Business / Add-on,Partner Referral,48180,Energy
FALSE,New Business / Add-on,Web,30330,Technology
TRUE,New Business / Add-on,Partner Referral,48270,Energy
FALSE,New Business / Add-on,Partner Referral,48780,Banking
FALSE,New Business / Add-on,Phone Inquiry,12420,Energy
FALSE,New Business / Add-on,Web,47430,Energy
FALSE,Existing Business,Phone Inquiry,11430,Healthcare
FALSE,Existing Business,Phone Inquiry,11760,Energy
FALSE,Existing Business,Phone Inquiry,12120,Healthcare
TRUE,New Business / Add-on,Partner Referral,52080,Banking
FALSE,Existing Business,Phone Inquiry,12540,Healthcare
FALSE,New Business / Add-on,Partner Referral,62160,Energy
FALSE,Existing Business,Web,23280,Healthcare
FALSE,New Business,Partner Referral,53040,Technology
TRUE,New Business / Add-on,Partner Referral,50520,Banking
FALSE,New Business / Add-on,Partner Referral,47820,Banking
TRUE,New Business / Add-on,Partner Referral,59400,Healthcare
TRUE,New Business / Add-on,Partner Referral,60450,Banking
FALSE,New Business / Add-on,Phone Inquiry,11580,Healthcare
FALSE,New Business / Add-on,Web,33450,Healthcare
FALSE,New Business,Phone Inquiry,11970,Healthcare
TRUE,New Business / Add-on,Partner Referral,55050,Technology
FALSE,New Business / Add-on,Partner Referral,53790,Healthcare
FALSE,New Business / Add-on,Web,27510,Healthcare
TRUE,New Business / Add-on,Partner Referral,47730,Healthcare
FALSE,New Business / Add-on,Web,33570,Healthcare
FALSE,New Business / Add-on,Web,41400,Energy
FALSE,New Business / Add-on,Partner Referral,50130,Technology
FALSE,Existing Business,Web,39420,Technology
FALSE,Existing Business,Partner Referral,56940,Technology
FALSE,New Business / Add-on,Web,37140,Healthcare
TRUE,New Business / Add-on,Partner Referral,66660,Banking
FALSE,New Business / Add-on,Phone Inquiry,12000,Healthcare
FALSE,New Business,Web,40620,Healthcare
FALSE,Existing Business,Phone Inquiry,15090,Energy
FALSE,New Business / Add-on,Partner Referral,55710,Banking
TRUE,New Business / Add-on,Partner Referral,53460,Banking
FALSE,Existing Business,Partner Referral,66780,Healthcare
TRUE,New Business / Add-on,Partner Referral,61140,Technology
TRUE,New Business / Add-on,Partner Referral,54990,Banking
TRUE,New Business / Add-on,Partner Referral,53310,Banking
FALSE,New Business,Web,36360,Technology
TRUE,New Business / Add-on,Web,15180,Banking
FALSE,Existing Business,Web,39300,Healthcare
TRUE,New Business / Add-on,Partner Referral,57270,Banking
FALSE,Existing Business,Phone Inquiry,11970,Technology
TRUE,New Business / Add-on,Partner Referral,54660,Banking
TRUE,New Business,Web,32490,Energy
FALSE,New Business / Add-on,Partner Referral,44760,Technology
FALSE,New Business / Add-on,Partner Referral,56760,Technology
FALSE,New Business,Partner Referral,48690,Energy
FALSE,Existing Business,Web,53430,Technology
FALSE,New Business / Add-on,Web,29520,Healthcare
FALSE,Existing Business,Phone Inquiry,11670,Energy
FALSE,New Business,Partner Referral,62580,Banking
TRUE,New Business / Add-on,Partner Referral,41820,Technology
TRUE,New Business / Add-on,Partner Referral,53700,Banking
FALSE,New Business / Add-on,Partner Referral,51630,Banking
FALSE,Existing Business,Phone Inquiry,15120,Technology
FALSE,New Business / Add-on,Web,21090,Banking
FALSE,New Business,Partner Referral,59790,Energy
FALSE,New Business / Add-on,Partner Referral,63210,Technology
TRUE,New Business / Add-on,Web,21090,Banking
TRUE,New Business / Add-on,Partner Referral,44250,Energy
TRUE,New Business / Add-on,Partner Referral,60810,Banking
FALSE,Existing Business,Phone Inquiry,14580,Technology
FALSE,New Business / Add-on,Partner Referral,48420,Banking
FALSE,New Business / Add-on,Partner Referral,53910,Healthcare
FALSE,New Business,Web,36660,Banking
FALSE,New Business / Add-on,Web,17430,Banking
FALSE,New Business,Partner Referral,59820,Technology
TRUE,New Business / Add-on,Web,33540,Energy
TRUE,New Business / Add-on,Partner Referral,63540,Banking
FALSE,Existing Business,Web,27600,Energy
TRUE,New Business / Add-on,Web,26370,Healthcare
FALSE,New Business / Add-on,Web,48240,Technology
FALSE,New Business,Partner Referral,60030,Healthcare
TRUE,New Business / Add-on,Web,27060,Technology
FALSE,New Business,Partner Referral,56400,Technology
FALSE,New Business,Web,41370,Energy
FALSE,New Business,Web,41070,Energy
FALSE,New Business,Web,41400,Banking
FALSE,New Business / Add-on,Web,26310,Banking
FALSE,New Business / Add-on,Web,26700,Banking
FALSE,Existing Business,Phone Inquiry,11220,Healthcare
TRUE,New Business / Add-on,Partner Referral,42150,Technology
TRUE,New Business / Add-on,Web,33210,Banking
FALSE,New Business / Add-on,Web,32130,Healthcare
FALSE,Existing Business,Partner Referral,68760,Banking
FALSE,Existing Business,Phone Inquiry,12060,Technology
FALSE,New Business / Add-on,Partner Referral,51300,Banking
FALSE,New Business,Partner Referral,65250,Technology
TRUE,New Business / Add-on,Partner Referral,61800,Banking
FALSE,Existing Business,Partner Referral,58710,Banking
FALSE,Existing Business,Phone Inquiry,11730,Technology
FALSE,Existing Business,Partner Referral,50430,Technology
TRUE,New Business,Partner Referral,62250,Banking
FALSE,New Business / Add-on,Partner Referral,53640,Energy
FALSE,Existing Business,Phone Inquiry,11820,Energy
FALSE,New Business / Add-on,Partner Referral,47910,Technology
FALSE,New Business / Add-on,Partner Referral,44670,Energy
FALSE,New Business,Web,44460,Technology
TRUE,New Business / Add-on,Partner Referral,41610,Banking
FALSE,New Business,Phone Inquiry,11280,Healthcare
TRUE,New Business / Add-on,Partner Referral,44310,Banking
FALSE,New Business / Add-on,Web,38640,Energy
FALSE,New Business,Web,33480,Energy
FALSE,New Business / Add-on,Phone Inquiry,12030,Energy
TRUE,New Business / Add-on,Partner Referral,45090,Energy
FALSE,New Business,Partner Referral,59490,Technology
FALSE,New Business / Add-on,Web,34050,Technology
TRUE,New Business / Add-on,Partner Referral,41760,Banking
FALSE,Existing Business,Partner Referral,62490,Energy
FALSE,Existing Business,Partner Referral,66480,Energy
TRUE,New Business / Add-on,Partner Referral,48090,Banking
FALSE,New Business / Add-on,Web,21450,Healthcare
FALSE,Existing Business,Web,41940,Technology
FALSE,New Business,Partner Referral,53520,Banking
FALSE,Existing Business,Web,33390,Energy
FALSE,New Business,Web,30420,Technology
FALSE,Existing Business,Phone Inquiry,12000,Energy
TRUE,New Business / Add-on,Web,18300,Technology
FALSE,New Business / Add-on,Phone Inquiry,11460,Healthcare
TRUE,Existing Business,Partner Referral,58980,Technology
FALSE,New Business / Add-on,Web,27330,Energy
FALSE,New Business,Partner Referral,60630,Energy
FALSE,New Business,Partner Referral,62220,Banking
FALSE,New Business,Web,21750,Healthcare
FALSE,New Business / Add-on,Web,29640,Healthcare
FALSE,Existing Business,Phone Inquiry,11940,Energy
TRUE,New Business / Add-on,Partner Referral,64440,Technology
TRUE,New Business / Add-on,Partner Referral,49200,Banking
FALSE,New Business / Add-on,Phone Inquiry,11880,Healthcare
FALSE,New Business / Add-on,Web,27030,Banking
FALSE,Existing Business,Web,38730,Technology
FALSE,New Business / Add-on,Partner Referral,51750,Banking
FALSE,Existing Business,Phone Inquiry,11850,Technology
FALSE,New Business,Partner Referral,53460,Healthcare
FALSE,New Business / Add-on,Partner Referral,57330,Banking
TRUE,New Business / Add-on,Partner Referral,45240,Energy
TRUE,New Business / Add-on,Partner Referral,60750,Banking
FALSE,New Business / Add-on,Partner Referral,61560,Energy
FALSE,New Business,Web,33780,Energy
FALSE,New Business / Add-on,Partner Referral,56520,Energy
FALSE,New Business,Web,25830,Technology
TRUE,New Business / Add-on,Partner Referral,53700,Banking
TRUE,New Business / Add-on,Partner Referral,44640,Technology
TRUE,New Business / Add-on,Phone Inquiry,12300,Healthcare
TRUE,New Business / Add-on,Partner Referral,44610,Banking
TRUE,New Business / Add-on,Partner Referral,59850,Technology
TRUE,New Business,Partner Referral,67170,Banking
FALSE,New Business,Partner Referral,56400,Banking
FALSE,New Business,Partner Referral,59310,Banking
FALSE,Existing Business,Web,38610,Banking
FALSE,Existing Business,Web,43200,Energy
FALSE,New Business / Add-on,Web,29820,Healthcare
FALSE,Existing Business,Web,48420,Banking
FALSE,New Business / Add-on,Web,14520,Healthcare
TRUE,New Business / Add-on,Web,23400,Healthcare
FALSE,New Business / Add-on,Web,39270,Banking
FALSE,Existing Business,Web,44610,Banking
FALSE,New Business / Add-on,Partner Referral,49920,Technology
FALSE,New Business / Add-on,Web,15000,Energy
FALSE,New Business,Web,24120,Banking
TRUE,New Business / Add-on,Partner Referral,56460,Energy
FALSE,New Business,Partner Referral,65010,Banking
FALSE,New Business / Add-on,Web,41700,Energy
FALSE,New Business,Web,45600,Technology
FALSE,New Business / Add-on,Partner Referral,56160,Banking
TRUE,New Business / Add-on,Partner Referral,57390,Technology
FALSE,New Business,Partner Referral,60330,Technology
TRUE,New Business / Add-on,Partner Referral,52830,Banking
FALSE,New Business,Phone Inquiry,14670,Technology
FALSE,Existing Business,Web,53730,Healthcare
TRUE,New Business,Web,39900,Technology
FALSE,New Business / Add-on,Partner Referral,45660,Banking
FALSE,New Business / Add-on,Partner Referral,48300,Banking
TRUE,New Business / Add-on,Web,21270,Healthcare
FALSE,New Business,Phone Inquiry,12330,Banking
TRUE,New Business / Add-on,Web,29940,Healthcare
FALSE,Existing Business,Partner Referral,63240,Technology
FALSE,New Business / Add-on,Web,21450,Banking
FALSE,New Business / Add-on,Partner Referral,57060,Energy
FALSE,New Business,Phone Inquiry,11580,Energy
TRUE,New Business / Add-on,Partner Referral,62700,Energy
FALSE,Existing Business,Web,37860,Technology
TRUE,New Business / Add-on,Partner Referral,45030,Energy
TRUE,New Business / Add-on,Partner Referral,48600,Banking
TRUE,New Business / Add-on,Partner Referral,44670,Banking
TRUE,New Business / Add-on,Web,36240,Healthcare
FALSE,Existing Business,Web,50970,Banking
FALSE,New Business / Add-on,Partner Referral,56040,Technology
FALSE,New Business / Add-on,Partner Referral,53520,Banking
FALSE,New Business / Add-on,Partner Referral,51120,Energy
FALSE,New Business / Add-on,Web,29970,Banking
FALSE,Existing Business,Phone Inquiry,12390,Technology
TRUE,New Business / Add-on,Partner Referral,42390,Healthcare
FALSE,Existing Business,Phone Inquiry,12090,Healthcare
FALSE,New Business / Add-on,Phone Inquiry,11520,Banking
TRUE,New Business,Web,35880,Banking
FALSE,New Business,Partner Referral,62970,Banking
FALSE,New Business / Add-on,Partner Referral,62100,Banking
FALSE,New Business / Add-on,Partner Referral,50880,Energy
FALSE,New Business / Add-on,Partner Referral,57030,Technology
TRUE,New Business / Add-on,Web,26520,Technology
FALSE,New Business / Add-on,Web,44010,Healthcare
FALSE,Existing Business,Web,38460,Technology
FALSE,New Business / Add-on,Web,26640,Banking
FALSE,New Business / Add-on,Phone Inquiry,12030,Healthcare
FALSE,New Business,Web,36000,Energy
TRUE,New Business / Add-on,Partner Referral,45450,Banking
FALSE,New Business / Add-on,Partner Referral,41700,Energy
TRUE,New Business / Add-on,Partner Referral,61770,Energy
FALSE,New Business / Add-on,Partner Referral,47220,Technology
FALSE,New Business,Web,36390,Banking
FALSE,Existing Business,Phone Inquiry,12690,Technology
FALSE,New Business,Web,50880,Healthcare
FALSE,New Business,Partner Referral,61920,Energy
FALSE,New Business / Add-on,Web,17760,Banking
TRUE,New Business / Add-on,Partner Referral,44640,Healthcare
FALSE,Existing Business,Partner Referral,63390,Technology
FALSE,New Business / Add-on,Partner Referral,42060,Banking
FALSE,Existing Business,Partner Referral,59190,Technology
FALSE,New Business,Partner Referral,66870,Banking
FALSE,Existing Business,Partner Referral,68940,Banking
FALSE,New Business / Add-on,Partner Referral,60330,Technology
FALSE,Existing Business,Phone Inquiry,12240,Healthcare
FALSE,New Business / Add-on,Partner Referral,62610,Banking
TRUE,New Business / Add-on,Partner Referral,41850,Banking
TRUE,New Business / Add-on,Web,20700,Banking
TRUE,New Business / Add-on,Partner Referral,63330,Banking
TRUE,New Business / Add-on,Web,18060,Energy
TRUE,New Business / Add-on,Partner Referral,42180,Banking
FALSE,New Business / Add-on,Web,48270,Energy
TRUE,New Business / Add-on,Partner Referral,48120,Healthcare
TRUE,New Business,Partner Referral,56610,Energy
FALSE,Existing Business,Web,54810,Technology
TRUE,New Business / Add-on,Web,26760,Technology
TRUE,New Business / Add-on,Phone Inquiry,11760,Healthcare
FALSE,New Business,Phone Inquiry,11940,Banking
TRUE,New Business / Add-on,Partner Referral,66270,Banking
FALSE,New Business / Add-on,Web,41010,Banking
FALSE,Existing Business,Web,47460,Energy
FALSE,New Business,Web,30600,Banking
FALSE,New Business / Add-on,Partner Referral,48330,Energy
FALSE,New Business / Add-on,Web,40020,Healthcare
FALSE,New Business / Add-on,Partner Referral,51840,Banking
FALSE,New Business,Web,30030,Banking
FALSE,Existing Business,Phone Inquiry,15420,Energy
FALSE,New Business / Add-on,Partner Referral,50040,Healthcare
TRUE,New Business / Add-on,Partner Referral,42420,Energy
FALSE,Existing Business,Partner Referral,50790,Energy
TRUE,New Business / Add-on,Partner Referral,59550,Banking
FALSE,Existing Business,Web,38850,Healthcare
FALSE,New Business,Partner Referral,60090,Technology
TRUE,New Business / Add-on,Partner Referral,50880,Banking
FALSE,Existing Business,Phone Inquiry,15150,Healthcare
FALSE,Existing Business,Partner Referral,67800,Energy
FALSE,Existing Business,Web,24390,Energy
TRUE,New Business,Partner Referral,63000,Technology
TRUE,New Business / Add-on,Web,32670,Banking
FALSE,New Business / Add-on,Partner Referral,56970,Technology
FALSE,New Business / Add-on,Web,35940,Energy
TRUE,New Business / Add-on,Partner Referral,51180,Banking
TRUE,New Business / Add-on,Partner Referral,50010,Banking
TRUE,New Business / Add-on,Web,20100,Energy
FALSE,New Business / Add-on,Phone Inquiry,11880,Energy
FALSE,Existing Business,Web,49080,Energy
FALSE,New Business / Add-on,Phone Inquiry,12000,Healthcare
FALSE,New Business / Add-on,Web,35760,Banking
FALSE,Existing Business,Phone Inquiry,15000,Energy
FALSE,New Business / Add-on,Partner Referral,50610,Energy
TRUE,New Business / Add-on,Partner Referral,54210,Banking
FALSE,New Business / Add-on,Web,33330,Healthcare
FALSE,Existing Business,Web,45210,Energy
TRUE,New Business / Add-on,Partner Referral,54450,Banking
TRUE,New Business / Add-on,Partner Referral,53760,Healthcare
FALSE,New Business,Web,35580,Banking
FALSE,New Business / Add-on,Web,39660,Banking
FALSE,Existing Business,Phone Inquiry,11280,Healthcare
FALSE,Existing Business,Web,51870,Energy
FALSE,New Business / Add-on,Web,31260,Energy
FALSE,Existing Business,Web,28440,Healthcare
TRUE,New Business / Add-on,Web,29550,Banking
FALSE,New Business,Partner Referral,65490,Energy
FALSE,New Business,Partner Referral,56970,Energy
FALSE,New Business,Partner Referral,56130,Banking
FALSE,Existing Business,Web,47700,Energy
FALSE,Existing Business,Partner Referral,69030,Energy
TRUE,New Business / Add-on,Phone Inquiry,11850,Healthcare
TRUE,New Business / Add-on,Partner Referral,57090,Banking
FALSE,New Business,Partner Referral,57090,Healthcare
FALSE,New Business / Add-on,Partner Referral,63240,Banking
FALSE,New Business,Phone Inquiry,12060,Technology
TRUE,New Business / Add-on,Partner Referral,60810,Technology
FALSE,New Business / Add-on,Phone Inquiry,12030,Healthcare
FALSE,Existing Business,Phone Inquiry,12420,Healthcare
FALSE,New Business,Phone Inquiry,12210,Healthcare
TRUE,New Business / Add-on,Partner Referral,42030,Energy
FALSE,New Business,Phone Inquiry,11820,Healthcare
TRUE,New Business / Add-on,Partner Referral,44790,Banking
FALSE,Existing Business,Web,51270,Technology
FALSE,Existing Business,Web,24240,Energy
TRUE,New Business / Add-on,Web,30240,Healthcare
TRUE,New Business / Add-on,Partner Referral,47790,Healthcare
FALSE,New Business,Partner Referral,63120,Technology
FALSE,Existing Business,Partner Referral,60390,Technology
TRUE,New Business / Add-on,Partner Referral,47910,Banking
FALSE,New Business / Add-on,Partner Referral,54600,Banking
TRUE,New Business / Add-on,Partner Referral,47250,Banking
FALSE,Existing Business,Partner Referral,70050,Energy
TRUE,New Business / Add-on,Partner Referral,48270,Energy
FALSE,New Business,Web,35460,Banking
FALSE,New Business / Add-on,Web,29880,Banking
FALSE,Existing Business,Phone Inquiry,11580,Technology
FALSE,New Business / Add-on,Phone Inquiry,11790,Energy
FALSE,New Business,Web,48840,Energy
FALSE,Existing Business,Web,23340,Healthcare
FALSE,Existing Business,Web,52770,Technology
FALSE,New Business / Add-on,Phone Inquiry,11910,Healthcare
FALSE,New Business / Add-on,Partner Referral,57810,Banking
FALSE,New Business / Add-on,Web,14490,Banking
FALSE,New Business,Phone Inquiry,11460,Energy
FALSE,New Business / Add-on,Web,26400,Banking
TRUE,New Business / Add-on,Web,30060,Healthcare
FALSE,New Business,Web,36360,Energy
FALSE,Existing Business,Phone Inquiry,15390,Technology
TRUE,New Business / Add-on,Partner Referral,45840,Banking
TRUE,New Business / Add-on,Partner Referral,59220,Banking
TRUE,New Business / Add-on,Partner Referral,60480,Banking
FALSE,New Business / Add-on,Web,32370,Banking
FALSE,New Business,Phone Inquiry,12240,Energy
TRUE,New Business,Partner Referral,54060,Technology
FALSE,New Business / Add-on,Web,17610,Healthcare
FALSE,New Business / Add-on,Phone Inquiry,12270,Healthcare
FALSE,Existing Business,Partner Referral,57060,Technology
FALSE,New Business / Add-on,Phone Inquiry,15150,Technology
FALSE,New Business / Add-on,Web,26940,Healthcare
FALSE,Existing Business,Web,55590,Technology
FALSE,Existing Business,Web,26220,Technology
FALSE,Existing Business,Web,43560,Energy
TRUE,New Business / Add-on,Web,30930,Banking
TRUE,New Business / Add-on,Partner Referral,47550,Banking
FALSE,Existing Business,Phone Inquiry,11370,Healthcare
FALSE,New Business / Add-on,Phone Inquiry,12300,Energy
FALSE,New Business,Phone Inquiry,11970,Technology
FALSE,New Business / Add-on,Web,14700,Banking
FALSE,Existing Business,Phone Inquiry,12360,Healthcare
TRUE,New Business / Add-on,Partner Referral,56910,Technology
FALSE,New Business,Web,36630,Banking
TRUE,New Business / Add-on,Partner Referral,51420,Banking
FALSE,New Business,Partner Referral,63990,Technology
FALSE,New Business / Add-on,Partner Referral,64950,Energy
FALSE,New Business / Add-on,Phone Inquiry,12240,Energy
FALSE,New Business / Add-on,Web,33180,Healthcare
FALSE,New Business / Add-on,Phone Inquiry,12150,Healthcare
FALSE,New Business / Add-on,Partner Referral,43770,Technology
FALSE,New Business / Add-on,Partner Referral,53670,Banking
FALSE,New Business,Partner Referral,62790,Energy
FALSE,Existing Business,Web,45120,Technology
FALSE,New Business,Partner Referral,60690,Technology
TRUE,New Business / Add-on,Web,26640,Healthcare
TRUE,New Business / Add-on,Partner Referral,53700,Banking
FALSE,Existing Business,Web,41250,Technology
FALSE,Existing Business,Partner Referral,66630,Banking
FALSE,Existing Business,Partner Referral,59400,Energy
TRUE,New Business / Add-on,Partner Referral,51630,Banking
FALSE,Existing Business,Phone Inquiry,12600,Healthcare
FALSE,New Business / Add-on,Phone Inquiry,11640,Healthcare
TRUE,New Business / Add-on,Web,26730,Banking
FALSE,New Business,Web,46320,Technology
FALSE,New Business,Phone Inquiry,11670,Healthcare
FALSE,New Business / Add-on,Web,14910,Healthcare
TRUE,New Business / Add-on,Web,21240,Technology
TRUE,New Business / Add-on,Partner Referral,57390,Healthcare
FALSE,New Business / Add-on,Web,24810,Healthcare
FALSE,New Business / Add-on,Phone Inquiry,11760,Banking
TRUE,New Business / Add-on,Phone Inquiry,12570,Healthcare
FALSE,New Business,Partner Referral,50670,Technology
FALSE,New Business / Add-on,Phone Inquiry,12150,Healthcare
FALSE,New Business / Add-on,Phone Inquiry,11790,Technology
FALSE,New Business,Phone Inquiry,12390,Energy
TRUE,New Business / Add-on,Web,20820,Banking
FALSE,Existing Business,Partner Referral,59580,Technology
FALSE,New Business / Add-on,Partner Referral,48630,Banking
FALSE,New Business / Add-on,Web,40560,Banking
FALSE,New Business / Add-on,Partner Referral,42090,Banking
FALSE,New Business,Partner Referral,69000,Banking
FALSE,New Business / Add-on,Partner Referral,50880,Technology
FALSE,New Business,Phone Inquiry,11820,Healthcare
TRUE,New Business / Add-on,Phone Inquiry,11850,Technology
TRUE,New Business / Add-on,Partner Referral,55530,Banking
FALSE,New Business / Add-on,Web,37890,Healthcare
FALSE,Existing Business,Web,44400,Energy
FALSE,New Business / Add-on,Web,17460,Banking
FALSE,New Business / Add-on,Web,30030,Healthcare
TRUE,New Business,Web,36030,Banking
TRUE,New Business / Add-on,Partner Referral,44580,Energy
FALSE,New Business / Add-on,Phone Inquiry,12000,Banking
FALSE,New Business,Partner Referral,44790,Healthcare
TRUE,New Business / Add-on,Partner Referral,51210,Banking
TRUE,New Business,Web,44580,Healthcare
FALSE,New Business / Add-on,Web,26640,Banking
FALSE,Existing Business,Web,51240,Technology
FALSE,New Business / Add-on,Partner Referral,56460,Banking
TRUE,New Business / Add-on,Partner Referral,58860,Technology
FALSE,Existing Business,Partner Referral,65340,Banking
FALSE,New Business,Web,33720,Healthcare
FALSE,Existing Business,Phone Inquiry,15660,Healthcare
FALSE,New Business,Partner Referral,51270,Energy
FALSE,New Business / Add-on,Partner Referral,53370,Energy
TRUE,Existing Business,Partner Referral,65790,Banking
FALSE,Existing Business,Web,44610,Technology
FALSE,New Business / Add-on,Web,29310,Banking
FALSE,New Business / Add-on,Partner Referral,48060,Banking
FALSE,New Business / Add-on,Web,33630,Banking
TRUE,New Business / Add-on,Partner Referral,44730,Banking
FALSE,New Business / Add-on,Partner Referral,53880,Technology
TRUE,New Business / Add-on,Partner Referral,60570,Banking
TRUE,New Business / Add-on,Partner Referral,56940,Banking
FALSE,New Business,Phone Inquiry,11460,Technology
FALSE,New Business / Add-on,Phone Inquiry,12210,Healthcare
FALSE,New Business,Partner Referral,63630,Energy
TRUE,New Business / Add-on,Partner Referral,62940,Banking
FALSE,Existing Business,Phone Inquiry,11790,Technology
TRUE,New Business,Web,14460,Technology
FALSE,Existing Business,Web,35910,Technology
FALSE,Existing Business,Web,51660,Banking
FALSE,New Business,Phone Inquiry,11670,Healthcare
FALSE,New Business / Add-on,Partner Referral,58260,Banking
FALSE,New Business / Add-on,Web,21990,Banking
FALSE,New Business,Partner Referral,62340,Technology
FALSE,Existing Business,Phone Inquiry,11850,Healthcare
TRUE,New Business,Partner Referral,62430,Banking
FALSE,Existing Business,Phone Inquiry,14730,Healthcare
FALSE,Existing Business,Web,29220,Technology
TRUE,New Business / Add-on,Partner Referral,53010,Healthcare
FALSE,Existing Business,Partner Referral,65730,Banking
FALSE,Existing Business,Phone Inquiry,12390,Energy
TRUE,New Business / Add-on,Partner Referral,56790,Energy
FALSE,New Business / Add-on,Web,33120,Banking
FALSE,New Business,Phone Inquiry,14430,Technology
TRUE,New Business / Add-on,Partner Referral,44640,Banking
TRUE,New Business / Add-on,Web,47940,Energy
FALSE,Existing Business,Phone Inquiry,12270,Technology
FALSE,Existing Business,Phone Inquiry,11550,Healthcare
FALSE,New Business / Add-on,Phone Inquiry,15810,Banking
FALSE,New Business,Web,26280,Banking
FALSE,New Business / Add-on,Web,30090,Healthcare
FALSE,Existing Business,Phone Inquiry,12270,Healthcare
TRUE,New Business / Add-on,Partner Referral,41820,Banking
FALSE,Existing Business,Web,36840,Banking
TRUE,New Business / Add-on,Partner Referral,58860,Banking
FALSE,New Business,Web,42450,Energy
FALSE,Existing Business,Web,36690,Technology
FALSE,New Business,Phone Inquiry,12150,Healthcare
FALSE,New Business,Web,38310,Energy
FALSE,New Business / Add-on,Partner Referral,59220,Banking
TRUE,New Business / Add-on,Phone Inquiry,12300,Healthcare
FALSE,Existing Business,Phone Inquiry,12000,Healthcare
FALSE,Existing Business,Phone Inquiry,11580,Technology
FALSE,New Business / Add-on,Partner Referral,50640,Healthcare
FALSE,New Business / Add-on,Web,15060,Banking
FALSE,New Business / Add-on,Web,28950,Healthcare
FALSE,Existing Business,Phone Inquiry,11910,Healthcare
TRUE,New Business / Add-on,Partner Referral,59760,Banking
FALSE,New Business / Add-on,Partner Referral,56520,Banking
FALSE,New Business / Add-on,Web,37290,Healthcare
FALSE,New Business / Add-on,Partner Referral,47580,Technology
FALSE,New Business,Web,33750,Energy
FALSE,New Business / Add-on,Phone Inquiry,12180,Healthcare
FALSE,New Business / Add-on,Partner Referral,59400,Banking
FALSE,Existing Business,Web,54360,Healthcare
FALSE,Existing Business,Web,51540,Technology
FALSE,New Business,Partner Referral,47520,Technology
FALSE,New Business,Web,42210,Technology
FALSE,Existing Business,Phone Inquiry,11610,Healthcare
FALSE,New Business / Add-on,Web,30090,Banking
FALSE,Existing Business,Web,38280,Technology
FALSE,New Business / Add-on,Phone Inquiry,12330,Healthcare
FALSE,Existing Business,Web,53130,Energy
FALSE,New Business / Add-on,Partner Referral,60840,Energy
TRUE,New Business / Add-on,Partner Referral,49170,Banking
TRUE,New Business / Add-on,Partner Referral,41610,Banking
FALSE,New Business / Add-on,Web,26760,Healthcare
FALSE,New Business / Add-on,Web,38250,Technology
FALSE,Existing Business,Partner Referral,65550,Technology
FALSE,New Business / Add-on,Partner Referral,50760,Banking
FALSE,New Business,Phone Inquiry,12270,Energy
FALSE,New Business / Add-on,Partner Referral,51450,Banking
TRUE,New Business / Add-on,Partner Referral,54660,Banking
FALSE,Existing Business,Partner Referral,64770,Banking
TRUE,New Business / Add-on,Partner Referral,51660,Banking
FALSE,Existing Business,Phone Inquiry,13770,Banking
TRUE,New Business / Add-on,Partner Referral,56820,Technology
FALSE,Existing Business,Phone Inquiry,11670,Energy
TRUE,New Business / Add-on,Partner Referral,51060,Banking
FALSE,New Business,Phone Inquiry,11820,Energy
TRUE,New Business / Add-on,Partner Referral,59490,Banking
FALSE,New Business / Add-on,Partner Referral,52200,Technology
TRUE,New Business / Add-on,Partner Referral,61770,Banking
FALSE,New Business / Add-on,Partner Referral,47970,Technology
FALSE,New Business,Web,38400,Banking
FALSE,New Business / Add-on,Web,38940,Banking
FALSE,Existing Business,Phone Inquiry,15450,Healthcare
FALSE,Existing Business,Web,54090,Technology
FALSE,Existing Business,Partner Referral,69660,Energy
FALSE,New Business / Add-on,Partner Referral,62970,Technology
TRUE,New Business / Add-on,Web,27030,Healthcare
TRUE,New Business / Add-on,Partner Referral,42600,Banking
FALSE,New Business,Web,30000,Healthcare
TRUE,New Business / Add-on,Partner Referral,42330,Technology
TRUE,New Business / Add-on,Partner Referral,47820,Banking
FALSE,New Business / Add-on,Phone Inquiry,12270,Healthcare
TRUE,New Business / Add-on,Web,35400,Banking
TRUE,New Business,Web,36210,Energy
FALSE,New Business,Phone Inquiry,11910,Technology
FALSE,New Business,Phone Inquiry,11970,Banking
FALSE,Existing Business,Phone Inquiry,15870,Technology
FALSE,Existing Business,Web,38040,Healthcare
FALSE,Existing Business,Web,32370,Technology
TRUE,New Business / Add-on,Partner Referral,41550,Banking
FALSE,Existing Business,Partner Referral,57060,Banking
FALSE,New Business / Add-on,Partner Referral,44460,Banking
FALSE,New Business / Add-on,Web,21300,Healthcare
TRUE,New Business / Add-on,Partner Referral,42570,Healthcare
FALSE,New Business,Partner Referral,47520,Banking
FALSE,New Business / Add-on,Web,29280,Healthcare
TRUE,New Business / Add-on,Partner Referral,53400,Healthcare
TRUE,New Business / Add-on,Partner Referral,59640,Banking
FALSE,New Business,Web,33270,Banking
FALSE,Existing Business,Phone Inquiry,15240,Energy
TRUE,New Business / Add-on,Partner Referral,44100,Technology
FALSE,New Business / Add-on,Partner Referral,56100,Banking
FALSE,Existing Business,Web,38340,Energy
FALSE,New Business,Web,38910,Technology
FALSE,Existing Business,Web,38280,Technology
FALSE,New Business / Add-on,Web,26670,Energy
FALSE,Existing Business,Phone Inquiry,11970,Technology
FALSE,New Business / Add-on,Web,26010,Healthcare
FALSE,Existing Business,Web,29790,Energy
FALSE,Existing Business,Web,51060,Healthcare
TRUE,New Business / Add-on,Partner Referral,57300,Banking
TRUE,New Business / Add-on,Partner Referral,55410,Healthcare
FALSE,New Business / Add-on,Partner Referral,53880,Healthcare
TRUE,New Business / Add-on,Partner Referral,44730,Banking
FALSE,New Business,Partner Referral,61830,Healthcare
FALSE,Existing Business,Partner Referral,69600,Banking
FALSE,New Business / Add-on,Partner Referral,41940,Banking
FALSE,Existing Business,Partner Referral,57060,Technology
FALSE,New Business,Web,24150,Healthcare
FALSE,Existing Business,Phone Inquiry,15450,Healthcare
FALSE,New Business / Add-on,Partner Referral,63210,Technology
FALSE,Existing Business,Partner Referral,68160,Banking
FALSE,Existing Business,Phone Inquiry,14400,Technology
FALSE,New Business / Add-on,Phone Inquiry,11640,Technology
FALSE,Existing Business,Web,51660,Technology
FALSE,New Business / Add-on,Partner Referral,61590,Healthcare
FALSE,New Business,Partner Referral,55710,Banking
FALSE,New Business,Partner Referral,58650,Technology
TRUE,New Business / Add-on,Partner Referral,50280,Healthcare
TRUE,New Business / Add-on,Web,32670,Banking
FALSE,Existing Business,Partner Referral,58770,Energy
FALSE,Existing Business,Phone Inquiry,11970,Banking
FALSE,Existing Business,Phone Inquiry,14760,Healthcare
FALSE,New Business / Add-on,Web,30570,Technology
FALSE,New Business / Add-on,Partner Referral,45360,Banking
FALSE,New Business / Add-on,Partner Referral,48450,Banking
FALSE,New Business / Add-on,Partner Referral,54240,Energy
TRUE,New Business / Add-on,Partner Referral,59880,Banking
FALSE,New Business,Web,36150,Energy
FALSE,New Business / Add-on,Phone Inquiry,12120,Banking
FALSE,New Business,Web,38490,Healthcare
FALSE,New Business / Add-on,Phone Inquiry,12150,Energy
TRUE,New Business / Add-on,Partner Referral,63510,Technology
TRUE,New Business / Add-on,Partner Referral,45270,Healthcare
TRUE,New Business / Add-on,Partner Referral,56310,Banking
FALSE,New Business / Add-on,Partner Referral,59400,Banking
FALSE,New Business / Add-on,Partner Referral,48180,Healthcare
FALSE,New Business / Add-on,Phone Inquiry,11730,Energy
FALSE,New Business / Add-on,Partner Referral,60450,Banking
TRUE,New Business / Add-on,Partner Referral,60450,Banking
FALSE,New Business / Add-on,Web,32250,Healthcare
TRUE,New Business / Add-on,Web,18600,Healthcare
FALSE,New Business,Phone Inquiry,15360,Energy
FALSE,New Business,Web,35010,Banking
TRUE,New Business / Add-on,Partner Referral,48000,Energy
FALSE,New Business / Add-on,Web,27810,Banking
FALSE,Existing Business,Partner Referral,68250,Banking
FALSE,New Business / Add-on,Partner Referral,54240,Banking
FALSE,Existing Business,Partner Referral,65580,Banking
TRUE,New Business / Add-on,Partner Referral,42150,Healthcare
FALSE,Existing Business,Web,54180,Energy
FALSE,Existing Business,Web,39150,Energy
TRUE,New Business / Add-on,Partner Referral,60090,Banking
TRUE,New Business / Add-on,Partner Referral,56700,Energy
FALSE,New Business / Add-on,Web,36390,Healthcare
FALSE,New Business / Add-on,Phone Inquiry,14460,Energy
FALSE,New Business / Add-on,Phone Inquiry,11700,Healthcare
FALSE,New Business / Add-on,Partner Referral,51570,Banking
FALSE,New Business,Web,32100,Banking
FALSE,Existing Business,Phone Inquiry,15270,Energy
FALSE,Existing Business,Phone Inquiry,12300,Technology
FALSE,New Business,Phone Inquiry,12510,Energy
FALSE,Existing Business,Web,53940,Energy
FALSE,New Business,Phone Inquiry,15600,Healthcare
FALSE,Existing Business,Partner Referral,67920,Healthcare
FALSE,Existing Business,Partner Referral,41430,Energy
FALSE,Existing Business,Phone Inquiry,12060,Healthcare
FALSE,Existing Business,Partner Referral,65790,Banking
FALSE,New Business / Add-on,Phone Inquiry,11520,Healthcare
TRUE,New Business / Add-on,Web,20340,Healthcare
FALSE,New Business / Add-on,Partner Referral,54000,Banking
FALSE,New Business / Add-on,Web,20400,Healthcare
FALSE,New Business,Phone Inquiry,12240,Healthcare
FALSE,Existing Business,Web,23160,Energy
FALSE,New Business / Add-on,Web,15150,Technology
FALSE,New Business / Add-on,Web,36360,Healthcare
TRUE,New Business / Add-on,Partner Referral,53970,Banking
FALSE,New Business / Add-on,Partner Referral,44850,Banking
FALSE,New Business / Add-on,Phone Inquiry,12360,Healthcare
TRUE,New Business / Add-on,Partner Referral,50670,Banking
FALSE,New Business / Add-on,Phone Inquiry,12240,Healthcare
FALSE,New Business,Web,49020,Banking
TRUE,New Business / Add-on,Partner Referral,47700,Banking
TRUE,New Business / Add-on,Partner Referral,53490,Healthcare
FALSE,New Business / Add-on,Phone Inquiry,12180,Healthcare
TRUE,New Business / Add-on,Partner Referral,44970,Banking
TRUE,New Business / Add-on,Partner Referral,44640,Banking
FALSE,New Business,Phone Inquiry,12000,Healthcare
FALSE,New Business / Add-on,Phone Inquiry,15000,Healthcare
FALSE,New Business / Add-on,Partner Referral,48270,Healthcare
FALSE,Existing Business,Phone Inquiry,11850,Healthcare
FALSE,Existing Business,Web,39390,Energy
FALSE,New Business,Web,42600,Energy
FALSE,New Business / Add-on,Partner Referral,53520,Banking
FALSE,Existing Business,Web,52050,Banking
TRUE,New Business / Add-on,Web,33180,Banking
FALSE,New Business,Web,36900,Healthcare
FALSE,Existing Business,Phone Inquiry,15060,Energy
TRUE,New Business / Add-on,Web,33090,Banking
FALSE,New Business,Web,20430,Energy
FALSE,New Business / Add-on,Phone Inquiry,11970,Healthcare
FALSE,New Business / Add-on,Phone Inquiry,11970,Healthcare
FALSE,Existing Business,Web,53820,Energy
FALSE,New Business / Add-on,Phone Inquiry,12240,Healthcare
FALSE,Existing Business,Phone Inquiry,15780,Healthcare
TRUE,New Business / Add-on,Partner Referral,50970,Banking
FALSE,New Business / Add-on,Phone Inquiry,12420,Healthcare
TRUE,New Business / Add-on,Web,25950,Healthcare
TRUE,New Business,Web,29010,Energy
TRUE,New Business / Add-on,Partner Referral,47730,Banking
TRUE,New Business / Add-on,Partner Referral,42630,Banking
FALSE,Existing Business,Phone Inquiry,11670,Energy
FALSE,Existing Business,Partner Referral,66480,Technology
TRUE,New Business / Add-on,Partner Referral,50700,Banking
FALSE,New Business / Add-on,Partner Referral,41580,Banking
FALSE,New Business,Web,29610,Technology
FALSE,New Business,Phone Inquiry,12210,Energy
FALSE,New Business,Partner Referral,63360,Banking
FALSE,Existing Business,Web,38670,Energy
TRUE,Existing Business,Partner Referral,65160,Energy
FALSE,New Business / Add-on,Web,29940,Banking
TRUE,New Business / Add-on,Web,18180,Technology
TRUE,New Business / Add-on,Web,18240,Banking
TRUE,New Business / Add-on,Web,27240,Healthcare
FALSE,New Business,Web,39390,Banking
FALSE,New Business,Partner Referral,61980,Technology
TRUE,New Business / Add-on,Partner Referral,50490,Technology
FALSE,New Business / Add-on,Web,26670,Banking
TRUE,New Business / Add-on,Phone Inquiry,11850,Banking
TRUE,New Business / Add-on,Partner Referral,51240,Energy
FALSE,Existing Business,Web,53940,Technology
FALSE,New Business / Add-on,Web,33030,Healthcare
FALSE,Existing Business,Partner Referral,62460,Technology
FALSE,New Business,Partner Referral,63960,Technology
TRUE,New Business / Add-on,Partner Referral,45120,Energy
FALSE,Existing Business,Web,42300,Energy
FALSE,New Business,Phone Inquiry,11760,Banking
TRUE,New Business,Web,33510,Healthcare
FALSE,Existing Business,Phone Inquiry,14430,Healthcare
FALSE,New Business,Web,22860,Energy
TRUE,New Business / Add-on,Partner Referral,63840,Banking
FALSE,New Business / Add-on,Web,20550,Healthcare
FALSE,New Business / Add-on,Partner Referral,60030,Banking
FALSE,New Business / Add-on,Partner Referral,41190,Banking
FALSE,New Business / Add-on,Web,27480,Healthcare
FALSE,New Business / Add-on,Partner Referral,45450,Healthcare
TRUE,New Business / Add-on,Partner Referral,50640,Banking
FALSE,New Business,Partner Referral,57840,Energy
FALSE,New Business / Add-on,Phone Inquiry,12330,Healthcare
FALSE,New Business / Add-on,Web,30570,Energy
FALSE,Existing Business,Web,54300,Healthcare
FALSE,New Business,Web,47640,Banking
FALSE,Existing Business,Web,35250,Technology
FALSE,New Business / Add-on,Web,35670,Energy
FALSE,New Business,Partner Referral,63420,Technology
TRUE,New Business / Add-on,Web,33750,Banking
FALSE,Existing Business,Web,31980,Energy
TRUE,New Business / Add-on,Partner Referral,51330,Banking
TRUE,New Business / Add-on,Web,41190,Technology
FALSE,New Business / Add-on,Web,14580,Healthcare
TRUE,New Business / Add-on,Partner Referral,46710,Banking
FALSE,New Business,Web,35940,Energy
FALSE,New Business,Phone Inquiry,14370,Energy
FALSE,New Business,Phone Inquiry,12090,Healthcare
TRUE,New Business / Add-on,Partner Referral,63210,Technology
FALSE,New Business / Add-on,Partner Referral,57390,Technology
TRUE,New Business / Add-on,Partner Referral,52230,Banking
FALSE,Existing Business,Web,48600,Healthcare
FALSE,Existing Business,Web,49470,Energy
TRUE,New Business / Add-on,Web,32100,Healthcare
FALSE,New Business,Phone Inquiry,12300,Technology
TRUE,New Business / Add-on,Web,15060,Healthcare
FALSE,New Business,Web,32640,Energy
FALSE,New Business,Web,35160,Energy
FALSE,New Business / Add-on,Partner Referral,50880,Banking
FALSE,Existing Business,Web,36840,Energy
FALSE,New Business / Add-on,Phone Inquiry,12240,Healthcare
TRUE,New Business / Add-on,Partner Referral,47790,Healthcare
FALSE,New Business,Phone Inquiry,12090,Healthcare
FALSE,New Business / Add-on,Partner Referral,56670,Energy
FALSE,New Business / Add-on,Partner Referral,47880,Technology
TRUE,New Business / Add-on,Web,32520,Banking
TRUE,New Business / Add-on,Phone Inquiry,11670,Banking
FALSE,New Business / Add-on,Partner Referral,44430,Banking
FALSE,New Business / Add-on,Web,29490,Technology
FALSE,Existing Business,Phone Inquiry,11640,Energy
FALSE,Existing Business,Partner Referral,68190,Technology
FALSE,New Business,Partner Referral,63600,Energy
FALSE,Existing Business,Phone Inquiry,15570,Technology
FALSE,New Business / Add-on,Phone Inquiry,11460,Healthcare
TRUE,Existing Business,Partner Referral,62040,Banking
FALSE,Existing Business,Partner Referral,60330,Technology
FALSE,New Business / Add-on,Partner Referral,57240,Banking
FALSE,New Business / Add-on,Web,45090,Technology
TRUE,New Business / Add-on,Partner Referral,50670,Banking
FALSE,New Business,Partner Referral,53490,Energy
FALSE,New Business,Partner Referral,64740,Banking
FALSE,New Business,Phone Inquiry,11700,Energy
TRUE,New Business / Add-on,Partner Referral,51570,Energy
FALSE,Existing Business,Phone Inquiry,14970,Energy
TRUE,New Business / Add-on,Web,35640,Banking
FALSE,New Business,Phone Inquiry,11700,Technology
FALSE,New Business / Add-on,Partner Referral,41970,Energy
FALSE,Existing Business,Web,49710,Technology
FALSE,New Business / Add-on,Phone Inquiry,11400,Healthcare
FALSE,New Business / Add-on,Web,23310,Energy
TRUE,New Business / Add-on,Web,18360,Banking
FALSE,New Business / Add-on,Phone Inquiry,12210,Energy
FALSE,New Business,Partner Referral,57000,Technology
FALSE,New Business,Web,44640,Technology
FALSE,Existing Business,Web,47070,Technology
FALSE,New Business / Add-on,Partner Referral,44580,Healthcare
FALSE,New Business,Web,30630,Technology
FALSE,New Business / Add-on,Phone Inquiry,11520,Technology
TRUE,New Business / Add-on,Partner Referral,59730,Banking
TRUE,New Business / Add-on,Partner Referral,42000,Banking
FALSE,New Business,Partner Referral,65460,Technology
TRUE,New Business / Add-on,Web,27180,Banking
TRUE,New Business / Add-on,Web,17910,Technology
FALSE,New Business / Add-on,Partner Referral,45870,Banking
TRUE,New Business / Add-on,Partner Referral,57060,Energy
TRUE,New Business / Add-on,Phone Inquiry,11880,Healthcare
FALSE,New Business / Add-on,Web,43680,Banking
FALSE,New Business / Add-on,Phone Inquiry,11370,Healthcare
TRUE,New Business / Add-on,Partner Referral,45990,Technology
TRUE,New Business / Add-on,Partner Referral,59490,Healthcare
FALSE,New Business / Add-on,Partner Referral,61050,Banking
FALSE,New Business / Add-on,Partner Referral,45270,Energy
FALSE,New Business / Add-on,Web,38460,Healthcare
FALSE,New Business / Add-on,Web,15390,Healthcare
FALSE,New Business / Add-on,Partner Referral,45060,Healthcare
FALSE,New Business,Partner Referral,57510,Technology
FALSE,New Business / Add-on,Web,32640,Banking
FALSE,New Business / Add-on,Partner Referral,43650,Banking
FALSE,New Business,Phone Inquiry,11910,Healthcare
FALSE,New Business / Add-on,Phone Inquiry,11430,Healthcare
TRUE,New Business / Add-on,Web,26970,Healthcare
TRUE,New Business / Add-on,Web,29730,Healthcare
FALSE,New Business / Add-on,Partner Referral,56910,Banking
FALSE,Existing Business,Web,27750,Technology
FALSE,New Business,Phone Inquiry,11610,Healthcare
FALSE,New Business / Add-on,Web,41760,Healthcare
FALSE,New Business / Add-on,Partner Referral,54420,Banking
FALSE,New Business / Add-on,Partner Referral,60840,Banking
FALSE,New Business,Phone Inquiry,12150,Healthcare
FALSE,New Business / Add-on,Web,29280,Technology
FALSE,Existing Business,Web,44610,Healthcare
FALSE,New Business,Phone Inquiry,11610,Healthcare
FALSE,New Business,Web,41250,Banking
FALSE,New Business,Partner Referral,60120,Banking
FALSE,Existing Business,Phone Inquiry,12510,Energy
TRUE,New Business / Add-on,Partner Referral,57540,Banking
FALSE,New Business,Phone Inquiry,11610,Healthcare
FALSE,New Business,Web,27000,Energy
TRUE,New Business / Add-on,Partner Referral,48900,Technology
FALSE,Existing Business,Phone Inquiry,15300,Healthcare
FALSE,Existing Business,Web,29340,Healthcare
TRUE,New Business / Add-on,Partner Referral,50460,Banking
FALSE,Existing Business,Phone Inquiry,11760,Healthcare
FALSE,New Business / Add-on,Phone Inquiry,12000,Healthcare
FALSE,Existing Business,Web,48780,Healthcare
FALSE,Existing Business,Partner Referral,57120,Energy
TRUE,New Business / Add-on,Web,21870,Healthcare
FALSE,Existing Business,Web,49980,Energy
TRUE,New Business / Add-on,Web,15030,Healthcare
FALSE,Existing Business,Phone Inquiry,12180,Energy
FALSE,New Business / Add-on,Partner Referral,53910,Banking
TRUE,New Business / Add-on,Web,29910,Banking
FALSE,New Business / Add-on,Phone Inquiry,11880,Healthcare
FALSE,Existing Business,Web,32790,Technology
FALSE,New Business / Add-on,Web,17610,Energy
FALSE,Existing Business,Phone Inquiry,11490,Technology
FALSE,Existing Business,Phone Inquiry,11460,Healthcare
TRUE,New Business / Add-on,Web,33330,Energy
FALSE,New Business / Add-on,Partner Referral,48330,Banking
FALSE,New Business,Phone Inquiry,12150,Healthcare
TRUE,New Business,Web,41700,Technology
FALSE,New Business,Partner Referral,63600,Technology
FALSE,Existing Business,Phone Inquiry,15300,Technology
TRUE,New Business / Add-on,Partner Referral,62580,Banking
FALSE,Existing Business,Web,47760,Healthcare
FALSE,New Business / Add-on,Web,33150,Banking
FALSE,Existing Business,Web,52830,Technology
FALSE,New Business,Phone Inquiry,12240,Technology
FALSE,Existing Business,Partner Referral,70560,Technology
FALSE,New Business / Add-on,Phone Inquiry,12000,Healthcare
FALSE,New Business / Add-on,Phone Inquiry,11790,Energy
FALSE,New Business,Web,42330,Energy
TRUE,New Business / Add-on,Partner Referral,56310,Banking
FALSE,New Business,Web,39480,Healthcare
FALSE,New Business,Phone Inquiry,12030,Energy
FALSE,New Business / Add-on,Partner Referral,48000,Banking
FALSE,New Business,Web,21240,Energy
FALSE,New Business,Partner Referral,47760,Technology
FALSE,New Business / Add-on,Partner Referral,48150,Banking
TRUE,New Business / Add-on,Web,30270,Healthcare
FALSE,New Business / Add-on,Phone Inquiry,12270,Healthcare
FALSE,New Business,Partner Referral,47760,Energy
FALSE,Existing Business,Phone Inquiry,14820,Healthcare
FALSE,Existing Business,Web,46380,Energy
FALSE,New Business / Add-on,Web,17850,Banking
FALSE,New Business / Add-on,Web,26940,Technology
FALSE,New Business / Add-on,Web,17880,Energy
TRUE,New Business / Add-on,Web,44790,Banking
FALSE,New Business / Add-on,Web,43170,Banking
FALSE,New Business / Add-on,Phone Inquiry,12450,Healthcare
FALSE,New Business / Add-on,Web,33780,Healthcare
FALSE,New Business,Partner Referral,63150,Banking
TRUE,New Business / Add-on,Partner Referral,56520,Banking
FALSE,Existing Business,Phone Inquiry,11730,Healthcare
FALSE,New Business / Add-on,Web,50670,Healthcare
FALSE,New Business,Web,32190,Healthcare
FALSE,New Business / Add-on,Web,17940,Banking
FALSE,Existing Business,Phone Inquiry,11820,Healthcare
FALSE,New Business,Web,26220,Energy
FALSE,New Business / Add-on,Web,33180,Banking
FALSE,Existing Business,Phone Inquiry,11910,Energy
FALSE,Existing Business,Phone Inquiry,11790,Energy
FALSE,New Business / Add-on,Web,29670,Healthcare
TRUE,New Business,Partner Referral,63930,Technology
TRUE,New Business / Add-on,Phone Inquiry,12060,Healthcare
FALSE,Existing Business,Phone Inquiry,12270,Healthcare
FALSE,New Business / Add-on,Web,23820,Banking
FALSE,New Business / Add-on,Web,32700,Energy
TRUE,New Business / Add-on,Partner Referral,50280,Banking
TRUE,New Business / Add-on,Web,33090,Healthcare
FALSE,Existing Business,Partner Referral,66960,Technology
TRUE,New Business / Add-on,Partner Referral,51990,Banking
FALSE,New Business / Add-on,Web,33330,Healthcare
FALSE,New Business,Phone Inquiry,12330,Healthcare
TRUE,New Business / Add-on,Partner Referral,64050,Technology
FALSE,New Business,Web,37260,Healthcare
FALSE,New Business / Add-on,Partner Referral,62700,Energy
FALSE,New Business / Add-on,Partner Referral,61080,Banking
FALSE,New Business,Partner Referral,66360,Energy
FALSE,New Business,Web,50940,Technology
FALSE,New Business / Add-on,Partner Referral,55920,Healthcare
FALSE,New Business / Add-on,Web,14640,Banking
FALSE,New Business / Add-on,Partner Referral,42330,Energy
TRUE,New Business / Add-on,Partner Referral,47070,Banking
FALSE,Existing Business,Web,51000,Energy
TRUE,New Business / Add-on,Partner Referral,52470,Banking
FALSE,New Business / Add-on,Partner Referral,51480,Technology
FALSE,New Business / Add-on,Partner Referral,54660,Banking
TRUE,New Business / Add-on,Partner Referral,42450,Banking
FALSE,Existing Business,Phone Inquiry,12060,Technology
FALSE,New Business,Phone Inquiry,12030,Healthcare
FALSE,New Business,Web,44880,Healthcare
FALSE,New Business,Phone Inquiry,14880,Energy
FALSE,New Business / Add-on,Partner Referral,60510,Healthcare
TRUE,New Business / Add-on,Partner Referral,60810,Banking
TRUE,New Business / Add-on,Partner Referral,49020,Banking
TRUE,New Business / Add-on,Partner Referral,40950,Banking
FALSE,New Business / Add-on,Partner Referral,63060,Banking
FALSE,Existing Business,Phone Inquiry,12240,Healthcare
TRUE,New Business / Add-on,Partner Referral,47490,Banking
FALSE,New Business,Phone Inquiry,12000,Healthcare
FALSE,Existing Business,Web,47640,Technology
FALSE,New Business,Web,34320,Energy
FALSE,Existing Business,Web,35160,Banking
FALSE,Existing Business,Partner Referral,56880,Banking
FALSE,New Business,Partner Referral,61500,Technology
FALSE,New Business,Phone Inquiry,12210,Energy
FALSE,New Business / Add-on,Partner Referral,50940,Banking
FALSE,Existing Business,Web,41520,Energy
TRUE,New Business / Add-on,Partner Referral,57270,Banking
TRUE,New Business,Partner Referral,60570,Banking
FALSE,Existing Business,Phone Inquiry,12510,Healthcare
FALSE,New Business / Add-on,Partner Referral,53100,Technology
FALSE,New Business / Add-on,Web,21000,Healthcare
FALSE,New Business / Add-on,Web,33090,Banking
FALSE,New Business / Add-on,Web,30570,Energy
FALSE,New Business / Add-on,Web,38400,Banking
TRUE,New Business / Add-on,Partner Referral,41460,Healthcare
FALSE,Existing Business,Web,48120,Technology
FALSE,New Business / Add-on,Web,29580,Energy
FALSE,Existing Business,Web,50610,Energy
FALSE,New Business / Add-on,Phone Inquiry,12030,Healthcare
FALSE,New Business,Partner Referral,70320,Energy
FALSE,New Business,Phone Inquiry,12060,Healthcare
TRUE,New Business / Add-on,Partner Referral,41760,Banking
TRUE,New Business,Partner Referral,62070,Banking
TRUE,New Business / Add-on,Partner Referral,46770,Technology
FALSE,Existing Business,Partner Referral,65970,Banking
FALSE,New Business / Add-on,Partner Referral,56850,Banking
FALSE,New Business / Add-on,Partner Referral,48000,Banking
FALSE,Existing Business,Web,47790,Banking
FALSE,Existing Business,Phone Inquiry,15120,Healthcare
FALSE,New Business,Phone Inquiry,11940,Energy
TRUE,New Business / Add-on,Partner Referral,47070,Banking
FALSE,New Business / Add-on,Web,26880,Banking
FALSE,New Business / Add-on,Phone Inquiry,12180,Healthcare
FALSE,New Business / Add-on,Phone Inquiry,11520,Banking
FALSE,New Business,Partner Referral,48030,Banking
FALSE,New Business,Partner Referral,64410,Technology
FALSE,New Business,Web,28710,Technology
FALSE,New Business,Web,42480,Energy
TRUE,New Business / Add-on,Web,17700,Healthcare
TRUE,New Business / Add-on,Web,42450,Banking
FALSE,New Business / Add-on,Web,35460,Energy
FALSE,Existing Business,Phone Inquiry,15330,Healthcare
TRUE,New Business / Add-on,Partner Referral,50670,Banking
FALSE,New Business / Add-on,Phone Inquiry,12150,Healthcare
FALSE,New Business / Add-on,Partner Referral,45330,Banking
TRUE,New Business / Add-on,Partner Referral,51390,Banking
TRUE,New Business,Web,42090,Energy
FALSE,New Business,Partner Referral,57180,Banking
FALSE,New Business / Add-on,Partner Referral,42150,Banking
FALSE,New Business / Add-on,Web,30180,Healthcare
TRUE,New Business / Add-on,Partner Referral,58680,Banking
TRUE,New Business / Add-on,Web,27780,Healthcare
FALSE,Existing Business,Phone Inquiry,11610,Technology
TRUE,New Business / Add-on,Partner Referral,63780,Banking
FALSE,New Business / Add-on,Phone Inquiry,15000,Banking
FALSE,Existing Business,Phone Inquiry,12180,Healthcare
FALSE,New Business / Add-on,Partner Referral,45210,Banking
TRUE,New Business / Add-on,Partner Referral,53640,Banking
FALSE,Existing Business,Web,52800,Energy
TRUE,New Business / Add-on,Partner Referral,49890,Energy
FALSE,New Business / Add-on,Web,26280,Healthcare
FALSE,New Business,Web,37230,Energy
FALSE,New Business,Phone Inquiry,12060,Technology
TRUE,New Business / Add-on,Partner Referral,44490,Healthcare
FALSE,New Business,Partner Referral,60810,Banking
FALSE,New Business / Add-on,Partner Referral,50430,Banking
FALSE,Existing Business,Phone Inquiry,12540,Healthcare
FALSE,New Business,Partner Referral,63540,Banking
TRUE,New Business / Add-on,Partner Referral,59700,Banking
TRUE,New Business / Add-on,Web,26490,Healthcare
TRUE,New Business / Add-on,Web,32340,Healthcare
TRUE,New Business / Add-on,Partner Referral,51270,Healthcare
FALSE,New Business / Add-on,Partner Referral,51030,Energy
FALSE,New Business,Web,26460,Technology
FALSE,Existing Business,Partner Referral,54120,Energy
TRUE,New Business / Add-on,Web,30510,Healthcare
TRUE,New Business / Add-on,Web,35520,Banking
FALSE,New Business / Add-on,Web,32070,Healthcare
FALSE,New Business / Add-on,Phone Inquiry,11970,Healthcare
TRUE,New Business / Add-on,Partner Referral,49920,Banking
FALSE,New Business / Add-on,Web,44790,Energy
TRUE,New Business / Add-on,Web,32940,Banking
FALSE,Existing Business,Web,34500,Technology
TRUE,New Business / Add-on,Partner Referral,62340,Banking
FALSE,Existing Business,Phone Inquiry,11790,Healthcare
FALSE,New Business,Partner Referral,56280,Banking
FALSE,Existing Business,Web,53550,Healthcare
FALSE,New Business,Partner Referral,56490,Banking
FALSE,New Business / Add-on,Web,33360,Banking
FALSE,New Business / Add-on,Web,29220,Technology
TRUE,New Business / Add-on,Phone Inquiry,11550,Healthcare
FALSE,New Business / Add-on,Partner Referral,62940,Technology
TRUE,New Business / Add-on,Partner Referral,45270,Healthcare
TRUE,New Business / Add-on,Web,32910,Healthcare
FALSE,Existing Business,Phone Inquiry,11940,Technology
FALSE,New Business / Add-on,Phone Inquiry,11640,Healthcare
FALSE,Existing Business,Phone Inquiry,15030,Energy
FALSE,Existing Business,Web,50670,Healthcare
FALSE,New Business / Add-on,Phone Inquiry,11580,Healthcare
TRUE,New Business / Add-on,Partner Referral,57060,Banking
FALSE,New Business,Web,47910,Technology
FALSE,Existing Business,Phone Inquiry,15330,Energy
TRUE,New Business / Add-on,Partner Referral,45300,Banking
TRUE,New Business / Add-on,Partner Referral,44250,Banking
TRUE,New Business / Add-on,Partner Referral,57630,Banking
FALSE,New Business,Web,41040,Banking
FALSE,New Business / Add-on,Phone Inquiry,12390,Healthcare
FALSE,New Business / Add-on,Web,33090,Healthcare
FALSE,New Business / Add-on,Partner Referral,42360,Healthcare
FALSE,New Business,Phone Inquiry,11970,Energy
FALSE,New Business / Add-on,Phone Inquiry,11400,Healthcare
FALSE,New Business,Web,26460,Healthcare
FALSE,Existing Business,Partner Referral,64560,Technology
FALSE,New Business,Web,36930,Banking
FALSE,New Business / Add-on,Partner Referral,54420,Technology
FALSE,New Business,Partner Referral,59550,Energy
FALSE,Existing Business,Web,55020,Banking
FALSE,New Business,Partner Referral,60420,Energy
FALSE,Existing Business,Web,47070,Energy
FALSE,New Business / Add-on,Partner Referral,50580,Technology
FALSE,Existing Business,Phone Inquiry,11730,Technology
TRUE,New Business / Add-on,Partner Referral,53370,Banking
FALSE,New Business / Add-on,Phone Inquiry,12270,Energy
FALSE,New Business,Web,33360,Energy
FALSE,New Business / Add-on,Partner Referral,52080,Technology
FALSE,New Business,Phone Inquiry,12570,Healthcare
FALSE,Existing Business,Phone Inquiry,12030,Technology
TRUE,New Business / Add-on,Web,30420,Energy
FALSE,Existing Business,Partner Referral,68190,Banking
TRUE,New Business / Add-on,Web,32040,Energy
TRUE,New Business / Add-on,Partner Referral,61140,Banking
FALSE,Existing Business,Web,35700,Healthcare
FALSE,New Business / Add-on,Partner Referral,52680,Energy
FALSE,Existing Business,Web,25140,Healthcare
TRUE,New Business,Partner Referral,49800,Banking
FALSE,New Business / Add-on,Web,41910,Healthcare
FALSE,New Business / Add-on,Web,33780,Technology
FALSE,New Business / Add-on,Partner Referral,65730,Banking
FALSE,Existing Business,Partner Referral,55290,Healthcare
FALSE,New Business / Add-on,Web,41700,Technology
FALSE,Existing Business,Partner Referral,58200,Technology
FALSE,Existing Business,Web,35010,Technology
TRUE,New Business / Add-on,Web,30360,Healthcare
TRUE,New Business / Add-on,Partner Referral,53700,Banking
FALSE,New Business,Partner Referral,42240,Technology
TRUE,New Business / Add-on,Partner Referral,41880,Banking
FALSE,New Business / Add-on,Partner Referral,56580,Banking
TRUE,New Business / Add-on,Partner Referral,56280,Technology
FALSE,New Business,Phone Inquiry,11730,Technology
FALSE,New Business,Partner Referral,57570,Banking
TRUE,New Business / Add-on,Partner Referral,60630,Banking
FALSE,Existing Business,Web,56880,Energy
FALSE,New Business,Partner Referral,64650,Banking
FALSE,New Business,Web,32760,Healthcare
FALSE,New Business / Add-on,Partner Referral,42780,Energy
FALSE,New Business,Phone Inquiry,11700,Technology
FALSE,New Business,Web,33780,Energy
TRUE,New Business / Add-on,Partner Referral,56820,Banking
TRUE,Existing Business,Partner Referral,62490,Technology
FALSE,Existing Business,Web,54330,Energy
FALSE,New Business,Web,36480,Healthcare
FALSE,New Business / Add-on,Partner Referral,59280,Energy
FALSE,New Business,Partner Referral,58890,Energy
FALSE,New Business,Web,21210,Healthcare
FALSE,New Business,Partner Referral,61890,Banking
FALSE,New Business,Partner Referral,64650,Banking
FALSE,New Business,Partner Referral,48840,Energy
TRUE,New Business / Add-on,Web,36870,Energy
FALSE,New Business,Partner Referral,57420,Energy
FALSE,New Business,Partner Referral,62880,Banking
FALSE,New Business,Partner Referral,42570,Technology
FALSE,New Business / Add-on,Web,26970,Healthcare
FALSE,New Business,Partner Referral,58590,Banking
FALSE,New Business / Add-on,Web,21390,Healthcare
TRUE,New Business / Add-on,Partner Referral,54330,Banking
FALSE,Existing Business,Web,51150,Healthcare
FALSE,New Business / Add-on,Phone Inquiry,11700,Healthcare
TRUE,New Business / Add-on,Partner Referral,53280,Technology
FALSE,Existing Business,Phone Inquiry,15060,Healthcare
FALSE,New Business / Add-on,Partner Referral,60030,Energy
FALSE,New Business / Add-on,Web,33420,Banking
TRUE,New Business / Add-on,Partner Referral,51120,Healthcare
FALSE,New Business / Add-on,Partner Referral,54690,Banking
FALSE,New Business / Add-on,Partner Referral,50310,Technology
FALSE,New Business / Add-on,Web,27540,Banking
FALSE,Existing Business,Phone Inquiry,15060,Energy
TRUE,New Business / Add-on,Partner Referral,54840,Banking
FALSE,New Business / Add-on,Phone Inquiry,11820,Healthcare
FALSE,New Business / Add-on,Partner Referral,54900,Banking
FALSE,New Business / Add-on,Web,30780,Energy
FALSE,New Business,Phone Inquiry,12660,Healthcare
FALSE,New Business / Add-on,Partner Referral,62850,Banking
TRUE,New Business / Add-on,Partner Referral,63690,Technology
FALSE,New Business / Add-on,Partner Referral,51450,Banking
FALSE,New Business,Phone Inquiry,12180,Healthcare
FALSE,New Business,Partner Referral,60450,Banking
FALSE,New Business / Add-on,Partner Referral,44490,Banking
FALSE,New Business,Web,47130,Banking
TRUE,New Business / Add-on,Web,27180,Healthcare
FALSE,Existing Business,Phone Inquiry,11910,Energy
FALSE,New Business / Add-on,Web,30420,Banking
FALSE,New Business / Add-on,Web,27000,Technology
FALSE,New Business / Add-on,Partner Referral,46680,Banking
FALSE,New Business / Add-on,Partner Referral,50070,Banking
TRUE,New Business / Add-on,Partner Referral,43950,Energy
FALSE,New Business,Partner Referral,56880,Technology
FALSE,Existing Business,Phone Inquiry,12060,Technology
FALSE,New Business / Add-on,Web,35940,Healthcare
FALSE,New Business,Web,54060,Energy
TRUE,New Business / Add-on,Web,30630,Banking
FALSE,New Business,Web,42570,Banking
FALSE,New Business / Add-on,Web,17520,Healthcare
FALSE,New Business / Add-on,Web,27960,Technology
TRUE,New Business / Add-on,Partner Referral,51210,Technology
TRUE,New Business / Add-on,Partner Referral,45210,Banking
FALSE,New Business / Add-on,Partner Referral,44580,Technology
FALSE,New Business / Add-on,Partner Referral,41580,Banking
TRUE,New Business / Add-on,Partner Referral,45120,Banking
TRUE,New Business / Add-on,Phone Inquiry,12540,Healthcare
FALSE,New Business,Partner Referral,56580,Banking
FALSE,Existing Business,Web,45870,Healthcare
FALSE,New Business,Web,32400,Banking
FALSE,New Business,Partner Referral,62550,Banking
FALSE,Existing Business,Phone Inquiry,11970,Technology
FALSE,New Business / Add-on,Web,14970,Banking
FALSE,New Business / Add-on,Partner Referral,50850,Banking
FALSE,New Business / Add-on,Phone Inquiry,11850,Healthcare
FALSE,Existing Business,Partner Referral,68190,Technology
FALSE,New Business / Add-on,Web,26940,Healthcare
FALSE,New Business / Add-on,Partner Referral,45150,Banking
FALSE,Existing Business,Phone Inquiry,14760,Healthcare
FALSE,New Business,Phone Inquiry,15000,Technology
FALSE,New Business / Add-on,Phone Inquiry,12570,Technology
FALSE,Existing Business,Partner Referral,66360,Banking
FALSE,New Business / Add-on,Web,33300,Energy
TRUE,New Business / Add-on,Web,25980,Banking
TRUE,New Business,Partner Referral,65700,Technology
FALSE,New Business / Add-on,Phone Inquiry,11670,Healthcare
FALSE,New Business / Add-on,Partner Referral,50910,Banking
FALSE,New Business / Add-on,Phone Inquiry,11760,Healthcare
FALSE,New Business,Web,32070,Banking
FALSE,New Business,Phone Inquiry,11880,Energy
FALSE,Existing Business,Partner Referral,67260,Energy
TRUE,New Business / Add-on,Partner Referral,50880,Energy
TRUE,New Business / Add-on,Partner Referral,57030,Banking
TRUE,New Business / Add-on,Web,30210,Banking
TRUE,New Business / Add-on,Partner Referral,44760,Technology
TRUE,New Business / Add-on,Phone Inquiry,11820,Healthcare
FALSE,New Business / Add-on,Partner Referral,44520,Banking
FALSE,New Business / Add-on,Web,41400,Healthcare
FALSE,New Business,Phone Inquiry,11610,Energy
TRUE,New Business / Add-on,Web,35670,Banking
FALSE,New Business,Phone Inquiry,11880,Healthcare
TRUE,New Business,Partner Referral,63120,Technology
FALSE,Existing Business,Partner Referral,65520,Energy
FALSE,New Business / Add-on,Partner Referral,47490,Healthcare
FALSE,New Business,Web,32190,Healthcare
FALSE,Existing Business,Partner Referral,60120,Energy
TRUE,New Business / Add-on,Web,27090,Healthcare
FALSE,Existing Business,Partner Referral,65190,Technology
FALSE,New Business / Add-on,Web,24390,Technology
FALSE,New Business,Web,33210,Energy
FALSE,Existing Business,Partner Referral,63360,Technology
TRUE,New Business / Add-on,Partner Referral,56280,Banking
FALSE,New Business / Add-on,Partner Referral,57420,Banking
FALSE,Existing Business,Web,49920,Banking
FALSE,Existing Business,Web,54030,Energy
FALSE,New Business,Partner Referral,58590,Energy
FALSE,Existing Business,Web,40830,Technology
TRUE,New Business / Add-on,Partner Referral,57720,Banking
TRUE,New Business / Add-on,Partner Referral,47760,Banking
FALSE,Existing Business,Partner Referral,61260,Technology
FALSE,Existing Business,Phone Inquiry,14040,Technology
FALSE,New Business / Add-on,Partner Referral,42630,Banking
TRUE,New Business / Add-on,Partner Referral,51150,Banking
FALSE,New Business,Phone Inquiry,11670,Healthcare
FALSE,New Business / Add-on,Web,35670,Technology
FALSE,New Business,Partner Referral,55320,Technology
FALSE,Existing Business,Phone Inquiry,11910,Energy
FALSE,New Business / Add-on,Web,26340,Healthcare
TRUE,New Business / Add-on,Partner Referral,48300,Banking
TRUE,New Business / Add-on,Partner Referral,53880,Banking
FALSE,New Business / Add-on,Partner Referral,54300,Energy
FALSE,New Business,Partner Referral,54270,Energy
TRUE,New Business / Add-on,Web,30450,Banking
FALSE,New Business,Web,50760,Banking
TRUE,New Business / Add-on,Partner Referral,53790,Energy
FALSE,New Business / Add-on,Partner Referral,59490,Technology
FALSE,New Business,Phone Inquiry,11970,Healthcare
FALSE,Existing Business,Phone Inquiry,12300,Healthcare
FALSE,New Business / Add-on,Web,37260,Banking
FALSE,New Business / Add-on,Partner Referral,47700,Banking
FALSE,New Business / Add-on,Phone Inquiry,11730,Technology
FALSE,New Business / Add-on,Phone Inquiry,12210,Healthcare
FALSE,New Business / Add-on,Web,31020,Banking
FALSE,New Business,Phone Inquiry,13980,Technology
TRUE,New Business,Web,39240,Healthcare
FALSE,New Business / Add-on,Web,39060,Healthcare
FALSE,New Business / Add-on,Partner Referral,48720,Banking
TRUE,New Business / Add-on,Web,43740,Healthcare
FALSE,Existing Business,Web,44700,Energy
FALSE,New Business / Add-on,Partner Referral,48300,Banking
FALSE,New Business,Web,36180,Healthcare
FALSE,New Business / Add-on,Partner Referral,45000,Healthcare
FALSE,New Business,Partner Referral,54090,Healthcare
TRUE,New Business / Add-on,Web,24000,Healthcare
TRUE,New Business / Add-on,Partner Referral,59670,Energy
FALSE,New Business / Add-on,Web,41430,Energy
FALSE,New Business / Add-on,Web,35820,Technology
FALSE,New Business,Phone Inquiry,11910,Technology
TRUE,New Business / Add-on,Partner Referral,51750,Banking
TRUE,New Business / Add-on,Web,27390,Banking
TRUE,New Business / Add-on,Partner Referral,42060,Healthcare
FALSE,New Business / Add-on,Web,24450,Banking
TRUE,New Business / Add-on,Partner Referral,42120,Technology
TRUE,New Business / Add-on,Web,33210,Banking
FALSE,New Business / Add-on,Partner Referral,57420,Energy
FALSE,New Business / Add-on,Web,27780,Banking
FALSE,New Business / Add-on,Web,48780,Healthcare
TRUE,New Business / Add-on,Partner Referral,50520,Banking
FALSE,New Business / Add-on,Phone Inquiry,12000,Energy
FALSE,New Business / Add-on,Web,39690,Technology
TRUE,New Business / Add-on,Web,27510,Healthcare
FALSE,New Business / Add-on,Phone Inquiry,11760,Banking
FALSE,New Business / Add-on,Web,29880,Banking
FALSE,New Business,Partner Referral,61050,Banking
FALSE,New Business,Web,33090,Healthcare
TRUE,New Business / Add-on,Partner Referral,45150,Banking
FALSE,New Business,Partner Referral,62370,Banking
TRUE,New Business / Add-on,Partner Referral,60090,Technology
FALSE,Existing Business,Partner Referral,59790,Energy
FALSE,New Business / Add-on,Partner Referral,44220,Banking
FALSE,New Business,Web,30030,Technology
FALSE,Existing Business,Web,36150,Technology
TRUE,New Business / Add-on,Partner Referral,63450,Banking
FALSE,New Business,Partner Referral,52380,Energy
TRUE,New Business / Add-on,Web,29010,Banking
FALSE,New Business / Add-on,Web,32550,Banking
FALSE,Existing Business,Web,51180,Technology
FALSE,New Business / Add-on,Web,30000,Banking
TRUE,New Business / Add-on,Web,14640,Healthcare
FALSE,Existing Business,Web,54570,Energy
FALSE,New Business / Add-on,Partner Referral,43350,Technology
FALSE,New Business / Add-on,Partner Referral,57660,Energy
FALSE,Existing Business,Phone Inquiry,11910,Energy
FALSE,New Business / Add-on,Web,33180,Technology
FALSE,New Business,Phone Inquiry,12060,Healthcare
FALSE,New Business / Add-on,Web,41700,Healthcare
FALSE,Existing Business,Phone Inquiry,15090,Healthcare
TRUE,New Business / Add-on,Phone Inquiry,12570,Technology
TRUE,New Business / Add-on,Web,29730,Banking
FALSE,New Business / Add-on,Partner Referral,47790,Healthcare
FALSE,New Business / Add-on,Partner Referral,42750,Banking
FALSE,Existing Business,Partner Referral,68280,Technology
FALSE,Existing Business,Phone Inquiry,14730,Banking
FALSE,New Business / Add-on,Phone Inquiry,11820,Energy
TRUE,New Business / Add-on,Phone Inquiry,12150,Healthcare
TRUE,New Business / Add-on,Web,30090,Energy
FALSE,New Business,Partner Referral,60300,Energy
TRUE,New Business / Add-on,Partner Referral,57540,Banking
FALSE,Existing Business,Web,44670,Technology
FALSE,New Business / Add-on,Partner Referral,62460,Banking
FALSE,New Business,Phone Inquiry,11430,Energy
FALSE,Existing Business,Phone Inquiry,15000,Healthcare
FALSE,New Business / Add-on,Phone Inquiry,11430,Healthcare
FALSE,New Business,Partner Referral,49140,Banking
FALSE,New Business / Add-on,Partner Referral,41820,Banking
FALSE,New Business,Partner Referral,54090,Banking
FALSE,Existing Business,Phone Inquiry,15210,Energy
FALSE,Existing Business,Phone Inquiry,14790,Healthcare
FALSE,Existing Business,Phone Inquiry,11730,Energy
TRUE,New Business / Add-on,Web,15150,Banking
FALSE,Existing Business,Web,36000,Technology
FALSE,New Business / Add-on,Partner Referral,53940,Energy
FALSE,New Business / Add-on,Phone Inquiry,11640,Technology
FALSE,Existing Business,Web,29880,Healthcare
FALSE,Existing Business,Phone Inquiry,14460,Technology
FALSE,New Business / Add-on,Web,32550,Banking
FALSE,New Business,Partner Referral,65940,Energy
FALSE,New Business,Web,21300,Energy
FALSE,New Business,Partner Referral,52530,Energy
TRUE,New Business / Add-on,Web,27090,Banking
FALSE,New Business / Add-on,Partner Referral,53040,Healthcare
FALSE,New Business / Add-on,Web,30480,Healthcare
FALSE,Existing Business,Partner Referral,59400,Banking
TRUE,New Business / Add-on,Partner Referral,50640,Technology
FALSE,Existing Business,Partner Referral,57930,Banking
FALSE,New Business,Web,35850,Technology
FALSE,New Business / Add-on,Partner Referral,66900,Banking
FALSE,New Business / Add-on,Phone Inquiry,14550,Technology
TRUE,New Business / Add-on,Partner Referral,45060,Banking
TRUE,New Business,Web,42090,Energy
TRUE,New Business / Add-on,Partner Referral,61050,Banking
TRUE,New Business / Add-on,Web,27480,Banking
FALSE,New Business / Add-on,Phone Inquiry,12300,Healthcare
FALSE,New Business,Web,42240,Banking
FALSE,New Business / Add-on,Web,18330,Healthcare
FALSE,New Business / Add-on,Web,50940,Banking
TRUE,New Business / Add-on,Phone Inquiry,12060,Healthcare
TRUE,New Business / Add-on,Web,24390,Healthcare
TRUE,New Business / Add-on,Partner Referral,60600,Banking
TRUE,New Business / Add-on,Partner Referral,41460,Banking
FALSE,Existing Business,Web,32700,Technology
FALSE,New Business / Add-on,Partner Referral,45210,Energy
FALSE,New Business,Web,26670,Technology
TRUE,New Business / Add-on,Partner Referral,45000,Healthcare
TRUE,New Business,Partner Referral,60000,Technology
FALSE,New Business / Add-on,Partner Referral,58830,Technology
TRUE,New Business / Add-on,Partner Referral,42690,Banking
TRUE,New Business / Add-on,Web,32490,Energy
FALSE,New Business,Web,38340,Technology
FALSE,New Business / Add-on,Web,41490,Technology
FALSE,New Business,Web,38790,Technology
TRUE,Existing Business,Partner Referral,65250,Energy
FALSE,New Business / Add-on,Partner Referral,59310,Banking
TRUE,New Business / Add-on,Web,29490,Banking
FALSE,New Business / Add-on,Partner Referral,53760,Banking
FALSE,New Business / Add-on,Partner Referral,49950,Banking
FALSE,New Business,Web,42150,Technology
TRUE,New Business / Add-on,Phone Inquiry,11640,Banking
FALSE,Existing Business,Phone Inquiry,14700,Banking
TRUE,New Business / Add-on,Partner Referral,47490,Banking
FALSE,New Business,Phone Inquiry,12060,Healthcare
FALSE,New Business,Web,43800,Energy
FALSE,Existing Business,Web,36840,Energy
FALSE,New Business / Add-on,Partner Referral,50580,Healthcare
FALSE,Existing Business,Phone Inquiry,11940,Technology
FALSE,Existing Business,Phone Inquiry,12240,Healthcare
FALSE,New Business / Add-on,Web,30450,Healthcare
FALSE,New Business,Phone Inquiry,12270,Healthcare
FALSE,New Business,Web,45450,Technology
FALSE,New Business,Web,39240,Banking
TRUE,New Business / Add-on,Partner Referral,48240,Banking
FALSE,Existing Business,Web,35850,Technology
FALSE,New Business / Add-on,Partner Referral,47100,Banking
TRUE,New Business / Add-on,Partner Referral,61200,Banking
FALSE,New Business / Add-on,Web,29370,Technology
FALSE,New Business / Add-on,Partner Referral,59790,Banking
FALSE,New Business,Phone Inquiry,10950,Energy
FALSE,New Business / Add-on,Web,32730,Energy
TRUE,New Business / Add-on,Phone Inquiry,12390,Healthcare
FALSE,New Business,Web,24390,Technology
FALSE,New Business / Add-on,Phone Inquiry,12270,Healthcare
FALSE,New Business,Phone Inquiry,14880,Technology
TRUE,New Business / Add-on,Partner Referral,42480,Healthcare
TRUE,New Business / Add-on,Partner Referral,53430,Energy
TRUE,New Business / Add-on,Partner Referral,57960,Banking
FALSE,New Business,Web,53280,Technology
FALSE,Existing Business,Phone Inquiry,12030,Energy
TRUE,New Business / Add-on,Partner Referral,62700,Energy
FALSE,New Business / Add-on,Partner Referral,41880,Banking
FALSE,Existing Business,Web,46290,Technology
FALSE,Existing Business,Web,21030,Technology
FALSE,Existing Business,Partner Referral,64860,Technology
FALSE,New Business / Add-on,Partner Referral,50430,Banking
FALSE,New Business,Phone Inquiry,12120,Technology
TRUE,New Business / Add-on,Web,30360,Healthcare
FALSE,New Business / Add-on,Web,29520,Banking
FALSE,New Business,Phone Inquiry,14760,Banking
FALSE,New Business / Add-on,Partner Referral,42990,Banking
FALSE,Existing Business,Partner Referral,62940,Energy
FALSE,New Business / Add-on,Partner Referral,63900,Banking
TRUE,New Business / Add-on,Web,29610,Banking
FALSE,New Business,Partner Referral,45300,Technology
TRUE,New Business / Add-on,Partner Referral,56550,Banking
TRUE,New Business / Add-on,Partner Referral,41370,Banking
FALSE,New Business / Add-on,Web,35100,Healthcare
FALSE,Existing Business,Web,47340,Energy
TRUE,New Business / Add-on,Partner Referral,56310,Banking
FALSE,New Business,Web,47520,Banking
FALSE,New Business / Add-on,Partner Referral,65670,Technology
FALSE,Existing Business,Web,35520,Banking
FALSE,New Business / Add-on,Web,17490,Healthcare
FALSE,New Business / Add-on,Phone Inquiry,12030,Healthcare
TRUE,New Business / Add-on,Partner Referral,45630,Banking
TRUE,New Business / Add-on,Web,14670,Healthcare
FALSE,Existing Business,Web,39900,Energy
FALSE,New Business / Add-on,Web,29730,Technology
TRUE,New Business / Add-on,Partner Referral,53610,Energy
FALSE,New Business / Add-on,Partner Referral,44160,Energy
FALSE,Existing Business,Web,49590,Energy
FALSE,New Business / Add-on,Web,29400,Banking
TRUE,New Business / Add-on,Partner Referral,48210,Banking
FALSE,New Business,Phone Inquiry,15120,Banking
FALSE,New Business / Add-on,Phone Inquiry,15270,Healthcare
TRUE,New Business / Add-on,Web,33480,Banking
FALSE,Existing Business,Partner Referral,66540,Energy
FALSE,New Business / Add-on,Partner Referral,46650,Energy
FALSE,New Business / Add-on,Phone Inquiry,15720,Banking
FALSE,Existing Business,Phone Inquiry,11940,Technology
TRUE,New Business / Add-on,Partner Referral,47430,Banking
TRUE,New Business / Add-on,Partner Referral,57000,Banking
TRUE,New Business / Add-on,Web,15120,Healthcare
FALSE,New Business,Web,48510,Banking
TRUE,New Business / Add-on,Partner Referral,59040,Banking
FALSE,New Business,Web,33810,Healthcare
FALSE,Existing Business,Phone Inquiry,11580,Technology
FALSE,New Business / Add-on,Web,30240,Technology
TRUE,Existing Business,Web,47640,Energy
FALSE,Existing Business,Web,33150,Energy
FALSE,New Business,Phone Inquiry,11460,Healthcare
FALSE,New Business / Add-on,Partner Referral,50430,Banking
FALSE,New Business / Add-on,Partner Referral,63120,Banking
TRUE,New Business / Add-on,Partner Referral,60840,Banking
TRUE,New Business / Add-on,Partner Referral,53880,Banking
FALSE,New Business / Add-on,Partner Referral,45450,Technology
FALSE,New Business / Add-on,Partner Referral,57180,Banking
TRUE,Existing Business,Partner Referral,65850,Technology
FALSE,New Business / Add-on,Phone Inquiry,11910,Healthcare
TRUE,New Business,Phone Inquiry,11580,Energy
FALSE,New Business / Add-on,Partner Referral,41460,Banking
TRUE,New Business / Add-on,Partner Referral,54750,Banking
FALSE,New Business / Add-on,Phone Inquiry,12150,Healthcare
FALSE,New Business / Add-on,Web,32850,Healthcare
FALSE,New Business / Add-on,Partner Referral,48870,Banking
TRUE,New Business / Add-on,Web,29460,Banking
FALSE,New Business,Web,48120,Banking
FALSE,New Business / Add-on,Partner Referral,60180,Banking
TRUE,New Business / Add-on,Web,39150,Energy
FALSE,Existing Business,Partner Referral,54570,Energy
TRUE,New Business / Add-on,Partner Referral,51270,Banking
FALSE,New Business / Add-on,Phone Inquiry,12000,Healthcare
TRUE,Existing Business,Partner Referral,56460,Banking
FALSE,New Business / Add-on,Partner Referral,47910,Banking
TRUE,New Business / Add-on,Partner Referral,42990,Banking
FALSE,New Business / Add-on,Partner Referral,44130,Banking
TRUE,New Business / Add-on,Partner Referral,62790,Banking
FALSE,New Business / Add-on,Phone Inquiry,11580,Healthcare
FALSE,New Business,Phone Inquiry,12090,Energy
FALSE,New Business / Add-on,Web,26730,Banking
FALSE,New Business / Add-on,Web,32670,Healthcare
FALSE,New Business,Phone Inquiry,11790,Technology
FALSE,Existing Business,Partner Referral,63000,Banking
FALSE,Existing Business,Web,53220,Energy
TRUE,New Business / Add-on,Partner Referral,44550,Banking
FALSE,Existing Business,Web,45090,Technology
FALSE,Existing Business,Phone Inquiry,12150,Healthcare
FALSE,Existing Business,Partner Referral,65460,Energy
FALSE,New Business,Web,18450,Technology
FALSE,New Business / Add-on,Partner Referral,67740,Energy
TRUE,New Business / Add-on,Partner Referral,44520,Banking
FALSE,New Business / Add-on,Partner Referral,56430,Healthcare
FALSE,Existing Business,Web,47310,Technology
FALSE,New Business / Add-on,Web,33180,Healthcare
FALSE,Existing Business,Phone Inquiry,11610,Healthcare
FALSE,New Business,Phone Inquiry,12270,Healthcare
FALSE,Existing Business,Phone Inquiry,11610,Technology
TRUE,New Business / Add-on,Partner Referral,60600,Banking
TRUE,New Business / Add-on,Partner Referral,60120,Banking
TRUE,New Business,Partner Referral,53430,Banking
FALSE,New Business,Web,47190,Energy
FALSE,New Business / Add-on,Web,44850,Technology
TRUE,New Business,Web,42060,Technology
FALSE,New Business,Phone Inquiry,11940,Healthcare
FALSE,New Business,Web,35010,Technology
TRUE,New Business,Partner Referral,63390,Banking
FALSE,New Business / Add-on,Partner Referral,60300,Technology
FALSE,New Business / Add-on,Phone Inquiry,12030,Healthcare
FALSE,Existing Business,Phone Inquiry,15390,Energy
TRUE,New Business / Add-on,Partner Referral,57900,Banking
FALSE,New Business / Add-on,Partner Referral,57000,Energy
TRUE,New Business / Add-on,Partner Referral,42510,Healthcare
TRUE,New Business,Web,51570,Energy
TRUE,New Business / Add-on,Partner Referral,44340,Banking
FALSE,New Business / Add-on,Web,27270,Banking
FALSE,New Business / Add-on,Phone Inquiry,12000,Energy
FALSE,New Business / Add-on,Web,29520,Healthcare
TRUE,Existing Business,Partner Referral,65670,Technology
FALSE,Existing Business,Web,49950,Energy
FALSE,Existing Business,Phone Inquiry,11550,Healthcare
FALSE,New Business / Add-on,Phone Inquiry,11790,Technology
FALSE,New Business / Add-on,Partner Referral,43680,Technology
FALSE,New Business / Add-on,Partner Referral,65790,Technology
FALSE,New Business / Add-on,Web,39000,Energy
FALSE,New Business / Add-on,Partner Referral,68460,Banking
FALSE,New Business / Add-on,Phone Inquiry,12390,Technology
FALSE,New Business,Web,52170,Technology
FALSE,New Business,Partner Referral,56850,Technology
FALSE,New Business / Add-on,Web,15210,Energy
FALSE,Existing Business,Partner Referral,63270,Banking
FALSE,Existing Business,Phone Inquiry,15240,Healthcare
FALSE,New Business / Add-on,Partner Referral,61530,Banking
TRUE,New Business / Add-on,Partner Referral,60120,Banking
FALSE,New Business / Add-on,Phone Inquiry,14400,Healthcare
FALSE,Existing Business,Phone Inquiry,15360,Healthcare
FALSE,Existing Business,Web,44100,Energy
TRUE,New Business / Add-on,Partner Referral,44430,Technology
FALSE,New Business,Partner Referral,58950,Banking
FALSE,New Business,Web,32640,Banking
TRUE,New Business / Add-on,Partner Referral,60930,Technology
FALSE,New Business / Add-on,Partner Referral,61860,Banking
FALSE,Existing Business,Web,20520,Technology
FALSE,New Business / Add-on,Web,26250,Banking
TRUE,New Business,Partner Referral,67170,Banking
FALSE,New Business / Add-on,Partner Referral,60390,Banking
TRUE,New Business,Web,33570,Banking
FALSE,Existing Business,Partner Referral,69630,Technology
TRUE,New Business / Add-on,Web,27450,Banking
FALSE,New Business,Web,49200,Energy
FALSE,Existing Business,Web,39090,Technology
FALSE,New Business / Add-on,Web,26880,Energy
FALSE,New Business / Add-on,Partner Referral,47880,Banking
FALSE,New Business / Add-on,Partner Referral,53310,Banking
FALSE,New Business / Add-on,Partner Referral,44970,Banking
FALSE,New Business,Partner Referral,64110,Technology
TRUE,New Business / Add-on,Partner Referral,44970,Banking
TRUE,New Business / Add-on,Partner Referral,48090,Energy
FALSE,New Business,Phone Inquiry,11580,Energy
TRUE,New Business,Partner Referral,65550,Banking
FALSE,New Business,Web,33660,Energy
FALSE,New Business / Add-on,Phone Inquiry,11820,Energy
FALSE,New Business / Add-on,Web,30780,Healthcare
FALSE,Existing Business,Partner Referral,71160,Healthcare
FALSE,Existing Business,Phone Inquiry,14490,Technology
FALSE,New Business,Phone Inquiry,12180,Healthcare
FALSE,Existing Business,Partner Referral,69300,Banking
FALSE,New Business,Phone Inquiry,15030,Energy
FALSE,New Business / Add-on,Partner Referral,65460,Banking
FALSE,New Business,Phone Inquiry,11790,Healthcare
FALSE,Existing Business,Partner Referral,66780,Technology
FALSE,New Business / Add-on,Web,17940,Healthcare
FALSE,New Business / Add-on,Partner Referral,48360,Healthcare
FALSE,New Business / Add-on,Phone Inquiry,12480,Healthcare
TRUE,New Business / Add-on,Web,21120,Energy
TRUE,New Business / Add-on,Partner Referral,47280,Banking
FALSE,New Business / Add-on,Partner Referral,53970,Healthcare
FALSE,Existing Business,Partner Referral,69630,Technology
FALSE,Existing Business,Phone Inquiry,11730,Energy
TRUE,New Business / Add-on,Partner Referral,63840,Banking
TRUE,New Business / Add-on,Web,29640,Banking
FALSE,Existing Business,Partner Referral,69150,Energy
FALSE,Existing Business,Phone Inquiry,14880,Energy
FALSE,New Business,Phone Inquiry,11940,Healthcare
FALSE,New Business,Partner Referral,48750,Energy
FALSE,New Business / Add-on,Partner Referral,41970,Healthcare
TRUE,New Business / Add-on,Partner Referral,41460,Banking
TRUE,New Business / Add-on,Partner Referral,54120,Banking
TRUE,New Business / Add-on,Partner Referral,56130,Technology
FALSE,Existing Business,Partner Referral,51840,Energy
FALSE,New Business / Add-on,Web,39780,Healthcare
FALSE,New Business / Add-on,Partner Referral,56790,Energy
TRUE,New Business / Add-on,Partner Referral,48510,Healthcare
TRUE,New Business,Partner Referral,49230,Healthcare
FALSE,New Business,Web,43260,Healthcare
FALSE,New Business / Add-on,Web,20820,Healthcare
TRUE,New Business / Add-on,Phone Inquiry,12330,Energy
FALSE,New Business / Add-on,Partner Referral,57570,Energy
FALSE,New Business,Web,26880,Technology
FALSE,New Business,Partner Referral,65640,Banking
FALSE,New Business / Add-on,Web,42630,Healthcare
TRUE,New Business / Add-on,Partner Referral,47130,Banking
FALSE,New Business / Add-on,Phone Inquiry,11820,Energy
FALSE,New Business,Web,24150,Healthcare
FALSE,Existing Business,Phone Inquiry,11910,Energy
FALSE,New Business / Add-on,Web,40950,Technology
FALSE,New Business / Add-on,Phone Inquiry,12090,Energy
FALSE,New Business / Add-on,Web,30570,Healthcare
TRUE,New Business / Add-on,Partner Referral,47190,Banking
FALSE,New Business / Add-on,Web,15090,Technology
FALSE,New Business / Add-on,Phone Inquiry,12150,Technology
TRUE,New Business / Add-on,Web,25740,Banking
FALSE,New Business / Add-on,Web,26400,Banking
FALSE,New Business,Phone Inquiry,12150,Healthcare
TRUE,New Business / Add-on,Web,20550,Healthcare
TRUE,New Business / Add-on,Web,35100,Healthcare
FALSE,New Business / Add-on,Web,33480,Energy
FALSE,New Business,Partner Referral,53340,Technology
FALSE,New Business / Add-on,Web,34590,Healthcare
TRUE,New Business / Add-on,Partner Referral,57720,Banking
FALSE,Existing Business,Web,47490,Healthcare
FALSE,Existing Business,Partner Referral,64830,Energy
TRUE,New Business / Add-on,Partner Referral,44640,Banking
FALSE,New Business / Add-on,Partner Referral,56880,Banking
FALSE,New Business / Add-on,Web,27540,Banking
TRUE,New Business / Add-on,Partner Referral,63180,Banking
FALSE,Existing Business,Partner Referral,61560,Banking
TRUE,New Business / Add-on,Partner Referral,44310,Technology
FALSE,New Business,Web,36810,Technology
FALSE,New Business / Add-on,Web,34530,Banking
FALSE,New Business / Add-on,Web,17550,Healthcare
TRUE,New Business / Add-on,Partner Referral,50730,Banking
FALSE,Existing Business,Phone Inquiry,11760,Energy
FALSE,Existing Business,Partner Referral,67050,Energy
FALSE,New Business,Partner Referral,63900,Banking
FALSE,Existing Business,Partner Referral,64620,Energy
FALSE,New Business,Phone Inquiry,11580,Healthcare
FALSE,Existing Business,Phone Inquiry,12030,Technology
FALSE,New Business / Add-on,Partner Referral,41970,Energy
FALSE,New Business,Web,38220,Energy
TRUE,Existing Business,Phone Inquiry,14850,Energy
FALSE,New Business / Add-on,Web,30540,Technology
FALSE,New Business,Web,36240,Energy
FALSE,New Business,Web,47550,Healthcare
TRUE,New Business / Add-on,Partner Referral,51480,Energy
TRUE,New Business / Add-on,Web,14670,Banking
FALSE,Existing Business,Partner Referral,66060,Energy
FALSE,New Business / Add-on,Partner Referral,54420,Healthcare
FALSE,Existing Business,Phone Inquiry,15180,Energy
TRUE,New Business / Add-on,Partner Referral,63420,Banking
FALSE,New Business / Add-on,Partner Referral,51120,Banking
FALSE,Existing Business,Phone Inquiry,14610,Healthcare
TRUE,New Business / Add-on,Web,14550,Banking
FALSE,Existing Business,Phone Inquiry,15060,Technology
FALSE,New Business / Add-on,Web,32730,Technology
FALSE,Existing Business,Partner Referral,57960,Healthcare
TRUE,New Business / Add-on,Partner Referral,45900,Banking
FALSE,New Business,Web,48690,Energy
FALSE,New Business / Add-on,Web,23100,Banking
FALSE,New Business / Add-on,Partner Referral,55740,Banking
TRUE,New Business / Add-on,Partner Referral,56100,Banking
FALSE,Existing Business,Web,50820,Healthcare
FALSE,Existing Business,Web,39600,Banking
TRUE,New Business,Partner Referral,60900,Energy
TRUE,New Business / Add-on,Partner Referral,44940,Technology
FALSE,Existing Business,Phone Inquiry,12450,Healthcare
FALSE,Existing Business,Web,36870,Energy
FALSE,New Business / Add-on,Web,32700,Healthcare
TRUE,New Business / Add-on,Partner Referral,41760,Banking
FALSE,New Business / Add-on,Partner Referral,59850,Banking
FALSE,Existing Business,Partner Referral,65850,Technology
FALSE,Existing Business,Web,48510,Technology
FALSE,Existing Business,Phone Inquiry,12180,Healthcare
FALSE,Existing Business,Web,40680,Technology
TRUE,New Business / Add-on,Phone Inquiry,14430,Healthcare
FALSE,Existing Business,Phone Inquiry,11880,Energy
FALSE,Existing Business,Phone Inquiry,15420,Technology
FALSE,New Business,Web,33690,Banking
FALSE,Existing Business,Web,52020,Technology
FALSE,New Business / Add-on,Phone Inquiry,12240,Healthcare
FALSE,Existing Business,Phone Inquiry,11790,Healthcare
TRUE,New Business / Add-on,Web,30330,Banking
FALSE,New Business / Add-on,Web,32610,Healthcare
FALSE,New Business / Add-on,Partner Referral,64860,Energy
FALSE,New Business,Web,32670,Healthcare
FALSE,New Business / Add-on,Web,27210,Healthcare
FALSE,New Business,Web,35400,Healthcare
FALSE,New Business,Web,41670,Banking
TRUE,New Business / Add-on,Partner Referral,60330,Banking
FALSE,Existing Business,Web,38970,Energy
TRUE,New Business / Add-on,Phone Inquiry,12300,Healthcare
FALSE,New Business / Add-on,Phone Inquiry,11310,Healthcare
FALSE,New Business,Phone Inquiry,11880,Technology
FALSE,New Business / Add-on,Web,15030,Technology
TRUE,New Business / Add-on,Partner Referral,44880,Technology
FALSE,Existing Business,Partner Referral,68580,Energy
TRUE,New Business / Add-on,Web,14670,Banking
FALSE,Existing Business,Partner Referral,65520,Energy
FALSE,Existing Business,Web,27030,Technology
FALSE,New Business / Add-on,Web,30600,Healthcare
FALSE,Existing Business,Partner Referral,66270,Technology
FALSE,New Business / Add-on,Partner Referral,50790,Banking
FALSE,New Business,Web,36030,Healthcare
FALSE,New Business / Add-on,Web,26790,Technology
FALSE,New Business / Add-on,Partner Referral,55950,Technology
FALSE,New Business / Add-on,Phone Inquiry,12150,Healthcare
FALSE,Existing Business,Phone Inquiry,15270,Healthcare
FALSE,Existing Business,Phone Inquiry,12360,Healthcare
FALSE,New Business / Add-on,Partner Referral,56460,Banking
FALSE,New Business,Web,20880,Healthcare
FALSE,Existing Business,Web,36450,Technology
FALSE,New Business / Add-on,Web,30810,Banking
FALSE,Existing Business,Web,38430,Energy
FALSE,Existing Business,Web,50880,Technology
TRUE,New Business / Add-on,Partner Referral,42600,Energy
FALSE,New Business / Add-on,Web,30090,Healthcare
FALSE,Existing Business,Partner Referral,56760,Energy
FALSE,Existing Business,Web,35850,Healthcare
FALSE,New Business,Partner Referral,60150,Banking
FALSE,New Business / Add-on,Partner Referral,59340,Banking
FALSE,Existing Business,Partner Referral,58620,Energy
TRUE,New Business / Add-on,Web,24180,Banking
FALSE,New Business / Add-on,Web,36150,Technology
FALSE,New Business / Add-on,Web,33750,Banking
FALSE,Existing Business,Web,27720,Technology
TRUE,New Business / Add-on,Web,30360,Banking
FALSE,Existing Business,Phone Inquiry,14940,Healthcare
TRUE,New Business / Add-on,Partner Referral,50910,Banking
TRUE,New Business / Add-on,Web,39420,Healthcare
FALSE,Existing Business,Web,38010,Energy
FALSE,New Business / Add-on,Web,30060,Technology
TRUE,New Business / Add-on,Partner Referral,42300,Banking
TRUE,New Business / Add-on,Partner Referral,56910,Banking
FALSE,New Business / Add-on,Web,30090,Banking
TRUE,New Business / Add-on,Phone Inquiry,11850,Healthcare
FALSE,New Business,Web,38790,Technology
FALSE,Existing Business,Web,47760,Technology
FALSE,New Business,Phone Inquiry,11700,Healthcare
FALSE,Existing Business,Partner Referral,59730,Banking
FALSE,New Business / Add-on,Partner Referral,44400,Banking
FALSE,New Business / Add-on,Web,23340,Banking
FALSE,New Business / Add-on,Partner Referral,47730,Banking
TRUE,New Business / Add-on,Web,39270,Banking
TRUE,New Business / Add-on,Partner Referral,59220,Banking
FALSE,New Business / Add-on,Web,27780,Technology
FALSE,Existing Business,Partner Referral,59610,Energy
FALSE,New Business / Add-on,Partner Referral,57480,Banking
TRUE,New Business,Web,40500,Technology
FALSE,New Business / Add-on,Partner Referral,46890,Energy
FALSE,Existing Business,Phone Inquiry,15660,Healthcare
TRUE,New Business / Add-on,Partner Referral,41760,Banking
TRUE,New Business,Web,50610,Banking
TRUE,New Business / Add-on,Partner Referral,60120,Banking
TRUE,New Business / Add-on,Partner Referral,46830,Banking
FALSE,New Business,Web,24210,Energy
FALSE,Existing Business,Web,47520,Energy
FALSE,New Business / Add-on,Phone Inquiry,12540,Healthcare
TRUE,New Business / Add-on,Partner Referral,44160,Banking
TRUE,New Business / Add-on,Partner Referral,44850,Banking
FALSE,New Business / Add-on,Web,29940,Healthcare
FALSE,New Business / Add-on,Web,41340,Energy
FALSE,New Business / Add-on,Phone Inquiry,12150,Healthcare
FALSE,New Business / Add-on,Partner Referral,45600,Energy
FALSE,New Business / Add-on,Partner Referral,44400,Banking
FALSE,New Business / Add-on,Partner Referral,49380,Healthcare
FALSE,New Business / Add-on,Partner Referral,53640,Technology
FALSE,New Business / Add-on,Partner Referral,59490,Energy
TRUE,New Business / Add-on,Phone Inquiry,12120,Healthcare
FALSE,New Business / Add-on,Web,17670,Technology
FALSE,Existing Business,Phone Inquiry,11880,Banking
FALSE,New Business / Add-on,Web,35490,Technology
FALSE,New Business / Add-on,Web,26850,Banking
FALSE,Existing Business,Partner Referral,54480,Energy
FALSE,New Business / Add-on,Web,29730,Technology
FALSE,Existing Business,Partner Referral,64020,Energy
TRUE,New Business / Add-on,Partner Referral,56130,Banking
FALSE,Existing Business,Partner Referral,56670,Energy
FALSE,New Business,Phone Inquiry,11670,Technology
TRUE,New Business / Add-on,Web,15030,Banking
FALSE,Existing Business,Web,40770,Healthcare
FALSE,New Business,Web,39150,Technology
FALSE,New Business / Add-on,Partner Referral,59670,Technology
FALSE,New Business,Phone Inquiry,12210,Energy
FALSE,Existing Business,Phone Inquiry,11970,Healthcare
FALSE,New Business,Web,46440,Technology
FALSE,New Business,Phone Inquiry,11820,Technology
FALSE,Existing Business,Partner Referral,59820,Energy
FALSE,New Business / Add-on,Partner Referral,44880,Energy
FALSE,New Business,Phone Inquiry,11490,Healthcare
FALSE,New Business,Partner Referral,47370,Technology
TRUE,New Business / Add-on,Partner Referral,57330,Banking
FALSE,New Business,Web,37710,Energy
FALSE,New Business / Add-on,Partner Referral,42930,Energy
FALSE,New Business / Add-on,Partner Referral,56970,Banking
FALSE,New Business / Add-on,Partner Referral,51660,Energy
FALSE,New Business / Add-on,Phone Inquiry,11730,Healthcare
FALSE,Existing Business,Phone Inquiry,14880,Healthcare
TRUE,New Business / Add-on,Web,23580,Banking
FALSE,New Business / Add-on,Partner Referral,50430,Healthcare
FALSE,New Business / Add-on,Web,21750,Banking
TRUE,New Business / Add-on,Phone Inquiry,12150,Healthcare
TRUE,New Business / Add-on,Web,14340,Banking
FALSE,New Business / Add-on,Partner Referral,59160,Banking
FALSE,New Business / Add-on,Partner Referral,62190,Energy
FALSE,Existing Business,Web,55740,Energy
FALSE,New Business,Phone Inquiry,11940,Technology
FALSE,New Business / Add-on,Phone Inquiry,12060,Energy
TRUE,New Business / Add-on,Partner Referral,51270,Banking
FALSE,New Business / Add-on,Partner Referral,48300,Banking
TRUE,New Business,Partner Referral,59940,Technology
FALSE,New Business / Add-on,Web,23910,Banking
FALSE,New Business,Web,36300,Energy
TRUE,New Business / Add-on,Partner Referral,50880,Banking
FALSE,New Business / Add-on,Partner Referral,62310,Healthcare
FALSE,New Business / Add-on,Web,40680,Technology
TRUE,New Business / Add-on,Partner Referral,45120,Banking
FALSE,Existing Business,Phone Inquiry,14910,Technology
FALSE,New Business / Add-on,Phone Inquiry,11610,Energy
TRUE,Existing Business,Web,29610,Banking
FALSE,New Business / Add-on,Partner Referral,53400,Banking
FALSE,New Business / Add-on,Web,33000,Banking
FALSE,Existing Business,Web,45690,Technology
FALSE,New Business,Phone Inquiry,12180,Healthcare
TRUE,New Business / Add-on,Partner Referral,44940,Banking
FALSE,Existing Business,Partner Referral,70410,Energy
FALSE,New Business / Add-on,Phone Inquiry,11850,Healthcare
FALSE,New Business / Add-on,Web,27120,Energy
FALSE,Existing Business,Phone Inquiry,15120,Healthcare
FALSE,New Business / Add-on,Partner Referral,53850,Banking
FALSE,New Business,Web,45000,Technology
FALSE,New Business / Add-on,Web,29970,Healthcare
FALSE,Existing Business,Web,39420,Technology
FALSE,New Business,Web,40230,Energy
FALSE,Existing Business,Partner Referral,66540,Energy
FALSE,New Business / Add-on,Partner Referral,52770,Technology
FALSE,New Business,Phone Inquiry,11880,Energy
FALSE,New Business,Web,45420,Technology
FALSE,Existing Business,Web,37290,Healthcare
TRUE,New Business / Add-on,Partner Referral,60750,Banking
FALSE,Existing Business,Partner Referral,69090,Technology
TRUE,New Business / Add-on,Phone Inquiry,11370,Healthcare
FALSE,New Business / Add-on,Phone Inquiry,11700,Healthcare
FALSE,New Business / Add-on,Partner Referral,51930,Banking
TRUE,New Business / Add-on,Web,17160,Energy
FALSE,New Business,Phone Inquiry,12240,Healthcare
FALSE,New Business,Phone Inquiry,11880,Technology
FALSE,New Business / Add-on,Web,27390,Healthcare
FALSE,Existing Business,Web,33840,Healthcare
FALSE,New Business / Add-on,Partner Referral,43980,Energy
TRUE,New Business / Add-on,Web,14610,Banking
FALSE,New Business / Add-on,Partner Referral,60810,Banking
TRUE,New Business / Add-on,Partner Referral,59190,Banking
FALSE,New Business / Add-on,Web,20160,Healthcare
TRUE,New Business / Add-on,Partner Referral,47940,Technology
FALSE,New Business / Add-on,Phone Inquiry,12420,Banking
FALSE,Existing Business,Partner Referral,62430,Banking
FALSE,Existing Business,Phone Inquiry,12150,Technology
TRUE,New Business / Add-on,Partner Referral,61980,Banking
FALSE,New Business,Web,44220,Energy
TRUE,New Business / Add-on,Partner Referral,57720,Energy
FALSE,New Business / Add-on,Partner Referral,65250,Banking
FALSE,New Business,Phone Inquiry,12090,Technology
FALSE,New Business / Add-on,Phone Inquiry,11850,Energy
FALSE,Existing Business,Phone Inquiry,15570,Energy
FALSE,New Business / Add-on,Web,42030,Banking
FALSE,Existing Business,Phone Inquiry,14430,Healthcare
FALSE,New Business / Add-on,Partner Referral,50850,Banking
FALSE,Existing Business,Phone Inquiry,13830,Healthcare
TRUE,New Business,Partner Referral,62490,Banking
FALSE,Existing Business,Web,35970,Energy
FALSE,Existing Business,Phone Inquiry,11730,Technology
FALSE,New Business,Phone Inquiry,11760,Technology
FALSE,New Business,Phone Inquiry,12030,Healthcare
FALSE,New Business / Add-on,Partner Referral,51330,Banking
FALSE,Existing Business,Web,47160,Energy
FALSE,Existing Business,Partner Referral,70080,Energy
FALSE,New Business / Add-on,Web,26130,Healthcare
FALSE,New Business,Web,36480,Energy
FALSE,New Business / Add-on,Web,32940,Technology
FALSE,New Business,Web,39120,Banking
TRUE,New Business / Add-on,Partner Referral,61770,Energy
TRUE,New Business / Add-on,Partner Referral,54360,Banking
TRUE,New Business / Add-on,Web,30480,Technology
TRUE,New Business / Add-on,Partner Referral,54030,Banking
FALSE,Existing Business,Partner Referral,64920,Banking
FALSE,Existing Business,Web,55200,Technology
FALSE,New Business / Add-on,Partner Referral,45060,Banking
FALSE,New Business / Add-on,Phone Inquiry,15030,Technology
FALSE,New Business,Partner Referral,45090,Banking
FALSE,New Business,Phone Inquiry,11700,Healthcare
FALSE,New Business / Add-on,Phone Inquiry,11580,Energy
FALSE,New Business,Partner Referral,67320,Energy
FALSE,New Business / Add-on,Partner Referral,42180,Healthcare
FALSE,Existing Business,Phone Inquiry,11760,Healthcare
FALSE,New Business / Add-on,Phone Inquiry,12150,Healthcare
TRUE,New Business / Add-on,Partner Referral,45510,Banking
FALSE,Existing Business,Web,48390,Technology
TRUE,New Business / Add-on,Partner Referral,41100,Banking
FALSE,Existing Business,Partner Referral,69450,Energy
TRUE,New Business / Add-on,Partner Referral,44100,Banking
FALSE,Existing Business,Web,48360,Technology
TRUE,New Business / Add-on,Partner Referral,41970,Healthcare
FALSE,Existing Business,Web,35730,Technology
FALSE,New Business,Phone Inquiry,11430,Healthcare
FALSE,New Business,Partner Referral,57390,Banking
FALSE,New Business / Add-on,Phone Inquiry,11970,Energy
TRUE,New Business / Add-on,Web,42030,Banking
FALSE,New Business,Phone Inquiry,11640,Healthcare
FALSE,New Business,Web,21660,Energy
TRUE,New Business / Add-on,Partner Referral,56400,Banking
TRUE,New Business / Add-on,Web,36690,Healthcare
FALSE,New Business / Add-on,Phone Inquiry,11850,Healthcare
FALSE,New Business / Add-on,Web,38460,Energy
FALSE,Existing Business,Phone Inquiry,11850,Energy
FALSE,Existing Business,Phone Inquiry,11820,Healthcare
FALSE,Existing Business,Partner Referral,66120,Banking
FALSE,Existing Business,Partner Referral,63810,Energy
FALSE,New Business / Add-on,Partner Referral,54330,Banking
FALSE,New Business,Web,39540,Healthcare
FALSE,New Business,Partner Referral,62700,Energy
FALSE,Existing Business,Web,31500,Healthcare
FALSE,New Business / Add-on,Web,33660,Healthcare
FALSE,New Business / Add-on,Partner Referral,53250,Banking
TRUE,New Business / Add-on,Partner Referral,50670,Banking
TRUE,New Business,Web,45180,Healthcare
FALSE,Existing Business,Phone Inquiry,15600,Technology
FALSE,New Business / Add-on,Partner Referral,59640,Banking
TRUE,New Business,Partner Referral,65730,Healthcare
TRUE,New Business / Add-on,Phone Inquiry,11760,Healthcare
FALSE,New Business,Web,43890,Banking
FALSE,New Business,Web,32790,Healthcare
TRUE,New Business / Add-on,Web,39840,Technology
FALSE,Existing Business,Partner Referral,69330,Energy
FALSE,New Business / Add-on,Partner Referral,62670,Banking
TRUE,New Business / Add-on,Partner Referral,60030,Energy
TRUE,New Business,Partner Referral,61200,Banking
FALSE,Existing Business,Web,54690,Technology
FALSE,New Business,Partner Referral,53820,Banking
TRUE,New Business / Add-on,Partner Referral,54120,Energy
FALSE,Existing Business,Web,55440,Banking
FALSE,New Business,Phone Inquiry,11940,Healthcare
TRUE,Existing Business,Phone Inquiry,15090,Energy
TRUE,New Business / Add-on,Partner Referral,47910,Energy
FALSE,New Business,Phone Inquiry,11310,Technology
FALSE,New Business / Add-on,Phone Inquiry,15450,Healthcare
TRUE,New Business / Add-on,Web,29760,Healthcare
FALSE,New Business / Add-on,Phone Inquiry,12570,Healthcare
FALSE,New Business,Partner Referral,58230,Banking
FALSE,New Business / Add-on,Phone Inquiry,15240,Technology
FALSE,Existing Business,Phone Inquiry,11820,Technology
FALSE,New Business / Add-on,Web,21000,Healthcare
FALSE,New Business,Partner Referral,60750,Technology
FALSE,New Business / Add-on,Partner Referral,42120,Banking
FALSE,New Business / Add-on,Partner Referral,54570,Banking
FALSE,Existing Business,Web,44310,Energy
FALSE,New Business / Add-on,Partner Referral,52830,Banking
TRUE,New Business,Partner Referral,63570,Energy
TRUE,New Business / Add-on,Partner Referral,55110,Banking
FALSE,Existing Business,Phone Inquiry,12060,Healthcare
TRUE,New Business / Add-on,Web,24060,Banking
FALSE,Existing Business,Partner Referral,66180,Technology
TRUE,New Business / Add-on,Partner Referral,44340,Banking
TRUE,New Business / Add-on,Partner Referral,53880,Healthcare
FALSE,New Business,Partner Referral,51090,Energy
FALSE,New Business,Web,36570,Technology
TRUE,New Business / Add-on,Web,43350,Banking
FALSE,Existing Business,Web,44130,Healthcare
FALSE,New Business / Add-on,Web,27600,Healthcare
FALSE,New Business / Add-on,Web,35130,Technology
FALSE,New Business,Phone Inquiry,14760,Technology
FALSE,Existing Business,Phone Inquiry,11850,Healthcare
FALSE,New Business,Partner Referral,51810,Healthcare
FALSE,Existing Business,Phone Inquiry,15300,Healthcare
FALSE,New Business,Phone Inquiry,11400,Energy
FALSE,Existing Business,Phone Inquiry,11730,Healthcare
FALSE,New Business / Add-on,Partner Referral,66060,Energy
TRUE,New Business / Add-on,Partner Referral,57930,Banking
FALSE,New Business / Add-on,Partner Referral,41850,Banking
FALSE,New Business / Add-on,Web,30360,Banking
FALSE,Existing Business,Web,39360,Technology
TRUE,New Business / Add-on,Web,24060,Energy
FALSE,Existing Business,Web,49260,Energy
FALSE,New Business / Add-on,Partner Referral,47460,Healthcare
TRUE,New Business / Add-on,Partner Referral,60750,Banking
TRUE,New Business / Add-on,Partner Referral,47730,Banking
FALSE,Existing Business,Web,54390,Healthcare
FALSE,New Business,Phone Inquiry,12330,Energy
FALSE,New Business,Web,45450,Technology
FALSE,New Business,Partner Referral,66000,Energy
FALSE,New Business,Phone Inquiry,12510,Banking
FALSE,New Business / Add-on,Partner Referral,48210,Technology
FALSE,New Business / Add-on,Partner Referral,42090,Banking
TRUE,New Business,Partner Referral,50430,Banking
FALSE,New Business / Add-on,Web,40470,Banking
FALSE,New Business / Add-on,Phone Inquiry,12450,Energy
TRUE,New Business / Add-on,Partner Referral,53460,Banking
FALSE,New Business / Add-on,Partner Referral,41940,Healthcare
FALSE,New Business / Add-on,Web,30660,Banking
TRUE,New Business / Add-on,Partner Referral,56640,Banking
TRUE,New Business / Add-on,Partner Referral,46950,Banking
FALSE,Existing Business,Phone Inquiry,15330,Technology
FALSE,Existing Business,Web,36000,Technology
FALSE,New Business / Add-on,Partner Referral,54330,Energy
FALSE,New Business / Add-on,Partner Referral,45840,Banking
FALSE,New Business / Add-on,Partner Referral,50970,Banking
FALSE,Existing Business,Partner Referral,66060,Technology
FALSE,New Business / Add-on,Partner Referral,59790,Energy
FALSE,New Business / Add-on,Web,27240,Energy
FALSE,New Business,Web,41400,Energy
FALSE,New Business / Add-on,Web,29190,Technology
TRUE,New Business / Add-on,Web,26490,Banking
FALSE,Existing Business,Web,35910,Technology
TRUE,New Business / Add-on,Partner Referral,45450,Banking
FALSE,Existing Business,Web,48390,Banking
FALSE,New Business,Phone Inquiry,12330,Energy
FALSE,New Business / Add-on,Web,39840,Energy
FALSE,Existing Business,Partner Referral,60120,Healthcare
TRUE,New Business / Add-on,Phone Inquiry,11460,Healthcare
TRUE,New Business / Add-on,Partner Referral,48180,Banking
FALSE,New Business / Add-on,Web,26730,Energy
FALSE,New Business / Add-on,Phone Inquiry,12210,Healthcare
FALSE,New Business / Add-on,Partner Referral,55080,Banking
TRUE,New Business / Add-on,Partner Referral,44940,Banking
FALSE,Existing Business,Phone Inquiry,12120,Technology
FALSE,New Business / Add-on,Web,30210,Banking
FALSE,New Business / Add-on,Phone Inquiry,11280,Healthcare
FALSE,New Business / Add-on,Phone Inquiry,12270,Energy
FALSE,New Business,Web,38850,Banking
FALSE,New Business / Add-on,Partner Referral,59220,Energy
FALSE,New Business / Add-on,Partner Referral,53670,Banking
FALSE,New Business,Web,35250,Banking
FALSE,New Business,Phone Inquiry,12420,Energy
FALSE,New Business / Add-on,Partner Referral,51360,Technology
FALSE,Existing Business,Web,48180,Energy
FALSE,Existing Business,Web,47880,Energy
FALSE,New Business / Add-on,Partner Referral,47910,Banking
FALSE,New Business,Web,32460,Energy
TRUE,New Business / Add-on,Partner Referral,48510,Banking
TRUE,New Business / Add-on,Web,14850,Banking
FALSE,New Business,Web,48540,Healthcare
FALSE,New Business,Phone Inquiry,14700,Technology
FALSE,New Business / Add-on,Phone Inquiry,12090,Technology
FALSE,New Business,Phone Inquiry,12030,Healthcare
FALSE,Existing Business,Phone Inquiry,11760,Technology
FALSE,New Business,Partner Referral,68580,Technology
FALSE,New Business,Partner Referral,60180,Banking
FALSE,New Business / Add-on,Partner Referral,48000,Energy
FALSE,New Business,Phone Inquiry,12510,Technology
FALSE,Existing Business,Partner Referral,53970,Technology
TRUE,New Business / Add-on,Partner Referral,54510,Energy
FALSE,New Business / Add-on,Web,29250,Healthcare
FALSE,New Business,Web,48000,Energy
TRUE,New Business / Add-on,Partner Referral,47820,Technology
FALSE,New Business,Phone Inquiry,12210,Healthcare
TRUE,Existing Business,Web,34530,Technology
FALSE,New Business / Add-on,Phone Inquiry,12150,Healthcare
FALSE,Existing Business,Phone Inquiry,11640,Healthcare
FALSE,New Business / Add-on,Partner Referral,60240,Technology
FALSE,New Business / Add-on,Web,34770,Healthcare
FALSE,New Business / Add-on,Web,35700,Technology
FALSE,New Business / Add-on,Phone Inquiry,11520,Healthcare
TRUE,New Business / Add-on,Partner Referral,51900,Banking
FALSE,New Business / Add-on,Web,35730,Banking
TRUE,New Business / Add-on,Partner Referral,62370,Banking
TRUE,New Business / Add-on,Web,15060,Banking
FALSE,Existing Business,Partner Referral,62370,Technology
FALSE,Existing Business,Web,41370,Energy
FALSE,New Business / Add-on,Partner Referral,61860,Technology
FALSE,New Business / Add-on,Web,14820,Banking
FALSE,New Business / Add-on,Partner Referral,66120,Banking
TRUE,New Business / Add-on,Web,29370,Energy
FALSE,New Business / Add-on,Web,37470,Technology
FALSE,New Business / Add-on,Partner Referral,53730,Banking
TRUE,New Business / Add-on,Partner Referral,50130,Energy
FALSE,New Business / Add-on,Web,47340,Energy
FALSE,New Business / Add-on,Phone Inquiry,12210,Healthcare
FALSE,Existing Business,Web,42870,Technology
FALSE,Existing Business,Web,27810,Energy
FALSE,New Business / Add-on,Partner Referral,56790,Technology
FALSE,New Business / Add-on,Web,29940,Technology
FALSE,New Business,Phone Inquiry,15270,Technology
TRUE,New Business / Add-on,Partner Referral,53490,Banking
FALSE,New Business / Add-on,Phone Inquiry,12450,Healthcare
FALSE,Existing Business,Web,39660,Energy
FALSE,New Business / Add-on,Web,45240,Technology
TRUE,New Business / Add-on,Partner Referral,42270,Healthcare
TRUE,New Business,Web,36180,Energy
FALSE,New Business / Add-on,Phone Inquiry,12630,Energy
FALSE,New Business,Web,41610,Energy
FALSE,New Business / Add-on,Partner Referral,53310,Healthcare
FALSE,New Business,Partner Referral,58200,Technology
FALSE,New Business / Add-on,Web,39840,Energy
TRUE,New Business / Add-on,Web,14850,Banking
FALSE,New Business / Add-on,Web,41520,Healthcare
FALSE,New Business,Partner Referral,47700,Energy
FALSE,Existing Business,Partner Referral,60390,Energy
TRUE,New Business / Add-on,Partner Referral,61980,Banking
FALSE,Existing Business,Web,47820,Technology
FALSE,New Business / Add-on,Web,36840,Technology
FALSE,New Business / Add-on,Partner Referral,41880,Banking
FALSE,Existing Business,Web,24330,Healthcare
FALSE,New Business / Add-on,Partner Referral,45390,Banking
FALSE,New Business / Add-on,Partner Referral,54420,Banking
FALSE,New Business / Add-on,Partner Referral,48300,Technology
FALSE,New Business / Add-on,Web,36360,Banking
FALSE,Existing Business,Partner Referral,60690,Energy
FALSE,Existing Business,Phone Inquiry,14970,Healthcare
FALSE,Existing Business,Phone Inquiry,12180,Energy
FALSE,Existing Business,Web,36000,Banking
FALSE,Existing Business,Phone Inquiry,12150,Banking
TRUE,New Business / Add-on,Partner Referral,47100,Banking
FALSE,New Business / Add-on,Web,26850,Healthcare
TRUE,New Business / Add-on,Phone Inquiry,11910,Healthcare
FALSE,Existing Business,Partner Referral,58800,Energy
TRUE,New Business / Add-on,Partner Referral,47940,Banking
FALSE,New Business / Add-on,Partner Referral,64620,Banking
TRUE,New Business / Add-on,Partner Referral,59820,Banking
FALSE,Existing Business,Partner Referral,62820,Banking
TRUE,New Business / Add-on,Web,35160,Energy
FALSE,New Business / Add-on,Partner Referral,56340,Technology
FALSE,Existing Business,Web,51870,Energy
TRUE,New Business / Add-on,Partner Referral,59100,Banking
FALSE,New Business / Add-on,Phone Inquiry,11640,Healthcare
TRUE,New Business / Add-on,Web,30270,Healthcare
FALSE,Existing Business,Phone Inquiry,14970,Energy
FALSE,New Business / Add-on,Partner Referral,45000,Technology
TRUE,New Business / Add-on,Partner Referral,56790,Banking
TRUE,New Business / Add-on,Partner Referral,60150,Energy
FALSE,New Business / Add-on,Partner Referral,46920,Banking
FALSE,New Business / Add-on,Partner Referral,56520,Banking
TRUE,New Business / Add-on,Partner Referral,53070,Banking
TRUE,New Business / Add-on,Partner Referral,41910,Banking
TRUE,New Business / Add-on,Partner Referral,49020,Technology
FALSE,New Business,Web,30030,Banking
TRUE,New Business / Add-on,Partner Referral,47940,Banking
FALSE,New Business,Web,41730,Healthcare
TRUE,New Business / Add-on,Phone Inquiry,15240,Energy
FALSE,New Business,Partner Referral,54060,Energy
FALSE,New Business / Add-on,Web,26790,Technology
TRUE,New Business / Add-on,Partner Referral,50250,Technology
FALSE,Existing Business,Partner Referral,48210,Energy
FALSE,New Business / Add-on,Partner Referral,58860,Technology
FALSE,Existing Business,Web,32010,Energy
FALSE,New Business / Add-on,Phone Inquiry,11730,Banking
TRUE,New Business / Add-on,Phone Inquiry,12540,Healthcare
FALSE,New Business,Web,29370,Technology
FALSE,New Business / Add-on,Web,32520,Banking
FALSE,Existing Business,Phone Inquiry,14670,Banking
TRUE,New Business / Add-on,Partner Referral,41640,Healthcare
FALSE,New Business / Add-on,Web,24090,Technology
TRUE,New Business / Add-on,Partner Referral,44940,Banking
FALSE,Existing Business,Phone Inquiry,15360,Energy
FALSE,New Business / Add-on,Partner Referral,42210,Banking
FALSE,Existing Business,Web,55020,Technology
FALSE,New Business / Add-on,Partner Referral,53520,Healthcare
FALSE,New Business,Phone Inquiry,14460,Energy
TRUE,New Business / Add-on,Partner Referral,44490,Energy
FALSE,New Business,Web,32310,Technology
FALSE,New Business,Partner Referral,69360,Technology
FALSE,New Business / Add-on,Phone Inquiry,11850,Energy
FALSE,Existing Business,Phone Inquiry,14430,Technology
FALSE,Existing Business,Phone Inquiry,15180,Energy
FALSE,New Business / Add-on,Partner Referral,50580,Banking
TRUE,New Business / Add-on,Partner Referral,42060,Banking
FALSE,Existing Business,Web,53850,Energy
FALSE,New Business,Partner Referral,58770,Banking
FALSE,New Business,Phone Inquiry,12000,Healthcare
TRUE,New Business / Add-on,Partner Referral,46980,Banking
FALSE,New Business,Partner Referral,62340,Energy
FALSE,Existing Business,Phone Inquiry,12420,Energy
TRUE,New Business / Add-on,Partner Referral,58080,Banking
TRUE,New Business / Add-on,Partner Referral,56640,Banking
FALSE,New Business,Phone Inquiry,12090,Energy
FALSE,Existing Business,Phone Inquiry,15600,Healthcare
FALSE,Existing Business,Web,46410,Energy
FALSE,New Business / Add-on,Web,39630,Technology
FALSE,New Business / Add-on,Phone Inquiry,11940,Healthcare
TRUE,New Business / Add-on,Partner Referral,50580,Banking
FALSE,New Business / Add-on,Web,40890,Energy
FALSE,New Business,Web,48510,Banking
FALSE,Existing Business,Web,45300,Technology
TRUE,Existing Business,Web,55470,Energy
FALSE,New Business / Add-on,Partner Referral,48360,Banking
FALSE,New Business / Add-on,Partner Referral,49920,Technology
FALSE,Existing Business,Web,52530,Technology
TRUE,New Business / Add-on,Partner Referral,59730,Banking
TRUE,New Business / Add-on,Partner Referral,48750,Banking
FALSE,New Business,Partner Referral,65640,Technology
TRUE,New Business / Add-on,Phone Inquiry,11970,Technology
FALSE,New Business / Add-on,Web,27330,Banking
FALSE,New Business,Phone Inquiry,12420,Energy
FALSE,New Business / Add-on,Partner Referral,45180,Banking
TRUE,New Business / Add-on,Partner Referral,59550,Banking
FALSE,New Business / Add-on,Partner Referral,56040,Energy
FALSE,New Business / Add-on,Partner Referral,44250,Energy
TRUE,Existing Business,Partner Referral,48270,Banking
FALSE,New Business / Add-on,Partner Referral,52890,Energy
FALSE,New Business / Add-on,Web,29520,Healthcare
FALSE,Existing Business,Phone Inquiry,11790,Healthcare
TRUE,New Business / Add-on,Partner Referral,47610,Technology
TRUE,New Business / Add-on,Partner Referral,47850,Banking
FALSE,Existing Business,Partner Referral,63090,Technology
FALSE,New Business / Add-on,Web,29400,Energy
TRUE,New Business / Add-on,Partner Referral,60030,Banking
TRUE,New Business / Add-on,Partner Referral,41610,Banking
FALSE,New Business / Add-on,Web,29880,Healthcare
TRUE,New Business / Add-on,Partner Referral,51480,Banking
TRUE,Existing Business,Web,47820,Banking
FALSE,New Business / Add-on,Phone Inquiry,12570,Technology
TRUE,New Business / Add-on,Web,30330,Healthcare
FALSE,New Business / Add-on,Partner Referral,47580,Healthcare
FALSE,New Business,Phone Inquiry,11700,Technology
TRUE,New Business / Add-on,Partner Referral,48330,Banking
FALSE,New Business / Add-on,Web,26490,Technology
TRUE,New Business / Add-on,Partner Referral,50700,Banking
FALSE,New Business / Add-on,Partner Referral,63300,Banking
TRUE,New Business / Add-on,Partner Referral,50580,Healthcare
FALSE,New Business / Add-on,Partner Referral,55620,Energy
FALSE,Existing Business,Phone Inquiry,15750,Technology
FALSE,New Business / Add-on,Partner Referral,58170,Energy
FALSE,New Business / Add-on,Phone Inquiry,12270,Energy
FALSE,Existing Business,Partner Referral,69480,Technology
FALSE,New Business / Add-on,Partner Referral,64920,Technology
FALSE,Existing Business,Phone Inquiry,12120,Healthcare
TRUE,New Business / Add-on,Partner Referral,40650,Banking
FALSE,New Business,Web,32940,Energy
TRUE,New Business / Add-on,Partner Referral,51150,Banking
FALSE,New Business / Add-on,Phone Inquiry,12090,Technology
FALSE,New Business,Partner Referral,54210,Banking
FALSE,New Business / Add-on,Web,33450,Banking
FALSE,Existing Business,Partner Referral,68760,Technology
TRUE,New Business / Add-on,Partner Referral,48030,Technology
TRUE,New Business / Add-on,Phone Inquiry,12000,Healthcare
FALSE,New Business,Web,40080,Technology
FALSE,New Business,Partner Referral,60180,Banking
FALSE,New Business / Add-on,Partner Referral,63210,Banking
FALSE,New Business,Partner Referral,51120,Banking
TRUE,New Business / Add-on,Web,29280,Energy
FALSE,New Business / Add-on,Phone Inquiry,11370,Healthcare
FALSE,New Business / Add-on,Partner Referral,41880,Technology
FALSE,New Business / Add-on,Partner Referral,63690,Banking
FALSE,Existing Business,Phone Inquiry,12330,Banking
FALSE,New Business,Partner Referral,63450,Energy
FALSE,New Business / Add-on,Phone Inquiry,15150,Healthcare
FALSE,New Business / Add-on,Phone Inquiry,11850,Banking
FALSE,New Business,Partner Referral,62910,Banking
FALSE,New Business / Add-on,Web,36570,Healthcare
FALSE,New Business / Add-on,Partner Referral,48690,Banking
FALSE,Existing Business,Phone Inquiry,11460,Energy
FALSE,Existing Business,Phone Inquiry,12480,Healthcare
FALSE,Existing Business,Web,54090,Energy
FALSE,Existing Business,Web,54060,Banking
FALSE,Existing Business,Web,44460,Energy
TRUE,New Business / Add-on,Partner Referral,51030,Banking
FALSE,Existing Business,Partner Referral,71250,Technology
FALSE,New Business / Add-on,Partner Referral,51540,Energy
FALSE,New Business / Add-on,Partner Referral,57000,Energy
FALSE,Existing Business,Phone Inquiry,12090,Healthcare
FALSE,Existing Business,Partner Referral,60780,Energy
FALSE,New Business / Add-on,Phone Inquiry,12720,Banking
FALSE,New Business,Phone Inquiry,14520,Healthcare
FALSE,New Business / Add-on,Phone Inquiry,12180,Technology
TRUE,New Business / Add-on,Partner Referral,61680,Banking
FALSE,Existing Business,Web,51180,Technology
FALSE,New Business,Partner Referral,53760,Energy
TRUE,New Business / Add-on,Partner Referral,59970,Healthcare
FALSE,New Business / Add-on,Web,33750,Healthcare
FALSE,New Business,Web,30570,Technology
FALSE,Existing Business,Partner Referral,69510,Healthcare
FALSE,New Business / Add-on,Partner Referral,62190,Technology
FALSE,Existing Business,Phone Inquiry,15660,Healthcare
FALSE,New Business / Add-on,Web,21060,Healthcare
FALSE,New Business / Add-on,Partner Referral,59460,Technology
FALSE,Existing Business,Web,40350,Healthcare
FALSE,Existing Business,Phone Inquiry,15000,Healthcare
FALSE,New Business / Add-on,Web,35730,Healthcare
FALSE,Existing Business,Web,46680,Technology
FALSE,New Business,Web,33060,Healthcare
TRUE,New Business,Partner Referral,70680,Technology
FALSE,Existing Business,Phone Inquiry,14490,Energy
FALSE,Existing Business,Web,27150,Healthcare
TRUE,New Business / Add-on,Partner Referral,47700,Banking
FALSE,New Business / Add-on,Phone Inquiry,12150,Healthcare
FALSE,Existing Business,Web,38850,Technology
FALSE,New Business / Add-on,Web,32760,Technology
FALSE,New Business / Add-on,Phone Inquiry,12420,Technology
FALSE,New Business / Add-on,Partner Referral,56850,Banking
TRUE,New Business / Add-on,Partner Referral,47790,Technology
FALSE,Existing Business,Partner Referral,69480,Energy
FALSE,New Business / Add-on,Web,29670,Banking
FALSE,New Business / Add-on,Partner Referral,50280,Energy
FALSE,New Business / Add-on,Partner Referral,57210,Technology
TRUE,New Business / Add-on,Partner Referral,56820,Banking
FALSE,New Business / Add-on,Partner Referral,44430,Technology
FALSE,New Business / Add-on,Partner Referral,53760,Technology
FALSE,New Business,Partner Referral,69960,Energy
FALSE,New Business / Add-on,Web,32520,Technology
FALSE,New Business / Add-on,Phone Inquiry,11580,Healthcare
FALSE,New Business / Add-on,Web,39030,Healthcare
TRUE,New Business / Add-on,Partner Referral,55500,Banking
TRUE,New Business / Add-on,Phone Inquiry,11670,Healthcare
FALSE,Existing Business,Phone Inquiry,14430,Technology
FALSE,New Business / Add-on,Phone Inquiry,11250,Technology
FALSE,Existing Business,Phone Inquiry,12090,Technology
FALSE,New Business,Phone Inquiry,12000,Technology
FALSE,New Business,Web,42600,Technology
TRUE,New Business / Add-on,Partner Referral,45330,Banking
FALSE,New Business / Add-on,Partner Referral,56160,Banking
TRUE,New Business / Add-on,Partner Referral,42000,Banking
FALSE,New Business / Add-on,Web,14640,Healthcare
TRUE,Existing Business,Web,44880,Technology
FALSE,New Business / Add-on,Web,39150,Healthcare
FALSE,New Business / Add-on,Web,30330,Healthcare
TRUE,New Business / Add-on,Partner Referral,62640,Banking
FALSE,New Business / Add-on,Partner Referral,42420,Healthcare
FALSE,New Business / Add-on,Web,27150,Healthcare
FALSE,New Business / Add-on,Partner Referral,42180,Banking
FALSE,Existing Business,Partner Referral,65370,Energy
FALSE,New Business / Add-on,Phone Inquiry,15870,Healthcare
TRUE,New Business / Add-on,Partner Referral,51720,Banking
FALSE,New Business,Phone Inquiry,11790,Energy
TRUE,New Business / Add-on,Web,30720,Energy
FALSE,New Business,Phone Inquiry,11430,Banking
FALSE,New Business,Web,44850,Healthcare
FALSE,New Business / Add-on,Partner Referral,45480,Technology
FALSE,New Business / Add-on,Web,15060,Energy
FALSE,New Business / Add-on,Web,26670,Healthcare
FALSE,Existing Business,Partner Referral,62580,Energy
TRUE,New Business / Add-on,Phone Inquiry,11700,Healthcare
FALSE,Existing Business,Web,53400,Technology
FALSE,New Business / Add-on,Phone Inquiry,12090,Energy
TRUE,New Business / Add-on,Partner Referral,44940,Banking
TRUE,New Business / Add-on,Partner Referral,44940,Energy
FALSE,Existing Business,Web,21690,Technology
FALSE,New Business / Add-on,Phone Inquiry,11520,Energy
FALSE,New Business / Add-on,Phone Inquiry,11550,Technology
FALSE,New Business / Add-on,Web,36720,Energy
FALSE,Existing Business,Phone Inquiry,12270,Healthcare
FALSE,New Business / Add-on,Web,21030,Technology
TRUE,New Business / Add-on,Partner Referral,60150,Banking
FALSE,New Business / Add-on,Web,26400,Healthcare
TRUE,New Business / Add-on,Partner Referral,61680,Healthcare
FALSE,New Business,Web,30210,Healthcare
TRUE,New Business,Partner Referral,60000,Banking
FALSE,New Business / Add-on,Phone Inquiry,12000,Banking
TRUE,New Business / Add-on,Partner Referral,59910,Banking
TRUE,New Business / Add-on,Partner Referral,56520,Technology
FALSE,Existing Business,Web,51840,Technology
FALSE,New Business / Add-on,Web,35040,Energy
TRUE,New Business / Add-on,Partner Referral,50310,Banking
TRUE,New Business / Add-on,Partner Referral,52980,Energy
FALSE,New Business / Add-on,Partner Referral,56460,Banking
TRUE,New Business,Partner Referral,62430,Technology
FALSE,Existing Business,Partner Referral,65340,Energy
FALSE,Existing Business,Partner Referral,64440,Technology
TRUE,New Business / Add-on,Partner Referral,56820,Energy
FALSE,New Business / Add-on,Partner Referral,54510,Banking
FALSE,New Business / Add-on,Phone Inquiry,11940,Banking
FALSE,New Business / Add-on,Web,39840,Energy
TRUE,New Business / Add-on,Partner Referral,60390,Technology
FALSE,New Business / Add-on,Partner Referral,60420,Technology
FALSE,Existing Business,Phone Inquiry,15360,Energy
FALSE,New Business / Add-on,Phone Inquiry,11910,Healthcare
FALSE,New Business,Phone Inquiry,12450,Healthcare
FALSE,Existing Business,Partner Referral,57480,Banking
FALSE,New Business / Add-on,Partner Referral,56790,Banking
TRUE,Existing Business,Web,48330,Technology
FALSE,Existing Business,Partner Referral,63990,Energy
FALSE,New Business / Add-on,Web,27510,Healthcare
FALSE,New Business / Add-on,Partner Referral,62610,Banking
FALSE,New Business,Web,33270,Banking
TRUE,New Business / Add-on,Partner Referral,47310,Banking
FALSE,New Business / Add-on,Web,36690,Banking
FALSE,New Business / Add-on,Partner Referral,47370,Banking
TRUE,New Business / Add-on,Web,26670,Healthcare
FALSE,New Business,Partner Referral,65520,Energy
FALSE,Existing Business,Web,36780,Energy
FALSE,New Business / Add-on,Partner Referral,58110,Banking
FALSE,Existing Business,Web,24330,Healthcare
FALSE,New Business,Phone Inquiry,11880,Healthcare
FALSE,New Business,Partner Referral,64950,Banking
FALSE,New Business,Partner Referral,63030,Technology
FALSE,Existing Business,Web,54270,Healthcare
FALSE,Existing Business,Web,51840,Energy
FALSE,Existing Business,Web,40140,Technology
FALSE,New Business,Partner Referral,66420,Banking
FALSE,New Business,Phone Inquiry,12000,Healthcare
TRUE,New Business / Add-on,Partner Referral,50940,Banking
FALSE,New Business,Partner Referral,61260,Banking
TRUE,New Business / Add-on,Phone Inquiry,12150,Healthcare
FALSE,New Business,Web,42090,Energy
TRUE,New Business / Add-on,Partner Referral,44610,Banking
FALSE,New Business,Web,48030,Technology
TRUE,New Business / Add-on,Web,37230,Healthcare
FALSE,Existing Business,Web,29520,Banking
FALSE,Existing Business,Phone Inquiry,12300,Technology
FALSE,Existing Business,Web,22950,Healthcare
FALSE,Existing Business,Web,32970,Energy
FALSE,New Business / Add-on,Partner Referral,57960,Technology
FALSE,New Business,Phone Inquiry,11940,Healthcare
FALSE,Existing Business,Phone Inquiry,11940,Energy
FALSE,New Business / Add-on,Partner Referral,50760,Banking
TRUE,New Business,Web,48000,Energy
FALSE,New Business,Web,51150,Technology
FALSE,Existing Business,Web,48750,Energy
FALSE,Existing Business,Partner Referral,69300,Technology
TRUE,New Business / Add-on,Partner Referral,62460,Healthcare
FALSE,New Business / Add-on,Partner Referral,47400,Technology
TRUE,New Business / Add-on,Web,23460,Technology
FALSE,New Business / Add-on,Partner Referral,56790,Banking
FALSE,Existing Business,Phone Inquiry,12480,Healthcare
FALSE,Existing Business,Web,35700,Energy
FALSE,Existing Business,Phone Inquiry,12030,Technology
FALSE,New Business / Add-on,Partner Referral,60270,Banking
TRUE,New Business / Add-on,Partner Referral,45900,Banking
FALSE,New Business,Phone Inquiry,12360,Technology
FALSE,New Business,Phone Inquiry,12180,Energy
TRUE,New Business / Add-on,Web,29520,Banking
FALSE,New Business,Web,23730,Healthcare
TRUE,New Business / Add-on,Phone Inquiry,13890,Energy
FALSE,New Business,Phone Inquiry,12270,Healthcare
TRUE,New Business / Add-on,Partner Referral,48510,Banking
FALSE,Existing Business,Phone Inquiry,15150,Technology
FALSE,New Business / Add-on,Partner Referral,54750,Banking
FALSE,New Business / Add-on,Web,43470,Technology
TRUE,New Business / Add-on,Web,36060,Healthcare
FALSE,Existing Business,Phone Inquiry,11820,Technology
TRUE,New Business / Add-on,Partner Referral,47370,Banking
FALSE,New Business,Web,45060,Banking
FALSE,Existing Business,Phone Inquiry,15000,Technology
FALSE,New Business / Add-on,Partner Referral,41490,Energy
FALSE,New Business / Add-on,Partner Referral,54930,Banking
TRUE,New Business / Add-on,Web,27090,Banking
FALSE,Existing Business,Web,21480,Energy
FALSE,Existing Business,Partner Referral,67890,Energy
FALSE,New Business,Phone Inquiry,11910,Energy
FALSE,Existing Business,Phone Inquiry,11880,Energy
FALSE,New Business,Phone Inquiry,11940,Banking
FALSE,New Business,Phone Inquiry,11820,Healthcare
TRUE,New Business / Add-on,Partner Referral,47640,Banking
FALSE,New Business,Web,35460,Technology
TRUE,New Business,Web,32370,Healthcare
FALSE,New Business,Partner Referral,54690,Banking
TRUE,New Business / Add-on,Partner Referral,59580,Energy
FALSE,New Business / Add-on,Partner Referral,41370,Banking
FALSE,New Business / Add-on,Web,30930,Healthcare
FALSE,Existing Business,Phone Inquiry,14640,Healthcare
FALSE,New Business / Add-on,Partner Referral,58080,Banking
FALSE,New Business / Add-on,Partner Referral,42030,Healthcare
FALSE,Existing Business,Phone Inquiry,11700,Energy
FALSE,New Business / Add-on,Partner Referral,47250,Healthcare
FALSE,New Business,Web,41520,Banking
FALSE,New Business / Add-on,Phone Inquiry,11730,Healthcare
TRUE,New Business / Add-on,Partner Referral,48390,Banking
FALSE,Existing Business,Partner Referral,62190,Banking
FALSE,New Business / Add-on,Web,32820,Healthcare
FALSE,Existing Business,Web,32490,Energy
TRUE,New Business / Add-on,Partner Referral,42660,Healthcare
FALSE,New Business / Add-on,Partner Referral,50910,Banking
FALSE,New Business / Add-on,Phone Inquiry,12000,Technology
TRUE,New Business,Partner Referral,63750,Banking
FALSE,New Business,Partner Referral,59550,Energy
FALSE,New Business / Add-on,Phone Inquiry,11610,Healthcare
TRUE,New Business,Phone Inquiry,12480,Technology
FALSE,New Business,Partner Referral,56850,Banking
FALSE,Existing Business,Partner Referral,68430,Energy
FALSE,New Business / Add-on,Partner Referral,44940,Technology
FALSE,New Business / Add-on,Phone Inquiry,11880,Technology
TRUE,New Business / Add-on,Partner Referral,56400,Banking
FALSE,Existing Business,Web,48510,Technology
FALSE,New Business / Add-on,Web,32790,Technology
FALSE,New Business / Add-on,Partner Referral,55020,Technology
FALSE,New Business,Partner Referral,71160,Banking
FALSE,Existing Business,Phone Inquiry,14730,Healthcare
FALSE,New Business,Phone Inquiry,11670,Healthcare
FALSE,Existing Business,Partner Referral,69690,Energy
FALSE,Existing Business,Web,48360,Banking
FALSE,New Business / Add-on,Phone Inquiry,12180,Technology
TRUE,New Business / Add-on,Partner Referral,53910,Banking
TRUE,New Business / Add-on,Web,27600,Healthcare
TRUE,New Business / Add-on,Web,39750,Healthcare
FALSE,New Business / Add-on,Partner Referral,59880,Banking
TRUE,New Business / Add-on,Partner Referral,54000,Banking
TRUE,New Business,Partner Referral,42270,Technology
FALSE,New Business,Web,45000,Energy
FALSE,New Business / Add-on,Phone Inquiry,11940,Healthcare
FALSE,New Business,Partner Referral,48180,Energy
TRUE,Existing Business,Phone Inquiry,11850,Technology
FALSE,Existing Business,Web,50580,Banking
FALSE,New Business,Web,32430,Technology
FALSE,Existing Business,Partner Referral,62940,Energy
TRUE,New Business / Add-on,Web,32370,Banking
FALSE,New Business,Partner Referral,58350,Energy
FALSE,New Business / Add-on,Partner Referral,49830,Banking
TRUE,New Business / Add-on,Partner Referral,63300,Banking
TRUE,New Business / Add-on,Partner Referral,48600,Banking
FALSE,New Business / Add-on,Web,24660,Technology
FALSE,New Business / Add-on,Web,27000,Technology
FALSE,Existing Business,Web,44730,Technology
FALSE,New Business,Web,24120,Healthcare
FALSE,New Business,Web,42300,Healthcare
FALSE,New Business,Phone Inquiry,11850,Healthcare
FALSE,Existing Business,Phone Inquiry,14790,Technology
FALSE,New Business / Add-on,Partner Referral,62550,Banking
FALSE,New Business / Add-on,Web,47010,Technology
TRUE,New Business / Add-on,Partner Referral,41880,Banking
FALSE,New Business,Partner Referral,65820,Energy
TRUE,New Business / Add-on,Partner Referral,44250,Healthcare
FALSE,New Business / Add-on,Web,20070,Energy
FALSE,New Business / Add-on,Partner Referral,56760,Banking
TRUE,New Business / Add-on,Web,32730,Banking
FALSE,Existing Business,Phone Inquiry,12120,Technology
FALSE,New Business,Phone Inquiry,12180,Technology
FALSE,Existing Business,Web,23640,Energy
FALSE,New Business / Add-on,Partner Referral,41490,Technology
TRUE,New Business / Add-on,Partner Referral,45750,Banking
TRUE,New Business / Add-on,Partner Referral,56340,Healthcare
FALSE,New Business,Web,30810,Banking
FALSE,New Business,Partner Referral,60030,Energy
TRUE,New Business / Add-on,Partner Referral,42240,Banking
FALSE,Existing Business,Phone Inquiry,12180,Energy
FALSE,New Business,Partner Referral,56670,Energy
FALSE,New Business,Web,27840,Energy
FALSE,Existing Business,Partner Referral,62430,Energy
TRUE,New Business / Add-on,Partner Referral,54690,Banking
FALSE,New Business / Add-on,Web,14940,Energy
FALSE,New Business,Web,35760,Healthcare
FALSE,Existing Business,Partner Referral,65100,Energy
FALSE,Existing Business,Web,24330,Healthcare
FALSE,New Business,Web,35370,Technology
TRUE,New Business / Add-on,Partner Referral,42570,Banking
FALSE,Existing Business,Phone Inquiry,12450,Healthcare
FALSE,New Business,Partner Referral,67890,Technology
FALSE,New Business / Add-on,Web,29280,Banking
FALSE,New Business / Add-on,Web,37830,Technology
FALSE,New Business / Add-on,Partner Referral,60510,Banking
TRUE,New Business / Add-on,Partner Referral,59700,Banking
FALSE,New Business / Add-on,Partner Referral,48330,Healthcare
FALSE,New Business,Web,38640,Technology
FALSE,New Business,Web,45120,Energy
FALSE,Existing Business,Web,50940,Technology
FALSE,New Business / Add-on,Phone Inquiry,11580,Healthcare
TRUE,New Business / Add-on,Partner Referral,50340,Energy
TRUE,New Business / Add-on,Partner Referral,70470,Banking
TRUE,New Business / Add-on,Partner Referral,62640,Banking
FALSE,New Business,Web,44790,Energy
FALSE,New Business / Add-on,Web,35430,Energy
FALSE,New Business,Web,41460,Energy
FALSE,Existing Business,Phone Inquiry,12330,Healthcare
FALSE,New Business / Add-on,Partner Referral,45930,Technology
FALSE,Existing Business,Web,37500,Technology
TRUE,New Business / Add-on,Web,17640,Banking
FALSE,New Business / Add-on,Partner Referral,56940,Technology
FALSE,Existing Business,Partner Referral,66990,Technology
FALSE,New Business,Phone Inquiry,11940,Healthcare
FALSE,New Business / Add-on,Phone Inquiry,12270,Healthcare
FALSE,New Business,Partner Referral,63630,Banking
FALSE,New Business,Partner Referral,68070,Technology
FALSE,New Business / Add-on,Partner Referral,55530,Banking
FALSE,New Business / Add-on,Web,39360,Banking
FALSE,New Business / Add-on,Partner Referral,50610,Banking
TRUE,New Business / Add-on,Web,26790,Healthcare
FALSE,New Business,Web,42660,Energy
FALSE,New Business / Add-on,Partner Referral,51090,Banking
FALSE,New Business / Add-on,Web,29820,Healthcare
FALSE,New Business / Add-on,Web,18120,Technology
TRUE,New Business / Add-on,Web,15150,Banking
TRUE,New Business / Add-on,Partner Referral,50430,Technology
TRUE,New Business / Add-on,Partner Referral,51420,Banking
TRUE,New Business / Add-on,Partner Referral,44820,Banking
FALSE,New Business / Add-on,Web,33810,Energy
TRUE,New Business / Add-on,Partner Referral,54480,Banking
FALSE,New Business / Add-on,Partner Referral,64530,Banking
FALSE,Existing Business,Phone Inquiry,11910,Healthcare
FALSE,Existing Business,Partner Referral,57540,Technology
FALSE,Existing Business,Phone Inquiry,14310,Healthcare
TRUE,New Business / Add-on,Partner Referral,63690,Banking
FALSE,Existing Business,Web,50310,Energy
TRUE,New Business,Web,51210,Technology
FALSE,Existing Business,Partner Referral,50880,Energy
TRUE,New Business / Add-on,Partner Referral,54510,Banking
FALSE,Existing Business,Web,45660,Technology
FALSE,Existing Business,Web,44730,Healthcare
FALSE,New Business / Add-on,Web,23520,Banking
FALSE,New Business / Add-on,Partner Referral,47730,Banking
FALSE,New Business / Add-on,Phone Inquiry,11760,Healthcare
FALSE,Existing Business,Phone Inquiry,11730,Energy
FALSE,Existing Business,Web,23490,Energy
FALSE,Existing Business,Phone Inquiry,12060,Technology
FALSE,New Business / Add-on,Partner Referral,59970,Energy
FALSE,New Business / Add-on,Web,35880,Banking
FALSE,New Business / Add-on,Web,29850,Technology
TRUE,New Business / Add-on,Web,21450,Banking
FALSE,New Business,Partner Referral,65100,Healthcare
FALSE,Existing Business,Web,36090,Energy
FALSE,Existing Business,Phone Inquiry,11430,Healthcare
TRUE,New Business / Add-on,Web,27600,Banking
FALSE,New Business,Web,50400,Technology
FALSE,New Business / Add-on,Web,26730,Energy
FALSE,New Business / Add-on,Partner Referral,62070,Banking
FALSE,New Business,Partner Referral,48390,Energy
FALSE,New Business / Add-on,Web,34320,Healthcare
FALSE,Existing Business,Partner Referral,66450,Banking
FALSE,New Business,Phone Inquiry,14820,Energy
FALSE,New Business / Add-on,Partner Referral,58230,Banking
FALSE,New Business,Web,45810,Healthcare
TRUE,New Business / Add-on,Partner Referral,53640,Banking
FALSE,New Business / Add-on,Phone Inquiry,11340,Healthcare
FALSE,New Business / Add-on,Partner Referral,44670,Technology
TRUE,New Business / Add-on,Phone Inquiry,11880,Healthcare
TRUE,New Business / Add-on,Web,30540,Banking
FALSE,Existing Business,Web,50640,Energy
FALSE,New Business / Add-on,Phone Inquiry,14640,Healthcare
FALSE,Existing Business,Phone Inquiry,12030,Healthcare
TRUE,New Business / Add-on,Partner Referral,48600,Banking
TRUE,New Business / Add-on,Partner Referral,59010,Banking
FALSE,New Business / Add-on,Web,33300,Energy
TRUE,New Business / Add-on,Web,30600,Healthcare
TRUE,New Business / Add-on,Partner Referral,54990,Banking
FALSE,New Business / Add-on,Partner Referral,50580,Banking
FALSE,New Business / Add-on,Partner Referral,60120,Banking
FALSE,Existing Business,Phone Inquiry,11640,Healthcare
TRUE,New Business / Add-on,Partner Referral,54510,Banking
TRUE,New Business / Add-on,Partner Referral,41640,Healthcare
TRUE,New Business / Add-on,Partner Referral,56670,Energy
FALSE,New Business / Add-on,Phone Inquiry,12240,Banking
FALSE,New Business / Add-on,Partner Referral,56850,Banking
TRUE,New Business / Add-on,Phone Inquiry,12090,Energy
TRUE,New Business / Add-on,Partner Referral,57420,Banking
FALSE,New Business / Add-on,Web,26610,Technology
FALSE,New Business / Add-on,Web,44730,Healthcare
FALSE,Existing Business,Web,44160,Banking
TRUE,New Business / Add-on,Partner Referral,44970,Technology
TRUE,New Business / Add-on,Web,28770,Banking
FALSE,New Business / Add-on,Web,30060,Energy
TRUE,New Business / Add-on,Web,38160,Banking
FALSE,Existing Business,Web,31800,Banking
FALSE,New Business / Add-on,Phone Inquiry,11910,Technology
FALSE,New Business,Web,14610,Energy
FALSE,New Business / Add-on,Phone Inquiry,11730,Healthcare
FALSE,Existing Business,Phone Inquiry,15030,Energy
FALSE,New Business / Add-on,Partner Referral,56280,Energy
TRUE,New Business / Add-on,Web,22110,Healthcare
FALSE,Existing Business,Partner Referral,62250,Technology
FALSE,Existing Business,Web,34050,Energy
FALSE,New Business,Phone Inquiry,12480,Energy
TRUE,New Business / Add-on,Web,26460,Banking
FALSE,Existing Business,Phone Inquiry,14670,Healthcare
FALSE,New Business,Phone Inquiry,15360,Technology
TRUE,New Business / Add-on,Web,30450,Banking
TRUE,New Business,Partner Referral,62640,Energy
TRUE,New Business / Add-on,Web,23580,Banking
FALSE,New Business / Add-on,Web,35790,Technology
FALSE,Existing Business,Web,49980,Technology
FALSE,New Business / Add-on,Partner Referral,47730,Energy
FALSE,Existing Business,Phone Inquiry,14670,Technology
FALSE,New Business,Phone Inquiry,11520,Healthcare
FALSE,New Business / Add-on,Web,17880,Healthcare
FALSE,New Business / Add-on,Web,27300,Healthcare
TRUE,New Business,Partner Referral,63870,Banking
FALSE,New Business / Add-on,Web,18030,Energy
FALSE,Existing Business,Web,39390,Technology
TRUE,New Business / Add-on,Partner Referral,57630,Banking
TRUE,New Business / Add-on,Partner Referral,45060,Technology
FALSE,Existing Business,Web,44430,Healthcare
TRUE,New Business / Add-on,Web,26820,Banking
FALSE,New Business,Partner Referral,66450,Technology
FALSE,Existing Business,Phone Inquiry,11820,Healthcare
FALSE,New Business / Add-on,Partner Referral,0,Banking